"id","scope_kind","feature","domain","original_type","original_audience","original_priority","original_prototype_target","original_scenarios","description","personas","journeys","screens","permission_contract","edge_cases","verification_status","observed_run_evidence","required_evidence","acceptance_checks","related_ids","implementation_status","evidence_basis","historical_audit_status","historical_audit_limitation","competitor_evidence","source_refs","delivery_scope","reconciled_on"
"A001","baseline","Google or email authentication","Identity","Inherited","All","not_assigned","not_assigned","not_assigned","Google or email authentication. Inherited behavior: Unified Lyzr profile. Preserve the capability in Kova subject to the related current-scope overrides; Architect observations do not establish Kova delivery.","Individual || Admin","J01 || J06","SC01 || SC02 || SC03","Account owner for own settings; Admin for membership, never self-escalation.","EC01 || EC02 || EC03 || EC11 || EC12","not_verified_in_this_pass","No new application or integration run performed in this documentation pass.","Record implementation revision, environment, actor/role/workspace, inputs, actual execution mode, expected/actual outcome, dated raw result and artifact links; execute listed EC cases. A screenshot or source code alone is insufficient.","Complete email and Google sign-in plus denied callback recovery; unauthenticated requests cannot read projects. || Exercise the linked edge cases (EC01, EC02, EC03, EC11, EC12); preserve drafts on recoverable failure and enforce the permission contract server-side.","","partial","E04 reports email/Google sign-in, signup validation, recovery and sign-out; E05 records a historical live Google test-user login. Public OAuth launch, MFA/passkeys/session management and a fresh end-to-end replay are not established.","Partial","Supabase email adapter exists but live authentication was not verified; no Google OAuth flow.","Docs verified; Official docs; Unified Lyzr profile. Evidence about Architect only.","E01 || E03#A001 || E04","committed_scope_not_completion","2026-09-25"
"A002","baseline","Organization-scoped workspace","Identity","Inherited","Teams","not_assigned","not_assigned","not_assigned","Organization-scoped workspace. Inherited behavior: Projects members and usage share org context. Preserve the capability in Kova subject to the related current-scope overrides; Architect observations do not establish Kova delivery.","Individual || Admin","J01 || J06","SC01 || SC02 || SC03","Account owner for own settings; Admin for membership, never self-escalation.","EC01 || EC02 || EC03 || EC11 || EC12","not_verified_in_this_pass","No new application or integration run performed in this documentation pass.","Record implementation revision, environment, actor/role/workspace, inputs, actual execution mode, expected/actual outcome, dated raw result and artifact links; execute listed EC cases. A screenshot or source code alone is insufficient.","Create two workspaces with different members; each project, usage view and resource stays scoped to its workspace. || Exercise the linked edge cases (EC01, EC02, EC03, EC11, EC12); preserve drafts on recoverable failure and enforce the permission contract server-side.","","partial","E04 reports cloud-backed personal/company membership, scoped invitations and owner protection; invitation delivery is absent. Fixture browser checks and rollback-only live SQL isolation checks are reported, not rerun here; complete member lifecycle remains unproven. E10 latest user/parent progress reports rootpersistent, DirectBuilder, BotPortal, BYOKPanel, MemoryPanel and organisation-intent sign-in implemented, currently under verification; row-level acceptance and run evidence are not yet supplied.","Pending","No verified implementation in this revision.","Live verified; 15-profile-organization-menu.png; Projects members and usage share org context. Evidence about Architect only.","E01 || E03#A002 || E04 || E10","committed_scope_not_completion","2026-09-25"
"A003","baseline","Organization switching","Identity","Inherited","Teams","not_assigned","not_assigned","not_assigned","Organization switching. Inherited behavior: Profile menu switcher. Preserve the capability in Kova subject to the related current-scope overrides; Architect observations do not establish Kova delivery.","Individual || Admin","J01 || J06","SC01 || SC02 || SC03","Account owner for own settings; Admin for membership, never self-escalation.","EC01 || EC02 || EC03 || EC11 || EC12","not_verified_in_this_pass","No new application or integration run performed in this documentation pass.","Record implementation revision, environment, actor/role/workspace, inputs, actual execution mode, expected/actual outcome, dated raw result and artifact links; execute listed EC cases. A screenshot or source code alone is insufficient.","Switch personal/company workspaces; clear prior subscriptions and caches before displaying the target workspace. || Exercise the linked edge cases (EC01, EC02, EC03, EC11, EC12); preserve drafts on recoverable failure and enforce the permission contract server-side.","","partial","E04 reports cloud-backed personal/company membership, scoped invitations and owner protection; invitation delivery is absent. Fixture browser checks and rollback-only live SQL isolation checks are reported, not rerun here; complete member lifecycle remains unproven. E10 latest user/parent progress reports rootpersistent, DirectBuilder, BotPortal, BYOKPanel, MemoryPanel and organisation-intent sign-in implemented, currently under verification; row-level acceptance and run evidence are not yet supplied.","Pending","No verified implementation in this revision.","Live verified; 15-profile-organization-menu.png; Profile menu switcher. Evidence about Architect only.","E01 || E03#A003 || E04 || E10","committed_scope_not_completion","2026-09-25"
"A004","baseline","Profile editing","Identity","Inherited","All","not_assigned","not_assigned","not_assigned","Profile editing. Inherited behavior: Account settings. Preserve the capability in Kova subject to the related current-scope overrides; Architect observations do not establish Kova delivery.","Individual || Admin","J01 || J06","SC01 || SC02 || SC03","Account owner for own settings; Admin for membership, never self-escalation.","EC01 || EC02 || EC03 || EC11 || EC12","not_verified_in_this_pass","No new application or integration run performed in this documentation pass.","Record implementation revision, environment, actor/role/workspace, inputs, actual execution mode, expected/actual outcome, dated raw result and artifact links; execute listed EC cases. A screenshot or source code alone is insufficient.","Edit allowed profile fields, save and reload; invalid input returns field errors without losing edits. || Exercise the linked edge cases (EC01, EC02, EC03, EC11, EC12); preserve drafts on recoverable failure and enforce the permission contract server-side. || Apply expanded acceptance in COR-005; these requirements supplement or correct this row.","COR-005","pending","E03 historical row reports Pending: No verified implementation in this revision. No newer row-specific verification reviewed.","Pending","No verified implementation in this revision.","Live verified; 14-account-overview.png; Account settings. Evidence about Architect only.","E01 || E03#A004","committed_scope_not_completion","2026-09-25"
"A005","baseline","Light and dark mode","Identity","Inherited","All","not_assigned","not_assigned","not_assigned","Light and dark mode. Inherited behavior: Global and builder controls. Preserve the capability in Kova subject to the related current-scope overrides; Architect observations do not establish Kova delivery.","Individual || Admin","J01 || J06","SC01 || SC02 || SC03","Account owner for own settings; Admin for membership, never self-escalation.","EC01 || EC02 || EC03 || EC11 || EC12","not_verified_in_this_pass","No new application or integration run performed in this documentation pass.","Record implementation revision, environment, actor/role/workspace, inputs, actual execution mode, expected/actual outcome, dated raw result and artifact links; execute listed EC cases. A screenshot or source code alone is insufficient.","Toggle light/dark, reload and change sections; saved theme and readable focus/contrast persist. || Exercise the linked edge cases (EC01, EC02, EC03, EC11, EC12); preserve drafts on recoverable failure and enforce the permission contract server-side.","","partial","E04 reports six IDE themes and custom colors. Complete design-system/accessible behavior needs journey-level visual and interaction evidence.","Working locally","Graphite and Silver themes; saved preference.","Live verified; 01-home-dashboard.png; Global and builder controls. Evidence about Architect only.","E01 || E03#A005 || E04","committed_scope_not_completion","2026-09-25"
"A006","baseline","Plan and credit balance","Account","Inherited","All","not_assigned","not_assigned","not_assigned","Plan and credit balance. Inherited behavior: Subscription purchased and current balances. Preserve the capability in Kova subject to the related current-scope overrides; Architect observations do not establish Kova delivery.","Individual || Admin","J10 || J01","SC03 || SC17","Individual owns personal demo balance; company purchase needs explicit billing grant.","EC01 || EC02 || EC03 || EC11 || EC05 || EC09 || EC10","not_verified_in_this_pass","No new application or integration run performed in this documentation pass.","Record implementation revision, environment, actor/role/workspace, inputs, actual execution mode, expected/actual outcome, dated raw result and artifact links; execute listed EC cases. A screenshot or source code alone is insufficient.","Compare profile balance to ledger available/reserved/consumed totals; label demo funds and unknown balance explicitly. || Exercise the linked edge cases (EC01, EC02, EC03, EC11, EC05, EC09, EC10); preserve drafts on recoverable failure and enforce the permission contract server-side. || Apply expanded acceptance in SUP-17, COR-004, COR-005, COR-006; these requirements supplement or correct this row.","SUP-17 || COR-004 || COR-005 || COR-006","partial","E04 reports a simulated credit ledger and checkout. Real provider spend is not synchronized; per-model settlement, hard currency caps and requested profile placement are not established.","Pending","No verified implementation in this revision.","Live verified; 14-account-overview.png; Subscription purchased and current balances. Evidence about Architect only.","E01 || E03#A006 || E04","committed_scope_not_completion","2026-09-25"
"A007","baseline","Stripe billing portal","Account","Inherited","Buyer","not_assigned","not_assigned","not_assigned","Stripe billing portal. Inherited behavior: Not opened. Preserve the capability in Kova subject to the related current-scope overrides; Architect observations do not establish Kova delivery.","Individual || Admin","J10 || J01","SC03 || SC17","Individual owns personal demo balance; company purchase needs explicit billing grant.","EC01 || EC02 || EC03 || EC11 || EC05 || EC09 || EC10","not_verified_in_this_pass","No new application or integration run performed in this documentation pass.","Record implementation revision, environment, actor/role/workspace, inputs, actual execution mode, expected/actual outcome, dated raw result and artifact links; execute listed EC cases. A screenshot or source code alone is insufficient.","Keep live Stripe billing unavailable in current delivery; simulated checkout never opens a payment provider or collects payment details. || Exercise the linked edge cases (EC01, EC02, EC03, EC11, EC05, EC09, EC10); preserve drafts on recoverable failure and enforce the permission contract server-side. || Apply expanded acceptance in SUP-17, COR-004, COR-005, COR-006; these requirements supplement or correct this row.","SUP-17 || COR-004 || COR-005 || COR-006","pending","E03 historical row reports Pending: No verified implementation in this revision. No newer row-specific verification reviewed.","Pending","No verified implementation in this revision.","Live visible; 14-account-overview.png; Not opened. Evidence about Architect only.","E01 || E03#A007","retained_later_scope_current_override_applies","2026-09-25"
"A008","baseline","Referral program","Account","Inherited","All","not_assigned","not_assigned","not_assigned","Referral program. Inherited behavior: $10 reward stated live. Preserve the capability in Kova subject to the related current-scope overrides; Architect observations do not establish Kova delivery.","Individual || Admin","J10 || J01","SC03 || SC17","Individual owns personal demo balance; company purchase needs explicit billing grant.","EC01 || EC02 || EC03 || EC11 || EC05 || EC09 || EC10","not_verified_in_this_pass","No new application or integration run performed in this documentation pass.","Record implementation revision, environment, actor/role/workspace, inputs, actual execution mode, expected/actual outcome, dated raw result and artifact links; execute listed EC cases. A screenshot or source code alone is insufficient.","Validate referral eligibility and duplicate/self-referral rejection; any unimplemented reward is labelled unavailable. || Exercise the linked edge cases (EC01, EC02, EC03, EC11, EC05, EC09, EC10); preserve drafts on recoverable failure and enforce the permission contract server-side.","","pending","E03 historical row reports Pending: No verified implementation in this revision. No newer row-specific verification reviewed.","Pending","No verified implementation in this revision.","Live verified; 14-account-overview.png; $10 reward stated live. Evidence about Architect only.","E01 || E03#A008","committed_scope_not_completion","2026-09-25"
"A009","baseline","Logout","Account","Inherited","All","not_assigned","not_assigned","not_assigned","Logout. Inherited behavior: No logout performed. Preserve the capability in Kova subject to the related current-scope overrides; Architect observations do not establish Kova delivery.","Individual || Admin","J01 || J06","SC01 || SC02 || SC03","Account owner for own settings; Admin for membership, never self-escalation.","EC01 || EC02 || EC03 || EC11 || EC12","not_verified_in_this_pass","No new application or integration run performed in this documentation pass.","Record implementation revision, environment, actor/role/workspace, inputs, actual execution mode, expected/actual outcome, dated raw result and artifact links; execute listed EC cases. A screenshot or source code alone is insufficient.","Sign out then revisit a protected deep link; cached workspace content and active sessions cannot restore access. || Exercise the linked edge cases (EC01, EC02, EC03, EC11, EC12); preserve drafts on recoverable failure and enforce the permission contract server-side.","","partial","E04 reports email/Google sign-in, signup validation, recovery and sign-out; E05 records a historical live Google test-user login. Public OAuth launch, MFA/passkeys/session management and a fresh end-to-end replay are not established.","Working locally","Clears local session and returns to account access.","Live visible; 15-profile-organization-menu.png; No logout performed. Evidence about Architect only.","E01 || E03#A009 || E04","committed_scope_not_completion","2026-09-25"
"A010","baseline","Prompt-first creation","Home","Inherited","All","not_assigned","not_assigned","not_assigned","Prompt-first creation. Inherited behavior: Primary creation path. Preserve the capability in Kova subject to the related current-scope overrides; Architect observations do not establish Kova delivery.","Individual || Nontechnical || Developer || PM || QA || Admin || Client","J01 || J02","SC02","Read authorized projects; project owner or granted editor for mutations.","EC01 || EC02 || EC03 || EC11 || EC04 || EC13","not_verified_in_this_pass","No new application or integration run performed in this documentation pass.","Record implementation revision, environment, actor/role/workspace, inputs, actual execution mode, expected/actual outcome, dated raw result and artifact links; execute listed EC cases. A screenshot or source code alone is insufficient.","Submit a brief from Home; open its continuous chat/work panel without a fixed questionnaire. || Exercise the linked edge cases (EC01, EC02, EC03, EC11, EC04, EC13); preserve drafts on recoverable failure and enforce the permission contract server-side.","","partial","E04 reports prompt/project entry and clarification; E06 rejects the fixed form flow and mandatory Direct Build documents. The corrected conversational execution journey is pending.","Working locally","Brief and name create a saved local project.","Live verified; 01-home-dashboard.png; Primary creation path. Evidence about Architect only.","E01 || E03#A010 || E04","committed_scope_not_completion","2026-09-25"
"A011","baseline","All projects filter","Home","Inherited","All","not_assigned","not_assigned","not_assigned","All projects filter. Inherited behavior: Dashboard filter. Preserve the capability in Kova subject to the related current-scope overrides; Architect observations do not establish Kova delivery.","Individual || Nontechnical || Developer || PM || QA || Admin || Client","J01 || J02","SC02","Read authorized projects; project owner or granted editor for mutations.","EC01 || EC02 || EC03 || EC11 || EC04 || EC13","not_verified_in_this_pass","No new application or integration run performed in this documentation pass.","Record implementation revision, environment, actor/role/workspace, inputs, actual execution mode, expected/actual outcome, dated raw result and artifact links; execute listed EC cases. A screenshot or source code alone is insufficient.","Show all authorized projects and an empty state; paginated totals and workspace boundaries remain correct. || Exercise the linked edge cases (EC01, EC02, EC03, EC11, EC04, EC13); preserve drafts on recoverable failure and enforce the permission contract server-side.","","working_locally_reported","E03 historical row reports Working locally: Project library with source filters. No newer row-specific verification reviewed.","Working locally","Project library with source filters.","Live verified; 01-home-dashboard.png; Dashboard filter. Evidence about Architect only.","E01 || E03#A011","committed_scope_not_completion","2026-09-25"
"A012","baseline","Deployed projects filter","Home","Inherited","All","not_assigned","not_assigned","not_assigned","Deployed projects filter. Inherited behavior: Dashboard filter. Preserve the capability in Kova subject to the related current-scope overrides; Architect observations do not establish Kova delivery.","Individual || Nontechnical || Developer || PM || QA || Admin || Client","J01 || J02","SC02","Read authorized projects; project owner or granted editor for mutations.","EC01 || EC02 || EC03 || EC11 || EC04 || EC13","not_verified_in_this_pass","No new application or integration run performed in this documentation pass.","Record implementation revision, environment, actor/role/workspace, inputs, actual execution mode, expected/actual outcome, dated raw result and artifact links; execute listed EC cases. A screenshot or source code alone is insufficient.","Filter by observed deployment state; local release snapshots must not appear as deployed projects. || Exercise the linked edge cases (EC01, EC02, EC03, EC11, EC04, EC13); preserve drafts on recoverable failure and enforce the permission contract server-side.","","pending","E03 historical row reports Pending: No verified implementation in this revision. No newer row-specific verification reviewed.","Pending","No verified implementation in this revision.","Live verified; 01-home-dashboard.png; Dashboard filter. Evidence about Architect only.","E01 || E03#A012","committed_scope_not_completion","2026-09-25"
"A013","baseline","Shared-with-me filter","Home","Inherited","Teams","not_assigned","not_assigned","not_assigned","Shared-with-me filter. Inherited behavior: Dashboard filter. Preserve the capability in Kova subject to the related current-scope overrides; Architect observations do not establish Kova delivery.","Individual || Nontechnical || Developer || PM || QA || Admin || Client","J01 || J02","SC02","Read authorized projects; project owner or granted editor for mutations.","EC01 || EC02 || EC03 || EC11 || EC04 || EC13","not_verified_in_this_pass","No new application or integration run performed in this documentation pass.","Record implementation revision, environment, actor/role/workspace, inputs, actual execution mode, expected/actual outcome, dated raw result and artifact links; execute listed EC cases. A screenshot or source code alone is insufficient.","List only projects actually shared with this identity; revocation removes results and deep-link access. || Exercise the linked edge cases (EC01, EC02, EC03, EC11, EC04, EC13); preserve drafts on recoverable failure and enforce the permission contract server-side.","","pending","E03 historical row reports Pending: No verified implementation in this revision. No newer row-specific verification reviewed.","Pending","No verified implementation in this revision.","Live verified; 01-home-dashboard.png; Dashboard filter. Evidence about Architect only.","E01 || E03#A013","committed_scope_not_completion","2026-09-25"
"A014","baseline","Newest-first sorting","Home","Inherited","All","not_assigned","not_assigned","not_assigned","Newest-first sorting. Inherited behavior: Project ordering. Preserve the capability in Kova subject to the related current-scope overrides; Architect observations do not establish Kova delivery.","Individual || Nontechnical || Developer || PM || QA || Admin || Client","J01 || J02","SC02","Read authorized projects; project owner or granted editor for mutations.","EC01 || EC02 || EC03 || EC11 || EC04 || EC13","not_verified_in_this_pass","No new application or integration run performed in this documentation pass.","Record implementation revision, environment, actor/role/workspace, inputs, actual execution mode, expected/actual outcome, dated raw result and artifact links; execute listed EC cases. A screenshot or source code alone is insufficient.","Create projects at different times and sort newest first; ties and pagination preserve stable ordering. || Exercise the linked edge cases (EC01, EC02, EC03, EC11, EC04, EC13); preserve drafts on recoverable failure and enforce the permission contract server-side.","","partial","E03 historical row reports Partial: New local projects are inserted first; no selectable sort. No newer row-specific verification reviewed.","Partial","New local projects are inserted first; no selectable sort.","Live verified; 01-home-dashboard.png; Project ordering. Evidence about Architect only.","E01 || E03#A014","committed_scope_not_completion","2026-09-25"
"A015","baseline","My Projects view","Projects","Inherited","All","not_assigned","not_assigned","not_assigned","My Projects view. Inherited behavior: Owned app management. Preserve the capability in Kova subject to the related current-scope overrides; Architect observations do not establish Kova delivery.","Individual || Nontechnical || Developer || PM || QA || Admin || Client","J01 || J02","SC02","Read authorized projects; project owner or granted editor for mutations.","EC01 || EC02 || EC03 || EC11 || EC04 || EC13","not_verified_in_this_pass","No new application or integration run performed in this documentation pass.","Record implementation revision, environment, actor/role/workspace, inputs, actual execution mode, expected/actual outcome, dated raw result and artifact links; execute listed EC cases. A screenshot or source code alone is insufficient.","List personally owned projects separately from company/shared ownership; switching scope updates the list. || Exercise the linked edge cases (EC01, EC02, EC03, EC11, EC04, EC13); preserve drafts on recoverable failure and enforce the permission contract server-side.","","partial","E04 reports cloud project persistence, search and archive/restore. This supports a partial slice only; full baseline subcontrols require individual verification.","Working locally","Local project library.","Live verified; 01-home-dashboard.png; Owned app management. Evidence about Architect only.","E01 || E03#A015 || E04","committed_scope_not_completion","2026-09-25"
"A016","baseline","Published Projects view","Projects","Inherited","Creators","not_assigned","not_assigned","not_assigned","Published Projects view. Inherited behavior: Published app management. Preserve the capability in Kova subject to the related current-scope overrides; Architect observations do not establish Kova delivery.","Individual || Nontechnical || Developer || PM || QA || Admin || Client","J01 || J02","SC02","Read authorized projects; project owner or granted editor for mutations.","EC01 || EC02 || EC03 || EC11 || EC04 || EC13","not_verified_in_this_pass","No new application or integration run performed in this documentation pass.","Record implementation revision, environment, actor/role/workspace, inputs, actual execution mode, expected/actual outcome, dated raw result and artifact links; execute listed EC cases. A screenshot or source code alone is insufficient.","List published projects using publication records; drafts and failed publications are excluded. || Exercise the linked edge cases (EC01, EC02, EC03, EC11, EC04, EC13); preserve drafts on recoverable failure and enforce the permission contract server-side.","","pending","E03 historical row reports Pending: No verified implementation in this revision. No newer row-specific verification reviewed.","Pending","No verified implementation in this revision.","Live verified; 11-published-projects.png; Published app management. Evidence about Architect only.","E01 || E03#A016","committed_scope_not_completion","2026-09-25"
"A017","baseline","Shared Projects view","Projects","Inherited","Teams","not_assigned","not_assigned","not_assigned","Shared Projects view. Inherited behavior: Collaborator inbox. Preserve the capability in Kova subject to the related current-scope overrides; Architect observations do not establish Kova delivery.","Individual || Nontechnical || Developer || PM || QA || Admin || Client","J01 || J02","SC02","Read authorized projects; project owner or granted editor for mutations.","EC01 || EC02 || EC03 || EC11 || EC04 || EC13","not_verified_in_this_pass","No new application or integration run performed in this documentation pass.","Record implementation revision, environment, actor/role/workspace, inputs, actual execution mode, expected/actual outcome, dated raw result and artifact links; execute listed EC cases. A screenshot or source code alone is insufficient.","List shared projects with owner and permission; stale/revoked links disclose no private metadata. || Exercise the linked edge cases (EC01, EC02, EC03, EC11, EC04, EC13); preserve drafts on recoverable failure and enforce the permission contract server-side.","","pending","E03 historical row reports Pending: No verified implementation in this revision. No newer row-specific verification reviewed.","Pending","No verified implementation in this revision.","Live verified; 12-shared-projects.png; Collaborator inbox. Evidence about Architect only.","E01 || E03#A017","committed_scope_not_completion","2026-09-25"
"A018","baseline","Project search","Projects","Inherited","All","not_assigned","not_assigned","not_assigned","Project search. Inherited behavior: Search in lists. Preserve the capability in Kova subject to the related current-scope overrides; Architect observations do not establish Kova delivery.","Individual || Nontechnical || Developer || PM || QA || Admin || Client","J01 || J02","SC02","Read authorized projects; project owner or granted editor for mutations.","EC01 || EC02 || EC03 || EC11 || EC04 || EC13","not_verified_in_this_pass","No new application or integration run performed in this documentation pass.","Record implementation revision, environment, actor/role/workspace, inputs, actual execution mode, expected/actual outcome, dated raw result and artifact links; execute listed EC cases. A screenshot or source code alone is insufficient.","Search names and descriptions, clear query and handle no matches; results remain authorized. || Exercise the linked edge cases (EC01, EC02, EC03, EC11, EC04, EC13); preserve drafts on recoverable failure and enforce the permission contract server-side.","","partial","E04 reports cloud project persistence, search and archive/restore. This supports a partial slice only; full baseline subcontrols require individual verification.","Working locally","Name and description search.","Live verified; 12-shared-projects.png; Search in lists. Evidence about Architect only.","E01 || E03#A018 || E04","committed_scope_not_completion","2026-09-25"
"A019","baseline","Open or visit project","Projects","Inherited","All","not_assigned","not_assigned","not_assigned","Open or visit project. Inherited behavior: Card action. Preserve the capability in Kova subject to the related current-scope overrides; Architect observations do not establish Kova delivery.","Individual || Nontechnical || Developer || PM || QA || Admin || Client","J01 || J02","SC02","Read authorized projects; project owner or granted editor for mutations.","EC01 || EC02 || EC03 || EC11 || EC04 || EC13","not_verified_in_this_pass","No new application or integration run performed in this documentation pass.","Record implementation revision, environment, actor/role/workspace, inputs, actual execution mode, expected/actual outcome, dated raw result and artifact links; execute listed EC cases. A screenshot or source code alone is insufficient.","Open a saved project or permitted deployed URL; missing or inaccessible targets offer recovery. || Exercise the linked edge cases (EC01, EC02, EC03, EC11, EC04, EC13); preserve drafts on recoverable failure and enforce the permission contract server-side.","","partial","E04 reports cloud project persistence, search and archive/restore. This supports a partial slice only; full baseline subcontrols require individual verification.","Working locally","Open a saved workspace.","Live verified; 01-home-dashboard.png; Card action. Evidence about Architect only.","E01 || E03#A019 || E04","committed_scope_not_completion","2026-09-25"
"A020","baseline","Rename app","Projects","Inherited","All","not_assigned","not_assigned","not_assigned","Rename app. Inherited behavior: Dialog inspected and cancelled. Preserve the capability in Kova subject to the related current-scope overrides; Architect observations do not establish Kova delivery.","Individual || Nontechnical || Developer || PM || QA || Admin || Client","J01 || J02","SC02","Read authorized projects; project owner or granted editor for mutations.","EC01 || EC02 || EC03 || EC11 || EC04 || EC13","not_verified_in_this_pass","No new application or integration run performed in this documentation pass.","Record implementation revision, environment, actor/role/workspace, inputs, actual execution mode, expected/actual outcome, dated raw result and artifact links; execute listed EC cases. A screenshot or source code alone is insufficient.","Rename a project, reload and inspect links; stable IDs survive and invalid names are rejected. || Exercise the linked edge cases (EC01, EC02, EC03, EC11, EC04, EC13); preserve drafts on recoverable failure and enforce the permission contract server-side.","","pending","E03 historical row reports Pending: No verified implementation in this revision. No newer row-specific verification reviewed.","Pending","No verified implementation in this revision.","Live verified; 55-rename-app.png; Dialog inspected and cancelled. Evidence about Architect only.","E01 || E03#A020","committed_scope_not_completion","2026-09-25"
"A021","baseline","Duplicate app","Projects","Inherited","All","not_assigned","not_assigned","not_assigned","Duplicate app. Inherited behavior: Not executed. Preserve the capability in Kova subject to the related current-scope overrides; Architect observations do not establish Kova delivery.","Individual || Nontechnical || Developer || PM || QA || Admin || Client","J01 || J02","SC02","Read authorized projects; project owner or granted editor for mutations.","EC01 || EC02 || EC03 || EC11 || EC04 || EC13","not_verified_in_this_pass","No new application or integration run performed in this documentation pass.","Record implementation revision, environment, actor/role/workspace, inputs, actual execution mode, expected/actual outcome, dated raw result and artifact links; execute listed EC cases. A screenshot or source code alone is insufficient.","Duplicate into an owned project with new IDs; do not copy secrets, memberships or billing authorization. || Exercise the linked edge cases (EC01, EC02, EC03, EC11, EC04, EC13); preserve drafts on recoverable failure and enforce the permission contract server-side.","","pending","E03 historical row reports Pending: No verified implementation in this revision. No newer row-specific verification reviewed.","Pending","No verified implementation in this revision.","Live visible; 29-project-actions-menu.png; Not executed. Evidence about Architect only.","E01 || E03#A021","committed_scope_not_completion","2026-09-25"
"A022","baseline","Delete app","Projects","Inherited","All","not_assigned","not_assigned","not_assigned","Delete app. Inherited behavior: Destructive action not executed. Preserve the capability in Kova subject to the related current-scope overrides; Architect observations do not establish Kova delivery.","Individual || Nontechnical || Developer || PM || QA || Admin || Client","J01 || J02","SC02","Read authorized projects; project owner or granted editor for mutations.","EC01 || EC02 || EC03 || EC11 || EC04 || EC13","not_verified_in_this_pass","No new application or integration run performed in this documentation pass.","Record implementation revision, environment, actor/role/workspace, inputs, actual execution mode, expected/actual outcome, dated raw result and artifact links; execute listed EC cases. A screenshot or source code alone is insufficient.","Confirm deletion with impact shown; revoke access and handle retention/running jobs without deleting unrelated projects. || Exercise the linked edge cases (EC01, EC02, EC03, EC11, EC04, EC13); preserve drafts on recoverable failure and enforce the permission contract server-side.","","pending","E03 historical row reports Pending: No verified implementation in this revision. No newer row-specific verification reviewed.","Pending","No verified implementation in this revision.","Live visible; 29-project-actions-menu.png; Destructive action not executed. Evidence about Architect only.","E01 || E03#A022","committed_scope_not_completion","2026-09-25"
"A023","baseline","Download code","Projects","Inherited","Developers","not_assigned","not_assigned","not_assigned","Download code. Inherited behavior: No download required. Preserve the capability in Kova subject to the related current-scope overrides; Architect observations do not establish Kova delivery.","Individual || Developer || Admin || Client","J16 || J07","SC21","Owner/granted exporter; secrets and unauthorized client/workspace data excluded.","EC01 || EC02 || EC03 || EC11 || EC07 || EC13","not_verified_in_this_pass","No new application or integration run performed in this documentation pass.","Record implementation revision, environment, actor/role/workspace, inputs, actual execution mode, expected/actual outcome, dated raw result and artifact links; execute listed EC cases. A screenshot or source code alone is insufficient.","Download actual source tree with manifest; exclude secrets and disclose omitted or unsupported dependencies. || Exercise the linked edge cases (EC01, EC02, EC03, EC11, EC07, EC13); preserve drafts on recoverable failure and enforce the permission contract server-side.","","partial","E03 historical row reports Partial: Exports one editable source draft, not an entire generated repository. No newer row-specific verification reviewed.","Partial","Exports one editable source draft, not an entire generated repository.","Live visible; 29-project-actions-menu.png; No download required. Evidence about Architect only.","E01 || E03#A023","committed_scope_not_completion","2026-09-25"
"A024","baseline","Saved versions via Git tags","Projects","Inherited","Developers","not_assigned","not_assigned","not_assigned","Saved versions via Git tags. Inherited behavior: Requires GitHub link. Preserve the capability in Kova subject to the related current-scope overrides; Architect observations do not establish Kova delivery.","Developer || QA","J03","SC12","Repository contributor subject to CODEOWNERS/branch protection; merge grant separate.","EC01 || EC02 || EC03 || EC11 || EC06 || EC04 || EC09","not_verified_in_this_pass","No new application or integration run performed in this documentation pass.","Record implementation revision, environment, actor/role/workspace, inputs, actual execution mode, expected/actual outcome, dated raw result and artifact links; execute listed EC cases. A screenshot or source code alone is insufficient.","Create and inspect actual Git-tagged versions; restore creates reviewable state without silently rewriting protected history. || Exercise the linked edge cases (EC01, EC02, EC03, EC11, EC06, EC04, EC09); preserve drafts on recoverable failure and enforce the permission contract server-side.","","pending","E03 historical row reports Pending: No verified implementation in this revision. No newer row-specific verification reviewed.","Pending","No verified implementation in this revision.","Live verified; 32-saved-versions.png; Requires GitHub link. Evidence about Architect only.","E01 || E03#A024","committed_scope_not_completion","2026-09-25"
"A025","baseline","AI Consultant onboarding","Discovery","Inherited","Non-technical","not_assigned","not_assigned","not_assigned","AI Consultant onboarding. Inherited behavior: Role bottleneck and tool discovery. Preserve the capability in Kova subject to the related current-scope overrides; Architect observations do not establish Kova delivery.","Individual || Nontechnical || PM","J11 || J02","SC19 || SC02","Read public/authorized material; explicit grant before using private context.","EC01 || EC02 || EC03 || EC11 || EC14 || EC16","not_verified_in_this_pass","No new application or integration run performed in this documentation pass.","Record implementation revision, environment, actor/role/workspace, inputs, actual execution mode, expected/actual outcome, dated raw result and artifact links; execute listed EC cases. A screenshot or source code alone is insufficient.","Optional discovery asks about the user's problem and produces actionable ideas; direct prompt entry remains available. || Exercise the linked edge cases (EC01, EC02, EC03, EC11, EC14, EC16); preserve drafts on recoverable failure and enforce the permission contract server-side.","","pending","E03 historical row reports Pending: No verified implementation in this revision. No newer row-specific verification reviewed.","Pending","No verified implementation in this revision.","Live verified; 10-ai-consultant-onboarding.png; Role bottleneck and tool discovery. Evidence about Architect only.","E01 || E03#A025","committed_scope_not_completion","2026-09-25"
"A026","baseline","Time-savings app recommendations","Discovery","Inherited","Non-technical","not_assigned","not_assigned","not_assigned","Time-savings app recommendations. Inherited behavior: Submission avoided to protect personal data. Preserve the capability in Kova subject to the related current-scope overrides; Architect observations do not establish Kova delivery.","Individual || Nontechnical || PM","J11 || J02","SC19 || SC02","Read public/authorized material; explicit grant before using private context.","EC01 || EC02 || EC03 || EC11 || EC14 || EC16","not_verified_in_this_pass","No new application or integration run performed in this documentation pass.","Record implementation revision, environment, actor/role/workspace, inputs, actual execution mode, expected/actual outcome, dated raw result and artifact links; execute listed EC cases. A screenshot or source code alone is insufficient.","Recommendations show rationale and assumptions; estimated time savings are never presented as measured results. || Exercise the linked edge cases (EC01, EC02, EC03, EC11, EC14, EC16); preserve drafts on recoverable failure and enforce the permission contract server-side.","","pending","E03 historical row reports Pending: No verified implementation in this revision. No newer row-specific verification reviewed.","Pending","No verified implementation in this revision.","Docs verified; AI Consultant docs; Submission avoided to protect personal data. Evidence about Architect only.","E01 || E03#A026","committed_scope_not_completion","2026-09-25"
"A027","baseline","Prompt Library search","Discovery","Inherited","All","not_assigned","not_assigned","not_assigned","Prompt Library search. Inherited behavior: Curated reusable prompts. Preserve the capability in Kova subject to the related current-scope overrides; Architect observations do not establish Kova delivery.","Individual || Nontechnical || PM","J11 || J02","SC19 || SC02","Read public/authorized material; explicit grant before using private context.","EC01 || EC02 || EC03 || EC11 || EC14 || EC16","not_verified_in_this_pass","No new application or integration run performed in this documentation pass.","Record implementation revision, environment, actor/role/workspace, inputs, actual execution mode, expected/actual outcome, dated raw result and artifact links; execute listed EC cases. A screenshot or source code alone is insufficient.","Search reusable prompt templates and handle empty results; selecting a template does not send it automatically. || Exercise the linked edge cases (EC01, EC02, EC03, EC11, EC14, EC16); preserve drafts on recoverable failure and enforce the permission contract server-side.","","pending","E03 historical row reports Pending: No verified implementation in this revision. No newer row-specific verification reviewed.","Pending","No verified implementation in this revision.","Live verified; 09-prompt-library.png; Curated reusable prompts. Evidence about Architect only.","E01 || E03#A027","committed_scope_not_completion","2026-09-25"
"A028","baseline","Prompt categories","Discovery","Inherited","All","not_assigned","not_assigned","not_assigned","Prompt categories. Inherited behavior: Ten role and task groups. Preserve the capability in Kova subject to the related current-scope overrides; Architect observations do not establish Kova delivery.","Individual || Nontechnical || PM","J11 || J02","SC19 || SC02","Read public/authorized material; explicit grant before using private context.","EC01 || EC02 || EC03 || EC11 || EC14 || EC16","not_verified_in_this_pass","No new application or integration run performed in this documentation pass.","Record implementation revision, environment, actor/role/workspace, inputs, actual execution mode, expected/actual outcome, dated raw result and artifact links; execute listed EC cases. A screenshot or source code alone is insufficient.","Filter prompt categories and clear filters; selected prompt content remains editable. || Exercise the linked edge cases (EC01, EC02, EC03, EC11, EC14, EC16); preserve drafts on recoverable failure and enforce the permission contract server-side.","","pending","E03 historical row reports Pending: No verified implementation in this revision. No newer row-specific verification reviewed.","Pending","No verified implementation in this revision.","Live verified; 09-prompt-library.png; Ten role and task groups. Evidence about Architect only.","E01 || E03#A028","committed_scope_not_completion","2026-09-25"
"A029","baseline","Use-case library","Discovery","Inherited","All","not_assigned","not_assigned","not_assigned","Use-case library. Inherited behavior: 106 observed items. Preserve the capability in Kova subject to the related current-scope overrides; Architect observations do not establish Kova delivery.","Individual || Nontechnical || PM","J11 || J02","SC19 || SC02","Read public/authorized material; explicit grant before using private context.","EC01 || EC02 || EC03 || EC11 || EC14 || EC16","not_verified_in_this_pass","No new application or integration run performed in this documentation pass.","Record implementation revision, environment, actor/role/workspace, inputs, actual execution mode, expected/actual outcome, dated raw result and artifact links; execute listed EC cases. A screenshot or source code alone is insufficient.","Browse use cases by category and open their context; missing examples provide a recoverable state. || Exercise the linked edge cases (EC01, EC02, EC03, EC11, EC14, EC16); preserve drafts on recoverable failure and enforce the permission contract server-side.","","pending","E03 historical row reports Pending: No verified implementation in this revision. No newer row-specific verification reviewed.","Pending","No verified implementation in this revision.","Live verified; 18-resources-use-cases.png; 106 observed items. Evidence about Architect only.","E01 || E03#A029","committed_scope_not_completion","2026-09-25"
"A030","baseline","Tutorial library","Discovery","Inherited","All","not_assigned","not_assigned","not_assigned","Tutorial library. Inherited behavior: 19 observed tutorials. Preserve the capability in Kova subject to the related current-scope overrides; Architect observations do not establish Kova delivery.","Individual || Nontechnical || PM","J11 || J02","SC19 || SC02","Read public/authorized material; explicit grant before using private context.","EC01 || EC02 || EC03 || EC11 || EC14 || EC16","not_verified_in_this_pass","No new application or integration run performed in this documentation pass.","Record implementation revision, environment, actor/role/workspace, inputs, actual execution mode, expected/actual outcome, dated raw result and artifact links; execute listed EC cases. A screenshot or source code alone is insufficient.","Browse tutorials and resume/open valid learning content; broken resources do not block building. || Exercise the linked edge cases (EC01, EC02, EC03, EC11, EC14, EC16); preserve drafts on recoverable failure and enforce the permission contract server-side.","","pending","E03 historical row reports Pending: No verified implementation in this revision. No newer row-specific verification reviewed.","Pending","No verified implementation in this revision.","Live verified; 19-resources-tutorials.png; 19 observed tutorials. Evidence about Architect only.","E01 || E03#A030","committed_scope_not_completion","2026-09-25"
"A031","baseline","How-it-works video","Discovery","Inherited","All","not_assigned","not_assigned","not_assigned","How-it-works video. Inherited behavior: Embedded walkthrough. Preserve the capability in Kova subject to the related current-scope overrides; Architect observations do not establish Kova delivery.","Individual || Nontechnical || PM","J11 || J02","SC19 || SC02","Read public/authorized material; explicit grant before using private context.","EC01 || EC02 || EC03 || EC11 || EC14 || EC16","not_verified_in_this_pass","No new application or integration run performed in this documentation pass.","Record implementation revision, environment, actor/role/workspace, inputs, actual execution mode, expected/actual outcome, dated raw result and artifact links; execute listed EC cases. A screenshot or source code alone is insufficient.","Play, pause and access captions/transcript for walkthrough media; media failure does not block Home. || Exercise the linked edge cases (EC01, EC02, EC03, EC11, EC14, EC16); preserve drafts on recoverable failure and enforce the permission contract server-side.","","pending","E03 historical row reports Pending: No verified implementation in this revision. No newer row-specific verification reviewed.","Pending","No verified implementation in this revision.","Live verified; 08-how-it-works-video.png; Embedded walkthrough. Evidence about Architect only.","E01 || E03#A031","committed_scope_not_completion","2026-09-25"
"A032","baseline","Marketplace discovery","Discovery","Inherited","All","not_assigned","not_assigned","not_assigned","Marketplace discovery. Inherited behavior: Search sort and filters. Preserve the capability in Kova subject to the related current-scope overrides; Architect observations do not establish Kova delivery.","Individual || Nontechnical || PM","J11 || J02","SC19 || SC02","Read public/authorized material; explicit grant before using private context.","EC01 || EC02 || EC03 || EC11 || EC14 || EC16","not_verified_in_this_pass","No new application or integration run performed in this documentation pass.","Record implementation revision, environment, actor/role/workspace, inputs, actual execution mode, expected/actual outcome, dated raw result and artifact links; execute listed EC cases. A screenshot or source code alone is insufficient.","Discover templates with filters and honest availability; viewing a listing does not clone or incur spend. || Exercise the linked edge cases (EC01, EC02, EC03, EC11, EC14, EC16); preserve drafts on recoverable failure and enforce the permission contract server-side.","","pending","E03 historical row reports Pending: No verified implementation in this revision. No newer row-specific verification reviewed.","Pending","No verified implementation in this revision.","Live verified; 16-marketplace.png; Search sort and filters. Evidence about Architect only.","E01 || E03#A032","committed_scope_not_completion","2026-09-25"
"A033","baseline","Attach files","Input","Inherited","All","not_assigned","not_assigned","not_assigned","Attach files. Inherited behavior: No upload performed. Preserve the capability in Kova subject to the related current-scope overrides; Architect observations do not establish Kova delivery.","Individual || Nontechnical || Developer || PM","J02 || J03","SC04","Project contributor within persisted task contract; external mutations follow policy.","EC01 || EC02 || EC03 || EC11 || EC09 || EC10 || EC18","not_verified_in_this_pass","No new application or integration run performed in this documentation pass.","Record implementation revision, environment, actor/role/workspace, inputs, actual execution mode, expected/actual outcome, dated raw result and artifact links; execute listed EC cases. A screenshot or source code alone is insufficient.","Attach actual file content, show type/size/progress and remove it before send; reject unsupported or oversized files. || Exercise the linked edge cases (EC01, EC02, EC03, EC11, EC09, EC10, EC18); preserve drafts on recoverable failure and enforce the permission contract server-side.","","partial","E03 historical row reports Partial: File-name references only; content is not read or sent. No newer row-specific verification reviewed.","Partial","File-name references only; content is not read or sent.","Live visible; 02-create-menu.png; No upload performed. Evidence about Architect only.","E01 || E03#A033","committed_scope_not_completion","2026-09-25"
"A034","baseline","PDF DOCX TXT RAG","Input","Inherited","All","not_assigned","not_assigned","not_assigned","PDF DOCX TXT RAG. Inherited behavior: File-based knowledge. Preserve the capability in Kova subject to the related current-scope overrides; Architect observations do not establish Kova delivery.","Developer || PM || Admin","J08 || J04","SC14","Approved memory editor manages decisions; consumers read only authorized current versions.","EC01 || EC02 || EC03 || EC11 || EC15 || EC16","not_verified_in_this_pass","No new application or integration run performed in this documentation pass.","Record implementation revision, environment, actor/role/workspace, inputs, actual execution mode, expected/actual outcome, dated raw result and artifact links; execute listed EC cases. A screenshot or source code alone is insufficient.","Extract PDF/DOCX/TXT content with source references; unreadable/encrypted files and extraction uncertainty are visible. || Exercise the linked edge cases (EC01, EC02, EC03, EC11, EC15, EC16); preserve drafts on recoverable failure and enforce the permission contract server-side.","","pending","E03 historical row reports Pending: No verified implementation in this revision. No newer row-specific verification reviewed.","Pending","No verified implementation in this revision.","Docs verified; How It Works docs; File-based knowledge. Evidence about Architect only.","E01 || E03#A034","committed_scope_not_completion","2026-09-25"
"A035","baseline","CSV and Excel dataframe context","Input","Inherited","Analysts","not_assigned","not_assigned","not_assigned","CSV and Excel dataframe context. Inherited behavior: Structured file handling. Preserve the capability in Kova subject to the related current-scope overrides; Architect observations do not establish Kova delivery.","Developer || QA || Admin","J13 || J03","SC10","Granted developer role; separate migration approver for destructive impact.","EC01 || EC02 || EC03 || EC11 || EC13 || EC07","not_verified_in_this_pass","No new application or integration run performed in this documentation pass.","Record implementation revision, environment, actor/role/workspace, inputs, actual execution mode, expected/actual outcome, dated raw result and artifact links; execute listed EC cases. A screenshot or source code alone is insufficient.","Parse CSV/XLSX sheets with headers/types and bounded previews; malformed rows/formulas cannot trigger execution. || Exercise the linked edge cases (EC01, EC02, EC03, EC11, EC13, EC07); preserve drafts on recoverable failure and enforce the permission contract server-side.","","pending","E03 historical row reports Pending: No verified implementation in this revision. No newer row-specific verification reviewed.","Pending","No verified implementation in this revision.","Docs verified; How It Works docs; Structured file handling. Evidence about Architect only.","E01 || E03#A035","committed_scope_not_completion","2026-09-25"
"A036","baseline","Import Studio agents","Input","Inherited","Agent builders","not_assigned","not_assigned","not_assigned","Import Studio agents. Inherited behavior: Search name description and model. Preserve the capability in Kova subject to the related current-scope overrides; Architect observations do not establish Kova delivery.","Individual || Developer || Admin","J08 || J03","SC13 || SC14 || SC04","Definition editor configures; run actor and every child stay within parent grant; human gates enforced.","EC01 || EC02 || EC03 || EC11 || EC09 || EC10 || EC16","not_verified_in_this_pass","No new application or integration run performed in this documentation pass.","Record implementation revision, environment, actor/role/workspace, inputs, actual execution mode, expected/actual outcome, dated raw result and artifact links; execute listed EC cases. A screenshot or source code alone is insufficient.","Import an authorized Studio definition with dependency mapping; current Lyzr fixture import is explicitly simulated. || Exercise the linked edge cases (EC01, EC02, EC03, EC11, EC09, EC10, EC16); preserve drafts on recoverable failure and enforce the permission contract server-side.","","pending","E03 historical row reports Pending: No verified implementation in this revision. No newer row-specific verification reviewed.","Pending","No verified implementation in this revision.","Live verified; 03-studio-agent-picker.png; Search name description and model. Evidence about Architect only.","E01 || E03#A036","committed_scope_not_completion","2026-09-25"
"A037","baseline","Import public GitHub codebase","Input","Inherited","Developers","not_assigned","not_assigned","not_assigned","Import public GitHub codebase. Inherited behavior: No import executed. Preserve the capability in Kova subject to the related current-scope overrides; Architect observations do not establish Kova delivery.","Developer","J03","SC08 || SC09","Developer with repository grant and branch policy; no production credential inheritance.","EC01 || EC02 || EC03 || EC11 || EC06 || EC04 || EC14","not_verified_in_this_pass","No new application or integration run performed in this documentation pass.","Record implementation revision, environment, actor/role/workspace, inputs, actual execution mode, expected/actual outcome, dated raw result and artifact links; execute listed EC cases. A screenshot or source code alone is insufficient.","Clone an authorized public GitHub repo and record revision; a stored URL alone cannot pass. || Exercise the linked edge cases (EC01, EC02, EC03, EC11, EC06, EC04, EC14); preserve drafts on recoverable failure and enforce the permission contract server-side.","","pending","E03 historical row reports Pending: No verified implementation in this revision. No newer row-specific verification reviewed.","Pending","No verified implementation in this revision.","Live verified; 07-import-codebase.png; No import executed. Evidence about Architect only.","E01 || E03#A037","committed_scope_not_completion","2026-09-25"
"A038","baseline","Import private GitHub codebase","Input","Inherited","Developers","not_assigned","not_assigned","not_assigned","Import private GitHub codebase. Inherited behavior: Requires GitHub authorization. Preserve the capability in Kova subject to the related current-scope overrides; Architect observations do not establish Kova delivery.","Developer","J03","SC08 || SC09","Developer with repository grant and branch policy; no production credential inheritance.","EC01 || EC02 || EC03 || EC11 || EC06 || EC04 || EC14","not_verified_in_this_pass","No new application or integration run performed in this documentation pass.","Record implementation revision, environment, actor/role/workspace, inputs, actual execution mode, expected/actual outcome, dated raw result and artifact links; execute listed EC cases. A screenshot or source code alone is insufficient.","Clone an authorized private repo with scoped credentials; revoked installation and cross-tenant access fail safely. || Exercise the linked edge cases (EC01, EC02, EC03, EC11, EC06, EC04, EC14); preserve drafts on recoverable failure and enforce the permission contract server-side.","","pending","E03 historical row reports Pending: No verified implementation in this revision. No newer row-specific verification reviewed.","Pending","No verified implementation in this revision.","Live visible; 07-import-codebase.png; Requires GitHub authorization. Evidence about Architect only.","E01 || E03#A038","committed_scope_not_completion","2026-09-25"
"A039","baseline","Preset theme library","Themes","Inherited","All","not_assigned","not_assigned","not_assigned","Preset theme library. Inherited behavior: 58 visible versus 45+ in docs. Preserve the capability in Kova subject to the related current-scope overrides; Architect observations do not establish Kova delivery.","Nontechnical || Developer || PM || QA || Client","J12 || J02","SC07 || SC04","Project contributor edits; designated design/PM approver approves; Client only assigned reviews.","EC01 || EC02 || EC03 || EC11 || EC04 || EC14","not_verified_in_this_pass","No new application or integration run performed in this documentation pass.","Record implementation revision, environment, actor/role/workspace, inputs, actual execution mode, expected/actual outcome, dated raw result and artifact links; execute listed EC cases. A screenshot or source code alone is insufficient.","Browse and apply preset themes to the project; retain accessible states and allow undo. || Exercise the linked edge cases (EC01, EC02, EC03, EC11, EC04, EC14); preserve drafts on recoverable failure and enforce the permission contract server-side.","","pending","E03 historical row reports Pending: No verified implementation in this revision. No newer row-specific verification reviewed.","Pending","No verified implementation in this revision.","Live verified; 04-theme-manager-presets.png; 58 visible versus 45+ in docs. Evidence about Architect only.","E01 || E03#A039","committed_scope_not_completion","2026-09-25"
"A040","baseline","Theme search and filters","Themes","Inherited","All","not_assigned","not_assigned","not_assigned","Theme search and filters. Inherited behavior: Style discovery. Preserve the capability in Kova subject to the related current-scope overrides; Architect observations do not establish Kova delivery.","Nontechnical || Developer || PM || QA || Client","J12 || J02","SC07 || SC04","Project contributor edits; designated design/PM approver approves; Client only assigned reviews.","EC01 || EC02 || EC03 || EC11 || EC04 || EC14","not_verified_in_this_pass","No new application or integration run performed in this documentation pass.","Record implementation revision, environment, actor/role/workspace, inputs, actual execution mode, expected/actual outcome, dated raw result and artifact links; execute listed EC cases. A screenshot or source code alone is insufficient.","Search/filter themes with empty-state recovery; filters do not mutate the current theme. || Exercise the linked edge cases (EC01, EC02, EC03, EC11, EC04, EC14); preserve drafts on recoverable failure and enforce the permission contract server-side.","","pending","E03 historical row reports Pending: No verified implementation in this revision. No newer row-specific verification reviewed.","Pending","No verified implementation in this revision.","Live verified; 04-theme-manager-presets.png; Style discovery. Evidence about Architect only.","E01 || E03#A040","committed_scope_not_completion","2026-09-25"
"A041","baseline","Light dark and state preview","Themes","Inherited","Designers","not_assigned","not_assigned","not_assigned","Light dark and state preview. Inherited behavior: Includes hover and active states. Preserve the capability in Kova subject to the related current-scope overrides; Architect observations do not establish Kova delivery.","Nontechnical || Developer || PM || QA || Client","J12 || J02","SC07 || SC04","Project contributor edits; designated design/PM approver approves; Client only assigned reviews.","EC01 || EC02 || EC03 || EC11 || EC04 || EC14","not_verified_in_this_pass","No new application or integration run performed in this documentation pass.","Record implementation revision, environment, actor/role/workspace, inputs, actual execution mode, expected/actual outcome, dated raw result and artifact links; execute listed EC cases. A screenshot or source code alone is insufficient.","Preview light/dark plus hover/focus/error states before applying; previewing does not save changes. || Exercise the linked edge cases (EC01, EC02, EC03, EC11, EC04, EC14); preserve drafts on recoverable failure and enforce the permission contract server-side.","","pending","E03 historical row reports Pending: No verified implementation in this revision. No newer row-specific verification reviewed.","Pending","No verified implementation in this revision.","Live verified; 04-theme-manager-presets.png; Includes hover and active states. Evidence about Architect only.","E01 || E03#A041","committed_scope_not_completion","2026-09-25"
"A042","baseline","Cards Dashboard Marketing Palette previews","Themes","Inherited","Designers","not_assigned","not_assigned","not_assigned","Cards Dashboard Marketing Palette previews. Inherited behavior: Four preview contexts. Preserve the capability in Kova subject to the related current-scope overrides; Architect observations do not establish Kova delivery.","Nontechnical || Developer || PM || QA || Client","J12 || J02","SC07 || SC04","Project contributor edits; designated design/PM approver approves; Client only assigned reviews.","EC01 || EC02 || EC03 || EC11 || EC04 || EC14","not_verified_in_this_pass","No new application or integration run performed in this documentation pass.","Record implementation revision, environment, actor/role/workspace, inputs, actual execution mode, expected/actual outcome, dated raw result and artifact links; execute listed EC cases. A screenshot or source code alone is insufficient.","Inspect card/dashboard/marketing/palette theme samples; application tokens match the accepted preview. || Exercise the linked edge cases (EC01, EC02, EC03, EC11, EC04, EC14); preserve drafts on recoverable failure and enforce the permission contract server-side.","","pending","E03 historical row reports Pending: No verified implementation in this revision. No newer row-specific verification reviewed.","Pending","No verified implementation in this revision.","Live verified; 04-theme-manager-presets.png; Four preview contexts. Evidence about Architect only.","E01 || E03#A042","committed_scope_not_completion","2026-09-25"
"A043","baseline","Personal and organization themes","Themes","Inherited","Teams","not_assigned","not_assigned","not_assigned","Personal and organization themes. Inherited behavior: Reusable scopes. Preserve the capability in Kova subject to the related current-scope overrides; Architect observations do not establish Kova delivery.","Nontechnical || Developer || PM || QA || Client","J12 || J02","SC07 || SC04","Project contributor edits; designated design/PM approver approves; Client only assigned reviews.","EC01 || EC02 || EC03 || EC11 || EC04 || EC14","not_verified_in_this_pass","No new application or integration run performed in this documentation pass.","Record implementation revision, environment, actor/role/workspace, inputs, actual execution mode, expected/actual outcome, dated raw result and artifact links; execute listed EC cases. A screenshot or source code alone is insufficient.","Save personal and organization themes with ownership; unauthorized edits to organization themes are denied. || Exercise the linked edge cases (EC01, EC02, EC03, EC11, EC04, EC14); preserve drafts on recoverable failure and enforce the permission contract server-side.","","pending","E03 historical row reports Pending: No verified implementation in this revision. No newer row-specific verification reviewed.","Pending","No verified implementation in this revision.","Live verified; 05-theme-manager-my-themes.png; Reusable scopes. Evidence about Architect only.","E01 || E03#A043","committed_scope_not_completion","2026-09-25"
"A044","baseline","Paste globals.css","Themes","Inherited","Developers","not_assigned","not_assigned","not_assigned","Paste globals.css. Inherited behavior: No content submitted. Preserve the capability in Kova subject to the related current-scope overrides; Architect observations do not establish Kova delivery.","Nontechnical || Developer || PM || QA || Client","J12 || J02","SC07 || SC04","Project contributor edits; designated design/PM approver approves; Client only assigned reviews.","EC01 || EC02 || EC03 || EC11 || EC04 || EC14","not_verified_in_this_pass","No new application or integration run performed in this documentation pass.","Record implementation revision, environment, actor/role/workspace, inputs, actual execution mode, expected/actual outcome, dated raw result and artifact links; execute listed EC cases. A screenshot or source code alone is insufficient.","Import valid globals.css after validation; reject unsafe content and preserve previous tokens on parse failure. || Exercise the linked edge cases (EC01, EC02, EC03, EC11, EC04, EC14); preserve drafts on recoverable failure and enforce the permission contract server-side.","","pending","E03 historical row reports Pending: No verified implementation in this revision. No newer row-specific verification reviewed.","Pending","No verified implementation in this revision.","Live verified; 06-custom-theme-sources.png; No content submitted. Evidence about Architect only.","E01 || E03#A044","committed_scope_not_completion","2026-09-25"
"A045","baseline","Generate theme from design document","Themes","Inherited","Designers","not_assigned","not_assigned","not_assigned","Generate theme from design document. Inherited behavior: PDF Word or text. Preserve the capability in Kova subject to the related current-scope overrides; Architect observations do not establish Kova delivery.","Nontechnical || Developer || PM || QA || Client","J12 || J02","SC07 || SC04","Project contributor edits; designated design/PM approver approves; Client only assigned reviews.","EC01 || EC02 || EC03 || EC11 || EC04 || EC14","not_verified_in_this_pass","No new application or integration run performed in this documentation pass.","Record implementation revision, environment, actor/role/workspace, inputs, actual execution mode, expected/actual outcome, dated raw result and artifact links; execute listed EC cases. A screenshot or source code alone is insufficient.","Derive proposed tokens from a design document with provenance; review uncertain mappings before applying. || Exercise the linked edge cases (EC01, EC02, EC03, EC11, EC04, EC14); preserve drafts on recoverable failure and enforce the permission contract server-side.","","pending","E03 historical row reports Pending: No verified implementation in this revision. No newer row-specific verification reviewed.","Pending","No verified implementation in this revision.","Live verified; 06-custom-theme-sources.png; PDF Word or text. Evidence about Architect only.","E01 || E03#A045","committed_scope_not_completion","2026-09-25"
"A046","baseline","Upload theme zip","Themes","Inherited","Developers","not_assigned","not_assigned","not_assigned","Upload theme zip. Inherited behavior: No upload performed. Preserve the capability in Kova subject to the related current-scope overrides; Architect observations do not establish Kova delivery.","Nontechnical || Developer || PM || QA || Client","J12 || J02","SC07 || SC04","Project contributor edits; designated design/PM approver approves; Client only assigned reviews.","EC01 || EC02 || EC03 || EC11 || EC04 || EC14","not_verified_in_this_pass","No new application or integration run performed in this documentation pass.","Record implementation revision, environment, actor/role/workspace, inputs, actual execution mode, expected/actual outcome, dated raw result and artifact links; execute listed EC cases. A screenshot or source code alone is insufficient.","Inspect theme ZIP entries and assets; reject path traversal, unsupported files and excessive expansion. || Exercise the linked edge cases (EC01, EC02, EC03, EC11, EC04, EC14); preserve drafts on recoverable failure and enforce the permission contract server-side.","","pending","E03 historical row reports Pending: No verified implementation in this revision. No newer row-specific verification reviewed.","Pending","No verified implementation in this revision.","Live visible; 06-custom-theme-sources.png; No upload performed. Evidence about Architect only.","E01 || E03#A046","committed_scope_not_completion","2026-09-25"
"A047","baseline","Import theme from GitHub beta","Themes","Inherited","Developers","not_assigned","not_assigned","not_assigned","Import theme from GitHub beta. Inherited behavior: No OAuth performed. Preserve the capability in Kova subject to the related current-scope overrides; Architect observations do not establish Kova delivery.","Nontechnical || Developer || PM || QA || Client","J12 || J02","SC07 || SC04","Project contributor edits; designated design/PM approver approves; Client only assigned reviews.","EC01 || EC02 || EC03 || EC11 || EC04 || EC14","not_verified_in_this_pass","No new application or integration run performed in this documentation pass.","Record implementation revision, environment, actor/role/workspace, inputs, actual execution mode, expected/actual outcome, dated raw result and artifact links; execute listed EC cases. A screenshot or source code alone is insufficient.","Import a theme from a pinned GitHub revision; show beta/support limits and recover from denied access. || Exercise the linked edge cases (EC01, EC02, EC03, EC11, EC04, EC14); preserve drafts on recoverable failure and enforce the permission contract server-side.","","pending","E03 historical row reports Pending: No verified implementation in this revision. No newer row-specific verification reviewed.","Pending","No verified implementation in this revision.","Live visible; 06-custom-theme-sources.png; No OAuth performed. Evidence about Architect only.","E01 || E03#A047","committed_scope_not_completion","2026-09-25"
"A048","baseline","Import theme from Figma beta","Themes","Inherited","Designers","not_assigned","not_assigned","not_assigned","Import theme from Figma beta. Inherited behavior: No authorization performed. Preserve the capability in Kova subject to the related current-scope overrides; Architect observations do not establish Kova delivery.","Nontechnical || Developer || PM || QA || Client","J12 || J02","SC07 || SC04","Project contributor edits; designated design/PM approver approves; Client only assigned reviews.","EC01 || EC02 || EC03 || EC11 || EC04 || EC14","not_verified_in_this_pass","No new application or integration run performed in this documentation pass.","Record implementation revision, environment, actor/role/workspace, inputs, actual execution mode, expected/actual outcome, dated raw result and artifact links; execute listed EC cases. A screenshot or source code alone is insufficient.","Import permitted Figma tokens/assets with version; missing permissions or unmapped values are actionable. || Exercise the linked edge cases (EC01, EC02, EC03, EC11, EC04, EC14); preserve drafts on recoverable failure and enforce the permission contract server-side.","","pending","E03 historical row reports Pending: No verified implementation in this revision. No newer row-specific verification reviewed.","Pending","No verified implementation in this revision.","Live visible; 06-custom-theme-sources.png; No authorization performed. Evidence about Architect only.","E01 || E03#A048","committed_scope_not_completion","2026-09-25"
"A049","baseline","Automatic pre-build planning","Planning","Inherited","All","not_assigned","not_assigned","not_assigned","Automatic pre-build planning. Inherited behavior: Fresh run blocked by zero balance. Preserve the capability in Kova subject to the related current-scope overrides; Architect observations do not establish Kova delivery.","Individual || Nontechnical || Developer || PM","J02 || J03","SC04","Project contributor within persisted task contract; external mutations follow policy.","EC01 || EC02 || EC03 || EC11 || EC09 || EC10 || EC18","not_verified_in_this_pass","No new application or integration run performed in this documentation pass.","Record implementation revision, environment, actor/role/workspace, inputs, actual execution mode, expected/actual outcome, dated raw result and artifact links; execute listed EC cases. A screenshot or source code alone is insufficient.","Generate internal build planning from the request; Direct Build proceeds without forcing a planning screen. || Exercise the linked edge cases (EC01, EC02, EC03, EC11, EC09, EC10, EC18); preserve drafts on recoverable failure and enforce the permission contract server-side. || Apply expanded acceptance in COR-010; these requirements supplement or correct this row.","COR-010","pending","E03 historical row reports Pending: No verified implementation in this revision. No newer row-specific verification reviewed.","Pending","No verified implementation in this revision.","Docs verified; Planning docs; Fresh run blocked by zero balance. Evidence about Architect only.","E01 || E03#A049","committed_scope_not_completion","2026-09-25"
"A050","baseline","Guided clarification questions","Planning","Inherited","Non-technical","not_assigned","not_assigned","not_assigned","Guided clarification questions. Inherited behavior: Suggested choices or free text. Preserve the capability in Kova subject to the related current-scope overrides; Architect observations do not establish Kova delivery.","Individual || Nontechnical || Developer || PM","J02 || J03","SC04","Project contributor within persisted task contract; external mutations follow policy.","EC01 || EC02 || EC03 || EC11 || EC09 || EC10 || EC18","not_verified_in_this_pass","No new application or integration run performed in this documentation pass.","Record implementation revision, environment, actor/role/workspace, inputs, actual execution mode, expected/actual outcome, dated raw result and artifact links; execute listed EC cases. A screenshot or source code alone is insufficient.","Ask only unresolved app-specific questions in chat; no generic form or Clarification stage heading. || Exercise the linked edge cases (EC01, EC02, EC03, EC11, EC09, EC10, EC18); preserve drafts on recoverable failure and enforce the permission contract server-side. || Apply expanded acceptance in COR-009; these requirements supplement or correct this row.","COR-009","partial","E04 reports prompt/project entry and clarification; E06 rejects the fixed form flow and mandatory Direct Build documents. The corrected conversational execution journey is pending. E10 latest user/parent progress reports rootpersistent, DirectBuilder, BotPortal, BYOKPanel, MemoryPanel and organisation-intent sign-in implemented, currently under verification; row-level acceptance and run evidence are not yet supplied.","Pending","No verified implementation in this revision.","Docs verified; Planning docs; Suggested choices or free text. Evidence about Architect only.","E01 || E03#A050 || E04 || E10","committed_scope_not_completion","2026-09-25"
"A051","baseline","Skip to Start Building","Planning","Inherited","All","not_assigned","not_assigned","not_assigned","Skip to Start Building. Inherited behavior: Early handoff. Preserve the capability in Kova subject to the related current-scope overrides; Architect observations do not establish Kova delivery.","Individual || Nontechnical || Developer || PM","J02 || J03","SC04","Project contributor within persisted task contract; external mutations follow policy.","EC01 || EC02 || EC03 || EC11 || EC09 || EC10 || EC18","not_verified_in_this_pass","No new application or integration run performed in this documentation pass.","Record implementation revision, environment, actor/role/workspace, inputs, actual execution mode, expected/actual outcome, dated raw result and artifact links; execute listed EC cases. A screenshot or source code alone is insufficient.","Choose Direct Build and proceed under the execution contract; enterprise documentation is optional while policy gates remain. || Exercise the linked edge cases (EC01, EC02, EC03, EC11, EC09, EC10, EC18); preserve drafts on recoverable failure and enforce the permission contract server-side. || Apply expanded acceptance in COR-010; these requirements supplement or correct this row.","COR-010","partial","E04 reports prompt/project entry and clarification; E06 rejects the fixed form flow and mandatory Direct Build documents. The corrected conversational execution journey is pending. E10 latest user/parent progress reports rootpersistent, DirectBuilder, BotPortal, BYOKPanel, MemoryPanel and organisation-intent sign-in implemented, currently under verification; row-level acceptance and run evidence are not yet supplied.","Pending","No verified implementation in this revision.","Docs verified; Planning docs; Early handoff. Evidence about Architect only.","E01 || E03#A051 || E04 || E10","committed_scope_not_completion","2026-09-25"
"A052","baseline","Living PRD","Planning","Inherited","Product and technical","not_assigned","not_assigned","not_assigned","Living PRD. Inherited behavior: Updates with iteration. Preserve the capability in Kova subject to the related current-scope overrides; Architect observations do not establish Kova delivery.","PM || Developer || Nontechnical","J04 || J03","SC04 || SC05 || SC06","PM owns business scope; Developer owns technical approval; approval bound to version.","EC01 || EC02 || EC03 || EC11 || EC08 || EC04","not_verified_in_this_pass","No new application or integration run performed in this documentation pass.","Record implementation revision, environment, actor/role/workspace, inputs, actual execution mode, expected/actual outcome, dated raw result and artifact links; execute listed EC cases. A screenshot or source code alone is insufficient.","Edit/version a living PRD in Full Delivery; changing approved scope invalidates affected approvals. || Exercise the linked edge cases (EC01, EC02, EC03, EC11, EC08, EC04); preserve drafts on recoverable failure and enforce the permission contract server-side.","","partial","E04 reports editable template PRD/TRD and PM/developer approval; these are templates, not autonomous drafting. Notion publishing and complete revision-bound lifecycle gates remain unconnected or unproven.","Working locally","Editable brief and acceptance criteria, export.","Live verified; 21-plan-document.png; Updates with iteration. Evidence about Architect only.","E01 || E03#A052 || E04","committed_scope_not_completion","2026-09-25"
"A053","baseline","High-fidelity App Mockup","Planning","Inherited","All","not_assigned","not_assigned","not_assigned","High-fidelity App Mockup. Inherited behavior: Generated before implementation. Preserve the capability in Kova subject to the related current-scope overrides; Architect observations do not establish Kova delivery.","PM || Developer || Nontechnical","J04 || J03","SC04 || SC05 || SC06","PM owns business scope; Developer owns technical approval; approval bound to version.","EC01 || EC02 || EC03 || EC11 || EC08 || EC04","not_verified_in_this_pass","No new application or integration run performed in this documentation pass.","Record implementation revision, environment, actor/role/workspace, inputs, actual execution mode, expected/actual outcome, dated raw result and artifact links; execute listed EC cases. A screenshot or source code alone is insufficient.","Render a request-specific clickable mockup; label prototypes and mock services and test the requested interactions. || Exercise the linked edge cases (EC01, EC02, EC03, EC11, EC08, EC04); preserve drafts on recoverable failure and enforce the permission contract server-side.","","partial","E03 historical row reports Partial: Clickable sample app, not prompt-generated output. No newer row-specific verification reviewed.","Partial","Clickable sample app, not prompt-generated output.","Live verified; 22-app-mockup.png; Generated before implementation. Evidence about Architect only.","E01 || E03#A053","committed_scope_not_completion","2026-09-25"
"A054","baseline","Mockup code view","Planning","Inherited","Developers","not_assigned","not_assigned","not_assigned","Mockup code view. Inherited behavior: Generated HTML and CSS. Preserve the capability in Kova subject to the related current-scope overrides; Architect observations do not establish Kova delivery.","PM || Developer || Nontechnical","J04 || J03","SC04 || SC05 || SC06","PM owns business scope; Developer owns technical approval; approval bound to version.","EC01 || EC02 || EC03 || EC11 || EC08 || EC04","not_verified_in_this_pass","No new application or integration run performed in this documentation pass.","Record implementation revision, environment, actor/role/workspace, inputs, actual execution mode, expected/actual outcome, dated raw result and artifact links; execute listed EC cases. A screenshot or source code alone is insufficient.","Show code responsible for the mockup; edits and displayed preview correspond to the same revision. || Exercise the linked edge cases (EC01, EC02, EC03, EC11, EC08, EC04); preserve drafts on recoverable failure and enforce the permission contract server-side.","","partial","E03 historical row reports Partial: Editable source draft is independent of sample preview. No newer row-specific verification reviewed.","Partial","Editable source draft is independent of sample preview.","Live verified; 22-app-mockup.png; Generated HTML and CSS. Evidence about Architect only.","E01 || E03#A054","committed_scope_not_completion","2026-09-25"
"A055","baseline","Workflow diagram","Planning","Inherited","Agent builders","not_assigned","not_assigned","not_assigned","Workflow diagram. Inherited behavior: Passed into build. Preserve the capability in Kova subject to the related current-scope overrides; Architect observations do not establish Kova delivery.","PM || Developer || Nontechnical","J04 || J03","SC04 || SC05 || SC06","PM owns business scope; Developer owns technical approval; approval bound to version.","EC01 || EC02 || EC03 || EC11 || EC08 || EC04","not_verified_in_this_pass","No new application or integration run performed in this documentation pass.","Record implementation revision, environment, actor/role/workspace, inputs, actual execution mode, expected/actual outcome, dated raw result and artifact links; execute listed EC cases. A screenshot or source code alone is insufficient.","Render an editable workflow from project context; invalid connections are rejected and graph versions persist. || Exercise the linked edge cases (EC01, EC02, EC03, EC11, EC08, EC04); preserve drafts on recoverable failure and enforce the permission contract server-side.","","partial","E03 historical row reports Partial: Editable agent graph; no generated full architecture diagram. No newer row-specific verification reviewed.","Partial","Editable agent graph; no generated full architecture diagram.","Docs verified; Planning docs; Passed into build. Evidence about Architect only.","E01 || E03#A055","committed_scope_not_completion","2026-09-25"
"A056","baseline","Reusable skill files","Planning","Inherited","Agent builders","not_assigned","not_assigned","not_assigned","Reusable skill files. Inherited behavior: skill.md artifacts. Preserve the capability in Kova subject to the related current-scope overrides; Architect observations do not establish Kova delivery.","PM || Developer || Nontechnical","J04 || J03","SC04 || SC05 || SC06","PM owns business scope; Developer owns technical approval; approval bound to version.","EC01 || EC02 || EC03 || EC11 || EC08 || EC04","not_verified_in_this_pass","No new application or integration run performed in this documentation pass.","Record implementation revision, environment, actor/role/workspace, inputs, actual execution mode, expected/actual outcome, dated raw result and artifact links; execute listed EC cases. A screenshot or source code alone is insufficient.","Create/version/export reusable skill files with allowed scope; imported instructions cannot grant tool access. || Exercise the linked edge cases (EC01, EC02, EC03, EC11, EC08, EC04); preserve drafts on recoverable failure and enforce the permission contract server-side.","","pending","E03 historical row reports Pending: No verified implementation in this revision. No newer row-specific verification reviewed.","Pending","No verified implementation in this revision.","Docs verified; Planning docs; skill.md artifacts. Evidence about Architect only.","E01 || E03#A056","committed_scope_not_completion","2026-09-25"
"A057","baseline","PDF and PPT planning artifacts","Planning","Inherited","Product","not_assigned","not_assigned","not_assigned","PDF and PPT planning artifacts. Inherited behavior: Stakeholder handoff. Preserve the capability in Kova subject to the related current-scope overrides; Architect observations do not establish Kova delivery.","PM || Developer || Nontechnical","J04 || J03","SC04 || SC05 || SC06","PM owns business scope; Developer owns technical approval; approval bound to version.","EC01 || EC02 || EC03 || EC11 || EC08 || EC04","not_verified_in_this_pass","No new application or integration run performed in this documentation pass.","Record implementation revision, environment, actor/role/workspace, inputs, actual execution mode, expected/actual outcome, dated raw result and artifact links; execute listed EC cases. A screenshot or source code alone is insufficient.","Generate PDF/PPT artifacts with requested content and inspect rendered pages/slides for clipping and omissions. || Exercise the linked edge cases (EC01, EC02, EC03, EC11, EC08, EC04); preserve drafts on recoverable failure and enforce the permission contract server-side.","","pending","E03 historical row reports Pending: No verified implementation in this revision. No newer row-specific verification reviewed.","Pending","No verified implementation in this revision.","Docs verified; Planning docs; Stakeholder handoff. Evidence about Architect only.","E01 || E03#A057","committed_scope_not_completion","2026-09-25"
"A058","baseline","Starter files","Planning","Inherited","Developers","not_assigned","not_assigned","not_assigned","Starter files. Inherited behavior: Scaffold support. Preserve the capability in Kova subject to the related current-scope overrides; Architect observations do not establish Kova delivery.","PM || Developer || Nontechnical","J04 || J03","SC04 || SC05 || SC06","PM owns business scope; Developer owns technical approval; approval bound to version.","EC01 || EC02 || EC03 || EC11 || EC08 || EC04","not_verified_in_this_pass","No new application or integration run performed in this documentation pass.","Record implementation revision, environment, actor/role/workspace, inputs, actual execution mode, expected/actual outcome, dated raw result and artifact links; execute listed EC cases. A screenshot or source code alone is insufficient.","Generate starter files for the selected stack and record provenance; files form a runnable supported project. || Exercise the linked edge cases (EC01, EC02, EC03, EC11, EC08, EC04); preserve drafts on recoverable failure and enforce the permission contract server-side.","","pending","E03 historical row reports Pending: No verified implementation in this revision. No newer row-specific verification reviewed.","Pending","No verified implementation in this revision.","Docs verified; Planning docs; Scaffold support. Evidence about Architect only.","E01 || E03#A058","committed_scope_not_completion","2026-09-25"
"A059","baseline","Back to Plan Mode","Planning","Inherited","All","not_assigned","not_assigned","not_assigned","Back to Plan Mode. Inherited behavior: Return before or after handoff. Preserve the capability in Kova subject to the related current-scope overrides; Architect observations do not establish Kova delivery.","PM || Developer || Nontechnical","J04 || J03","SC04 || SC05 || SC06","PM owns business scope; Developer owns technical approval; approval bound to version.","EC01 || EC02 || EC03 || EC11 || EC08 || EC04","not_verified_in_this_pass","No new application or integration run performed in this documentation pass.","Record implementation revision, environment, actor/role/workspace, inputs, actual execution mode, expected/actual outcome, dated raw result and artifact links; execute listed EC cases. A screenshot or source code alone is insufficient.","Return to optional planning while preserving chat and work; planning discussion alone cannot mutate code. || Exercise the linked edge cases (EC01, EC02, EC03, EC11, EC08, EC04); preserve drafts on recoverable failure and enforce the permission contract server-side.","","working_locally_reported","E03 historical row reports Working locally: Lifecycle and navigation return to Plan. No newer row-specific verification reviewed.","Working locally","Lifecycle and navigation return to Plan.","Docs verified; Planning docs; Return before or after handoff. Evidence about Architect only.","E01 || E03#A059","committed_scope_not_completion","2026-09-25"
"A060","baseline","Optional GitAgent choice","Planning","Inherited","Developers","not_assigned","not_assigned","not_assigned","Optional GitAgent choice. Inherited behavior: Early beta. Preserve the capability in Kova subject to the related current-scope overrides; Architect observations do not establish Kova delivery.","Developer || QA","J03","SC12","Repository contributor subject to CODEOWNERS/branch protection; merge grant separate.","EC01 || EC02 || EC03 || EC11 || EC06 || EC04 || EC09","not_verified_in_this_pass","No new application or integration run performed in this documentation pass.","Record implementation revision, environment, actor/role/workspace, inputs, actual execution mode, expected/actual outcome, dated raw result and artifact links; execute listed EC cases. A screenshot or source code alone is insufficient.","Explain optional GitAgent ownership and supported repo requirements; declining it leaves a valid build path. || Exercise the linked edge cases (EC01, EC02, EC03, EC11, EC06, EC04, EC09); preserve drafts on recoverable failure and enforce the permission contract server-side.","","pending","E03 historical row reports Pending: No verified implementation in this revision. No newer row-specific verification reviewed.","Pending","No verified implementation in this revision.","Docs verified; GitAgent docs; Early beta. Evidence about Architect only.","E01 || E03#A060","committed_scope_not_completion","2026-09-25"
"A061","baseline","Split chat and workspace layout","Builder","Inherited","All","not_assigned","not_assigned","not_assigned","Split chat and workspace layout. Inherited behavior: Conversation plus inspection. Preserve the capability in Kova subject to the related current-scope overrides; Architect observations do not establish Kova delivery.","Individual || Nontechnical || Developer || PM","J02 || J03","SC04","Project contributor within persisted task contract; external mutations follow policy.","EC01 || EC02 || EC03 || EC11 || EC09 || EC10 || EC18","not_verified_in_this_pass","No new application or integration run performed in this documentation pass.","Record implementation revision, environment, actor/role/workspace, inputs, actual execution mode, expected/actual outcome, dated raw result and artifact links; execute listed EC cases. A screenshot or source code alone is insufficient.","Maintain chat left and active work right on desktop; mobile pane switching preserves the same run and draft. || Exercise the linked edge cases (EC01, EC02, EC03, EC11, EC09, EC10, EC18); preserve drafts on recoverable failure and enforce the permission contract server-side. || Apply expanded acceptance in COR-008; these requirements supplement or correct this row.","COR-008","partial","E04 and E08 support an existing responsive conversation/work-panel layout. E06 requests continuous agentic interaction and smooth section navigation; a screenshot does not prove transitions or execution. E10 latest user/parent progress reports rootpersistent, DirectBuilder, BotPortal, BYOKPanel, MemoryPanel and organisation-intent sign-in implemented, currently under verification; row-level acceptance and run evidence are not yet supplied.","Working locally","Responsive conversation and output workspace.","Live verified; 20-builder-app-preview.png; Conversation plus inspection. Evidence about Architect only.","E01 || E03#A061 || E04 || E10","committed_scope_not_completion","2026-09-25"
"A062","baseline","Plan Agents App Database tabs","Builder","Inherited","All","not_assigned","not_assigned","not_assigned","Plan Agents App Database tabs. Inherited behavior: Lifecycle navigation. Preserve the capability in Kova subject to the related current-scope overrides; Architect observations do not establish Kova delivery.","Individual || Nontechnical || Developer || PM","J02 || J03","SC04","Project contributor within persisted task contract; external mutations follow policy.","EC01 || EC02 || EC03 || EC11 || EC09 || EC10 || EC18","not_verified_in_this_pass","No new application or integration run performed in this documentation pass.","Record implementation revision, environment, actor/role/workspace, inputs, actual execution mode, expected/actual outcome, dated raw result and artifact links; execute listed EC cases. A screenshot or source code alone is insufficient.","Switch work panels without remounting the shell or losing chat/drafts; only available authorized resources appear. || Exercise the linked edge cases (EC01, EC02, EC03, EC11, EC09, EC10, EC18); preserve drafts on recoverable failure and enforce the permission contract server-side. || Apply expanded acceptance in COR-008; these requirements supplement or correct this row.","COR-008","partial","E04 and E08 support an existing responsive conversation/work-panel layout. E06 requests continuous agentic interaction and smooth section navigation; a screenshot does not prove transitions or execution. E10 latest user/parent progress reports rootpersistent, DirectBuilder, BotPortal, BYOKPanel, MemoryPanel and organisation-intent sign-in implemented, currently under verification; row-level acceptance and run evidence are not yet supplied.","Partial","All core destinations available in sidebar and mobile menu.","Live verified; 20-builder-app-preview.png; Lifecycle navigation. Evidence about Architect only.","E01 || E03#A062 || E04 || E10","committed_scope_not_completion","2026-09-25"
"A063","baseline","Build session history","Builder","Inherited","All","not_assigned","not_assigned","not_assigned","Build session history. Inherited behavior: Timestamped sessions. Preserve the capability in Kova subject to the related current-scope overrides; Architect observations do not establish Kova delivery.","Individual || Nontechnical || Developer || PM","J02 || J03","SC04","Project contributor within persisted task contract; external mutations follow policy.","EC01 || EC02 || EC03 || EC11 || EC09 || EC10 || EC18","not_verified_in_this_pass","No new application or integration run performed in this documentation pass.","Record implementation revision, environment, actor/role/workspace, inputs, actual execution mode, expected/actual outcome, dated raw result and artifact links; execute listed EC cases. A screenshot or source code alone is insufficient.","Reload a conversation and recover ordered messages and run links; workspace boundaries apply to history. || Exercise the linked edge cases (EC01, EC02, EC03, EC11, EC09, EC10, EC18); preserve drafts on recoverable failure and enforce the permission contract server-side. || Apply expanded acceptance in COR-008; these requirements supplement or correct this row.","COR-008","partial","E03 historical row reports Partial: Saved conversation and prompt reuse. No newer row-specific verification reviewed.","Partial","Saved conversation and prompt reuse.","Live verified; 20-builder-app-preview.png; Timestamped sessions. Evidence about Architect only.","E01 || E03#A063","committed_scope_not_completion","2026-09-25"
"A064","baseline","Tool action traces","Builder","Inherited","Developers","not_assigned","not_assigned","not_assigned","Tool action traces. Inherited behavior: Expandable status blocks. Preserve the capability in Kova subject to the related current-scope overrides; Architect observations do not establish Kova delivery.","Individual || Nontechnical || Developer || PM","J02 || J03","SC04","Project contributor within persisted task contract; external mutations follow policy.","EC01 || EC02 || EC03 || EC11 || EC09 || EC10 || EC18","not_verified_in_this_pass","No new application or integration run performed in this documentation pass.","Record implementation revision, environment, actor/role/workspace, inputs, actual execution mode, expected/actual outcome, dated raw result and artifact links; execute listed EC cases. A screenshot or source code alone is insufficient.","Show actual tool event name, run, time, outcome and evidence; fixtures have visible simulation labels. || Exercise the linked edge cases (EC01, EC02, EC03, EC11, EC09, EC10, EC18); preserve drafts on recoverable failure and enforce the permission contract server-side. || Apply expanded acceptance in COR-011; these requirements supplement or correct this row.","COR-011","pending","E03 historical row reports Pending: No verified implementation in this revision. No newer row-specific verification reviewed.","Pending","No verified implementation in this revision.","Live verified; 20-builder-app-preview.png; Expandable status blocks. Evidence about Architect only.","E01 || E03#A064","committed_scope_not_completion","2026-09-25"
"A065","baseline","Specialist agent progress","Builder","Inherited","All","not_assigned","not_assigned","not_assigned","Specialist agent progress. Inherited behavior: Creator and UI-generator traces. Preserve the capability in Kova subject to the related current-scope overrides; Architect observations do not establish Kova delivery.","Individual || Nontechnical || Developer || PM","J02 || J03","SC04","Project contributor within persisted task contract; external mutations follow policy.","EC01 || EC02 || EC03 || EC11 || EC09 || EC10 || EC18","not_verified_in_this_pass","No new application or integration run performed in this documentation pass.","Record implementation revision, environment, actor/role/workspace, inputs, actual execution mode, expected/actual outcome, dated raw result and artifact links; execute listed EC cases. A screenshot or source code alone is insufficient.","Show delegated Bot progress from persisted jobs; waiting/failed/cancelled states never masquerade as running. || Exercise the linked edge cases (EC01, EC02, EC03, EC11, EC09, EC10, EC18); preserve drafts on recoverable failure and enforce the permission contract server-side. || Apply expanded acceptance in COR-011; these requirements supplement or correct this row.","COR-011","pending","E03 historical row reports Pending: No verified implementation in this revision. No newer row-specific verification reviewed.","Pending","No verified implementation in this revision.","Live verified; 47-scheduled-agent-project.png; Creator and UI-generator traces. Evidence about Architect only.","E01 || E03#A065","committed_scope_not_completion","2026-09-25"
"A066","baseline","Commit cards and push status","Builder","Inherited","Developers","not_assigned","not_assigned","not_assigned","Commit cards and push status. Inherited behavior: Version context in chat. Preserve the capability in Kova subject to the related current-scope overrides; Architect observations do not establish Kova delivery.","Developer || QA","J03","SC12","Repository contributor subject to CODEOWNERS/branch protection; merge grant separate.","EC01 || EC02 || EC03 || EC11 || EC06 || EC04 || EC09","not_verified_in_this_pass","No new application or integration run performed in this documentation pass.","Record implementation revision, environment, actor/role/workspace, inputs, actual execution mode, expected/actual outcome, dated raw result and artifact links; execute listed EC cases. A screenshot or source code alone is insufficient.","Show commit SHA and push result from the provider; rejected pushes remain failed with recovery action. || Exercise the linked edge cases (EC01, EC02, EC03, EC11, EC06, EC04, EC09); preserve drafts on recoverable failure and enforce the permission contract server-side.","","pending","E03 historical row reports Pending: No verified implementation in this revision. No newer row-specific verification reviewed.","Pending","No verified implementation in this revision.","Live verified; 20-builder-app-preview.png; Version context in chat. Evidence about Architect only.","E01 || E03#A066","committed_scope_not_completion","2026-09-25"
"A067","baseline","Revert generated version","Builder","Inherited","All","not_assigned","not_assigned","not_assigned","Revert generated version. Inherited behavior: Not executed. Preserve the capability in Kova subject to the related current-scope overrides; Architect observations do not establish Kova delivery.","Developer || QA","J03","SC12","Repository contributor subject to CODEOWNERS/branch protection; merge grant separate.","EC01 || EC02 || EC03 || EC11 || EC06 || EC04 || EC09","not_verified_in_this_pass","No new application or integration run performed in this documentation pass.","Record implementation revision, environment, actor/role/workspace, inputs, actual execution mode, expected/actual outcome, dated raw result and artifact links; execute listed EC cases. A screenshot or source code alone is insufficient.","Preview version-revert impact and create a recoverable change; completed external side effects are not silently undone. || Exercise the linked edge cases (EC01, EC02, EC03, EC11, EC06, EC04, EC09); preserve drafts on recoverable failure and enforce the permission contract server-side.","","pending","E03 historical row reports Pending: No verified implementation in this revision. No newer row-specific verification reviewed.","Pending","No verified implementation in this revision.","Live visible; 20-builder-app-preview.png; Not executed. Evidence about Architect only.","E01 || E03#A067","committed_scope_not_completion","2026-09-25"
"A068","baseline","Post-build Plan toggle","Builder","Inherited","All","not_assigned","not_assigned","not_assigned","Post-build Plan toggle. Inherited behavior: Think without code changes. Preserve the capability in Kova subject to the related current-scope overrides; Architect observations do not establish Kova delivery.","Individual || Nontechnical || Developer || PM","J02 || J03","SC04","Project contributor within persisted task contract; external mutations follow policy.","EC01 || EC02 || EC03 || EC11 || EC09 || EC10 || EC18","not_verified_in_this_pass","No new application or integration run performed in this documentation pass.","Record implementation revision, environment, actor/role/workspace, inputs, actual execution mode, expected/actual outcome, dated raw result and artifact links; execute listed EC cases. A screenshot or source code alone is insufficient.","Switch between post-build discussion and execution without discarding history; plan-only messages do not execute. || Exercise the linked edge cases (EC01, EC02, EC03, EC11, EC09, EC10, EC18); preserve drafts on recoverable failure and enforce the permission contract server-side.","","partial","E03 historical row reports Partial: Direct navigation to retained planning state. No newer row-specific verification reviewed.","Partial","Direct navigation to retained planning state.","Live verified; 40-plan-chat-history.png; Think without code changes. Evidence about Architect only.","E01 || E03#A068","committed_scope_not_completion","2026-09-25"
"A069","baseline","Separate Plan chat history","Builder","Inherited","All","not_assigned","not_assigned","not_assigned","Separate Plan chat history. Inherited behavior: Multiple planning sessions. Preserve the capability in Kova subject to the related current-scope overrides; Architect observations do not establish Kova delivery.","Individual || Nontechnical || Developer || PM","J02 || J03","SC04","Project contributor within persisted task contract; external mutations follow policy.","EC01 || EC02 || EC03 || EC11 || EC09 || EC10 || EC18","not_verified_in_this_pass","No new application or integration run performed in this documentation pass.","Record implementation revision, environment, actor/role/workspace, inputs, actual execution mode, expected/actual outcome, dated raw result and artifact links; execute listed EC cases. A screenshot or source code alone is insufficient.","Preserve separate scoped planning history with links to shared project context; switching modes does not fork project truth. || Exercise the linked edge cases (EC01, EC02, EC03, EC11, EC09, EC10, EC18); preserve drafts on recoverable failure and enforce the permission contract server-side.","","pending","E03 historical row reports Pending: No verified implementation in this revision. No newer row-specific verification reviewed.","Pending","No verified implementation in this revision.","Live verified; 40-plan-chat-history.png; Multiple planning sessions. Evidence about Architect only.","E01 || E03#A069","committed_scope_not_completion","2026-09-25"
"A070","baseline","Build timeout feedback","Builder","Inherited","All","not_assigned","not_assigned","not_assigned","Build timeout feedback. Inherited behavior: Visible failure state. Preserve the capability in Kova subject to the related current-scope overrides; Architect observations do not establish Kova delivery.","Individual || Nontechnical || Developer || PM","J02 || J03","SC04","Project contributor within persisted task contract; external mutations follow policy.","EC01 || EC02 || EC03 || EC11 || EC09 || EC10 || EC18","not_verified_in_this_pass","No new application or integration run performed in this documentation pass.","Record implementation revision, environment, actor/role/workspace, inputs, actual execution mode, expected/actual outcome, dated raw result and artifact links; execute listed EC cases. A screenshot or source code alone is insufficient.","Timeout a run and show checkpoint, partial output and retry/cancel options; do not report success or repeat side effects. || Exercise the linked edge cases (EC01, EC02, EC03, EC11, EC09, EC10, EC18); preserve drafts on recoverable failure and enforce the permission contract server-side.","","pending","E03 historical row reports Pending: No verified implementation in this revision. No newer row-specific verification reviewed.","Pending","No verified implementation in this revision.","Live verified; 47-scheduled-agent-project.png; Visible failure state. Evidence about Architect only.","E01 || E03#A070","committed_scope_not_completion","2026-09-25"
"A071","baseline","React Flow agent graph","Agents","Inherited","Agent builders","not_assigned","not_assigned","not_assigned","React Flow agent graph. Inherited behavior: Input output agent and tool nodes. Preserve the capability in Kova subject to the related current-scope overrides; Architect observations do not establish Kova delivery.","Individual || Developer || Admin","J08 || J03","SC13 || SC14 || SC04","Definition editor configures; run actor and every child stay within parent grant; human gates enforced.","EC01 || EC02 || EC03 || EC11 || EC09 || EC10 || EC16","not_verified_in_this_pass","No new application or integration run performed in this documentation pass.","Record implementation revision, environment, actor/role/workspace, inputs, actual execution mode, expected/actual outcome, dated raw result and artifact links; execute listed EC cases. A screenshot or source code alone is insufficient.","Add/edit/connect graph nodes, persist and reload; invalid edges cannot activate a workflow. || Exercise the linked edge cases (EC01, EC02, EC03, EC11, EC09, EC10, EC16); preserve drafts on recoverable failure and enforce the permission contract server-side.","","working_locally_reported","E03 historical row reports Working locally: React Flow with custom editable nodes. No newer row-specific verification reviewed.","Working locally","React Flow with custom editable nodes.","Live verified; 23-agent-management.png; Input output agent and tool nodes. Evidence about Architect only.","E01 || E03#A071","committed_scope_not_completion","2026-09-25"
"A072","baseline","Zoom fit and interactivity controls","Agents","Inherited","Agent builders","not_assigned","not_assigned","not_assigned","Zoom fit and interactivity controls. Inherited behavior: Graph navigation. Preserve the capability in Kova subject to the related current-scope overrides; Architect observations do not establish Kova delivery.","Individual || Developer || Admin","J08 || J03","SC13 || SC14 || SC04","Definition editor configures; run actor and every child stay within parent grant; human gates enforced.","EC01 || EC02 || EC03 || EC11 || EC09 || EC10 || EC16","not_verified_in_this_pass","No new application or integration run performed in this documentation pass.","Record implementation revision, environment, actor/role/workspace, inputs, actual execution mode, expected/actual outcome, dated raw result and artifact links; execute listed EC cases. A screenshot or source code alone is insufficient.","Zoom, fit, pan and toggle graph interaction; keyboard-accessible alternatives reach every node. || Exercise the linked edge cases (EC01, EC02, EC03, EC11, EC09, EC10, EC16); preserve drafts on recoverable failure and enforce the permission contract server-side.","","working_locally_reported","E03 historical row reports Working locally: Graph zoom, fit, pan, and node connections. No newer row-specific verification reviewed.","Working locally","Graph zoom, fit, pan, and node connections.","Live verified; 48-scheduled-agent-graph.png; Graph navigation. Evidence about Architect only.","E01 || E03#A072","committed_scope_not_completion","2026-09-25"
"A073","baseline","Edit name description role goal instructions","Agents","Inherited","Agent builders","not_assigned","not_assigned","not_assigned","Edit name description role goal instructions. Inherited behavior: Core agent definition. Preserve the capability in Kova subject to the related current-scope overrides; Architect observations do not establish Kova delivery.","Individual || Developer || Admin","J08 || J03","SC13 || SC14 || SC04","Definition editor configures; run actor and every child stay within parent grant; human gates enforced.","EC01 || EC02 || EC03 || EC11 || EC09 || EC10 || EC16","not_verified_in_this_pass","No new application or integration run performed in this documentation pass.","Record implementation revision, environment, actor/role/workspace, inputs, actual execution mode, expected/actual outcome, dated raw result and artifact links; execute listed EC cases. A screenshot or source code alone is insufficient.","Edit name, description, role, goal and instructions; validation and saved versions govern subsequent runs. || Exercise the linked edge cases (EC01, EC02, EC03, EC11, EC09, EC10, EC16); preserve drafts on recoverable failure and enforce the permission contract server-side.","","partial","E04 reports saved Bot instructions, mode selection and configuration; full per-Bot model/tool/memory/schema behavior remains unproven.","Partial","Per-node name and instructions; incomplete role/goal controls.","Live verified; 26-edit-agent.png; Core agent definition. Evidence about Architect only.","E01 || E03#A073 || E04","committed_scope_not_completion","2026-09-25"
"A074","baseline","Provider and model selection","Agents","Inherited","Developers","not_assigned","not_assigned","not_assigned","Provider and model selection. Inherited behavior: Per-agent model choice. Preserve the capability in Kova subject to the related current-scope overrides; Architect observations do not establish Kova delivery.","Individual || Developer || Admin","J08 || J03","SC13 || SC14 || SC04","Definition editor configures; run actor and every child stay within parent grant; human gates enforced.","EC01 || EC02 || EC03 || EC11 || EC09 || EC10 || EC16","not_verified_in_this_pass","No new application or integration run performed in this documentation pass.","Record implementation revision, environment, actor/role/workspace, inputs, actual execution mode, expected/actual outcome, dated raw result and artifact links; execute listed EC cases. A screenshot or source code alone is insufficient.","Select authorized provider/model per Bot; run provenance records the actual selection or explicit fallback. || Exercise the linked edge cases (EC01, EC02, EC03, EC11, EC09, EC10, EC16); preserve drafts on recoverable failure and enforce the permission contract server-side. || Apply expanded acceptance in COR-001, COR-003; these requirements supplement or correct this row.","COR-001 || COR-003","partial","E04 reports authenticated OpenRouter generation and Jev decisions wiring; Auto remains a conservative default and full cross-provider routing is absent. Provider browser tests use fixtures.","Partial","Composer selection from model catalog; per-agent model routing absent.","Live verified; 26-edit-agent.png; Per-agent model choice. Evidence about Architect only.","E01 || E03#A074 || E04","committed_scope_not_completion","2026-09-25"
"A075","baseline","Temperature and Top P","Agents","Inherited","Developers","not_assigned","not_assigned","not_assigned","Temperature and Top P. Inherited behavior: Generation controls. Preserve the capability in Kova subject to the related current-scope overrides; Architect observations do not establish Kova delivery.","Individual || Developer || Admin","J08 || J03","SC13 || SC14 || SC04","Definition editor configures; run actor and every child stay within parent grant; human gates enforced.","EC01 || EC02 || EC03 || EC11 || EC09 || EC10 || EC16","not_verified_in_this_pass","No new application or integration run performed in this documentation pass.","Record implementation revision, environment, actor/role/workspace, inputs, actual execution mode, expected/actual outcome, dated raw result and artifact links; execute listed EC cases. A screenshot or source code alone is insufficient.","Set temperature/top-p within model-supported ranges; unsupported parameters are explained rather than silently ignored. || Exercise the linked edge cases (EC01, EC02, EC03, EC11, EC09, EC10, EC16); preserve drafts on recoverable failure and enforce the permission contract server-side.","","pending","E03 historical row reports Pending: No verified implementation in this revision. No newer row-specific verification reviewed.","Pending","No verified implementation in this revision.","Live verified; 26-edit-agent.png; Generation controls. Evidence about Architect only.","E01 || E03#A075","committed_scope_not_completion","2026-09-25"
"A076","baseline","Manager and sub-agent orchestration","Agents","Inherited","Agent builders","not_assigned","not_assigned","not_assigned","Manager and sub-agent orchestration. Inherited behavior: Coordinator pattern. Preserve the capability in Kova subject to the related current-scope overrides; Architect observations do not establish Kova delivery.","Individual || Developer || Admin","J08 || J03","SC13 || SC14 || SC04","Definition editor configures; run actor and every child stay within parent grant; human gates enforced.","EC01 || EC02 || EC03 || EC11 || EC09 || EC10 || EC16","not_verified_in_this_pass","No new application or integration run performed in this documentation pass.","Record implementation revision, environment, actor/role/workspace, inputs, actual execution mode, expected/actual outcome, dated raw result and artifact links; execute listed EC cases. A screenshot or source code alone is insufficient.","Delegate manager/sub-Bot jobs with narrowed permissions and explicit joins; child failure blocks dependent work. || Exercise the linked edge cases (EC01, EC02, EC03, EC11, EC09, EC10, EC16); preserve drafts on recoverable failure and enforce the permission contract server-side.","","partial","E04 reports approval-gated simulated Bot modes, pause/resume/cancel and failure/retry; no distributed runtime, durable general task queue or complete join/recovery proof.","Pending","No verified implementation in this revision.","Live verified; 48-scheduled-agent-graph.png; Coordinator pattern. Evidence about Architect only.","E01 || E03#A076 || E04","committed_scope_not_completion","2026-09-25"
"A077","baseline","Multiple models in one app","Agents","Inherited","Developers","not_assigned","not_assigned","not_assigned","Multiple models in one app. Inherited behavior: OpenAI and Anthropic observed. Preserve the capability in Kova subject to the related current-scope overrides; Architect observations do not establish Kova delivery.","Individual || Developer || Admin","J08 || J03","SC13 || SC14 || SC04","Definition editor configures; run actor and every child stay within parent grant; human gates enforced.","EC01 || EC02 || EC03 || EC11 || EC09 || EC10 || EC16","not_verified_in_this_pass","No new application or integration run performed in this documentation pass.","Record implementation revision, environment, actor/role/workspace, inputs, actual execution mode, expected/actual outcome, dated raw result and artifact links; execute listed EC cases. A screenshot or source code alone is insufficient.","Run a workflow with different authorized models per step; record routing and separate usage for every call. || Exercise the linked edge cases (EC01, EC02, EC03, EC11, EC09, EC10, EC16); preserve drafts on recoverable failure and enforce the permission contract server-side. || Apply expanded acceptance in COR-003; these requirements supplement or correct this row.","COR-003","pending","E03 historical row reports Pending: No verified implementation in this revision. No newer row-specific verification reviewed.","Pending","No verified implementation in this revision.","Live verified; 47-scheduled-agent-project.png; OpenAI and Anthropic observed. Evidence about Architect only.","E01 || E03#A077","committed_scope_not_completion","2026-09-25"
"A078","baseline","Agent memory","Agents","Inherited","Agent builders","not_assigned","not_assigned","not_assigned","Agent memory. Inherited behavior: Ten-message setting observed. Preserve the capability in Kova subject to the related current-scope overrides; Architect observations do not establish Kova delivery.","Individual || Developer || Admin","J08 || J03","SC13 || SC14 || SC04","Definition editor configures; run actor and every child stay within parent grant; human gates enforced.","EC01 || EC02 || EC03 || EC11 || EC09 || EC10 || EC16","not_verified_in_this_pass","No new application or integration run performed in this documentation pass.","Record implementation revision, environment, actor/role/workspace, inputs, actual execution mode, expected/actual outcome, dated raw result and artifact links; execute listed EC cases. A screenshot or source code alone is insufficient.","Read/write scoped memory with approval/provenance and retention; stale or another workspace's memory is excluded. || Exercise the linked edge cases (EC01, EC02, EC03, EC11, EC09, EC10, EC16); preserve drafts on recoverable failure and enforce the permission contract server-side. || Apply expanded acceptance in COR-013; these requirements supplement or correct this row.","COR-013","partial","E03 historical row reports Pending: No verified implementation in this revision. No newer row-specific verification reviewed. E10 latest user/parent progress reports rootpersistent, DirectBuilder, BotPortal, BYOKPanel, MemoryPanel and organisation-intent sign-in implemented, currently under verification; row-level acceptance and run evidence are not yet supplied.","Pending","No verified implementation in this revision.","Live verified; 49-knowledge-agent-editor.png; Ten-message setting observed. Evidence about Architect only.","E01 || E03#A078 || E10","committed_scope_not_completion","2026-09-25"
"A079","baseline","Scheduled execution","Agents","Inherited","Operations","not_assigned","not_assigned","not_assigned","Scheduled execution. Inherited behavior: Local and UTC schedule. Preserve the capability in Kova subject to the related current-scope overrides; Architect observations do not establish Kova delivery.","Individual || Developer || Admin","J08 || J03","SC13 || SC14 || SC04","Definition editor configures; run actor and every child stay within parent grant; human gates enforced.","EC01 || EC02 || EC03 || EC11 || EC09 || EC10 || EC16","not_verified_in_this_pass","No new application or integration run performed in this documentation pass.","Record implementation revision, environment, actor/role/workspace, inputs, actual execution mode, expected/actual outcome, dated raw result and artifact links; execute listed EC cases. A screenshot or source code alone is insufficient.","Schedule a workflow with timezone and next-run preview; retry/time-change handling prevents duplicate execution. || Exercise the linked edge cases (EC01, EC02, EC03, EC11, EC09, EC10, EC16); preserve drafts on recoverable failure and enforce the permission contract server-side.","","pending","E03 historical row reports Pending: No verified implementation in this revision. No newer row-specific verification reviewed.","Pending","No verified implementation in this revision.","Live verified; 47-scheduled-agent-project.png; Local and UTC schedule. Evidence about Architect only.","E01 || E03#A079","committed_scope_not_completion","2026-09-25"
"A080","baseline","Edit in Lyzr Studio","Agents","Inherited","Agent builders","not_assigned","not_assigned","not_assigned","Edit in Lyzr Studio. Inherited behavior: External editor not used. Preserve the capability in Kova subject to the related current-scope overrides; Architect observations do not establish Kova delivery.","Individual || Developer || Admin","J08 || J03","SC13 || SC14 || SC04","Definition editor configures; run actor and every child stay within parent grant; human gates enforced.","EC01 || EC02 || EC03 || EC11 || EC09 || EC10 || EC16","not_verified_in_this_pass","No new application or integration run performed in this documentation pass.","Record implementation revision, environment, actor/role/workspace, inputs, actual execution mode, expected/actual outcome, dated raw result and artifact links; execute listed EC cases. A screenshot or source code alone is insufficient.","Open a supported Studio destination with scope disclosed; current simulated handoff is not labelled live. || Exercise the linked edge cases (EC01, EC02, EC03, EC11, EC09, EC10, EC16); preserve drafts on recoverable failure and enforce the permission contract server-side.","","pending","E03 historical row reports Pending: No verified implementation in this revision. No newer row-specific verification reviewed.","Pending","No verified implementation in this revision.","Live visible; 23-agent-management.png; External editor not used. Evidence about Architect only.","E01 || E03#A080","committed_scope_not_completion","2026-09-25"
"A081","baseline","Attach KB to agents","Knowledge","Inherited","Agent builders","not_assigned","not_assigned","not_assigned","Attach KB to agents. Inherited behavior: Shared KB observed. Preserve the capability in Kova subject to the related current-scope overrides; Architect observations do not establish Kova delivery.","Developer || PM || Admin","J08 || J04","SC14","Approved memory editor manages decisions; consumers read only authorized current versions.","EC01 || EC02 || EC03 || EC11 || EC15 || EC16","not_verified_in_this_pass","No new application or integration run performed in this documentation pass.","Record implementation revision, environment, actor/role/workspace, inputs, actual execution mode, expected/actual outcome, dated raw result and artifact links; execute listed EC cases. A screenshot or source code alone is insufficient.","Attach an authorized knowledge base to a definition; removing access prevents use in subsequent runs. || Exercise the linked edge cases (EC01, EC02, EC03, EC11, EC15, EC16); preserve drafts on recoverable failure and enforce the permission contract server-side.","","pending","E03 historical row reports Pending: No verified implementation in this revision. No newer row-specific verification reviewed.","Pending","No verified implementation in this revision.","Live verified; 49-knowledge-agent-editor.png; Shared KB observed. Evidence about Architect only.","E01 || E03#A081","committed_scope_not_completion","2026-09-25"
"A082","baseline","Upload PDF DOCX TXT","Knowledge","Inherited","All","not_assigned","not_assigned","not_assigned","Upload PDF DOCX TXT. Inherited behavior: No file transmitted. Preserve the capability in Kova subject to the related current-scope overrides; Architect observations do not establish Kova delivery.","Developer || PM || Admin","J08 || J04","SC14","Approved memory editor manages decisions; consumers read only authorized current versions.","EC01 || EC02 || EC03 || EC11 || EC15 || EC16","not_verified_in_this_pass","No new application or integration run performed in this documentation pass.","Record implementation revision, environment, actor/role/workspace, inputs, actual execution mode, expected/actual outcome, dated raw result and artifact links; execute listed EC cases. A screenshot or source code alone is insufficient.","Upload actual knowledge documents and show ingestion outcome; failed documents remain retryable and not searchable as ready. || Exercise the linked edge cases (EC01, EC02, EC03, EC11, EC15, EC16); preserve drafts on recoverable failure and enforce the permission contract server-side.","","pending","E03 historical row reports Pending: No verified implementation in this revision. No newer row-specific verification reviewed.","Pending","No verified implementation in this revision.","Live visible; 50-knowledge-base-upload.png; No file transmitted. Evidence about Architect only.","E01 || E03#A082","committed_scope_not_completion","2026-09-25"
"A083","baseline","Crawl website into KB","Knowledge","Inherited","All","not_assigned","not_assigned","not_assigned","Crawl website into KB. Inherited behavior: No URL submitted. Preserve the capability in Kova subject to the related current-scope overrides; Architect observations do not establish Kova delivery.","Developer || PM || Admin","J08 || J04","SC14","Approved memory editor manages decisions; consumers read only authorized current versions.","EC01 || EC02 || EC03 || EC11 || EC15 || EC16","not_verified_in_this_pass","No new application or integration run performed in this documentation pass.","Record implementation revision, environment, actor/role/workspace, inputs, actual execution mode, expected/actual outcome, dated raw result and artifact links; execute listed EC cases. A screenshot or source code alone is insufficient.","Crawl permitted website content with limits and provenance; redirects and blocked destinations respect network policy. || Exercise the linked edge cases (EC01, EC02, EC03, EC11, EC15, EC16); preserve drafts on recoverable failure and enforce the permission contract server-side.","","pending","E03 historical row reports Pending: No verified implementation in this revision. No newer row-specific verification reviewed.","Pending","No verified implementation in this revision.","Live visible; 50-knowledge-base-upload.png; No URL submitted. Evidence about Architect only.","E01 || E03#A083","committed_scope_not_completion","2026-09-25"
"A084","baseline","KB document inventory","Knowledge","Inherited","Agent builders","not_assigned","not_assigned","not_assigned","KB document inventory. Inherited behavior: Item count and list. Preserve the capability in Kova subject to the related current-scope overrides; Architect observations do not establish Kova delivery.","Developer || PM || Admin","J08 || J04","SC14","Approved memory editor manages decisions; consumers read only authorized current versions.","EC01 || EC02 || EC03 || EC11 || EC15 || EC16","not_verified_in_this_pass","No new application or integration run performed in this documentation pass.","Record implementation revision, environment, actor/role/workspace, inputs, actual execution mode, expected/actual outcome, dated raw result and artifact links; execute listed EC cases. A screenshot or source code alone is insufficient.","List document versions, ingestion status and deletion; removing a document invalidates affected retrieval caches. || Exercise the linked edge cases (EC01, EC02, EC03, EC11, EC15, EC16); preserve drafts on recoverable failure and enforce the permission contract server-side.","","pending","E03 historical row reports Pending: No verified implementation in this revision. No newer row-specific verification reviewed.","Pending","No verified implementation in this revision.","Live verified; 50-knowledge-base-upload.png; Item count and list. Evidence about Architect only.","E01 || E03#A084","committed_scope_not_completion","2026-09-25"
"A085","baseline","Gmail","Integrations","Inherited","Operations","not_assigned","not_assigned","not_assigned","Gmail. Inherited behavior: Built-in connector. Preserve the capability in Kova subject to the related current-scope overrides; Architect observations do not establish Kova delivery.","Individual || Developer || Admin","J09 || J06","SC16 || SC04","Connection owner/Admin grants use; authorized users see metadata, never raw stored key.","EC01 || EC02 || EC03 || EC11 || EC06 || EC07 || EC05","not_verified_in_this_pass","No new application or integration run performed in this documentation pass.","Record implementation revision, environment, actor/role/workspace, inputs, actual execution mode, expected/actual outcome, dated raw result and artifact links; execute listed EC cases. A screenshot or source code alone is insufficient.","Connect scoped Gmail and perform an explicitly permitted operation; revoke credentials and deny later calls. || Exercise the linked edge cases (EC01, EC02, EC03, EC11, EC06, EC07, EC05); preserve drafts on recoverable failure and enforce the permission contract server-side.","","pending","E03 historical row reports Pending: No verified implementation in this revision. No newer row-specific verification reviewed.","Pending","No verified implementation in this revision.","Docs verified; Official integration docs; Built-in connector. Evidence about Architect only.","E01 || E03#A085","committed_scope_not_completion","2026-09-25"
"A086","baseline","Microsoft Teams","Integrations","Inherited","Operations","not_assigned","not_assigned","not_assigned","Microsoft Teams. Inherited behavior: Built-in connector. Preserve the capability in Kova subject to the related current-scope overrides; Architect observations do not establish Kova delivery.","Individual || Developer || Admin","J09 || J06","SC16 || SC04","Connection owner/Admin grants use; authorized users see metadata, never raw stored key.","EC01 || EC02 || EC03 || EC11 || EC06 || EC07 || EC05","not_verified_in_this_pass","No new application or integration run performed in this documentation pass.","Record implementation revision, environment, actor/role/workspace, inputs, actual execution mode, expected/actual outcome, dated raw result and artifact links; execute listed EC cases. A screenshot or source code alone is insufficient.","Connect scoped Teams and perform an explicitly permitted operation; unauthorized channels and tenants are denied. || Exercise the linked edge cases (EC01, EC02, EC03, EC11, EC06, EC07, EC05); preserve drafts on recoverable failure and enforce the permission contract server-side.","","pending","E03 historical row reports Pending: No verified implementation in this revision. No newer row-specific verification reviewed.","Pending","No verified implementation in this revision.","Docs verified; Official integration docs; Built-in connector. Evidence about Architect only.","E01 || E03#A086","committed_scope_not_completion","2026-09-25"
"A087","baseline","Slack","Integrations","Inherited","Operations","not_assigned","not_assigned","not_assigned","Slack. Inherited behavior: Built-in connector. Preserve the capability in Kova subject to the related current-scope overrides; Architect observations do not establish Kova delivery.","Individual || Developer || Admin","J09 || J06","SC16 || SC04","Connection owner/Admin grants use; authorized users see metadata, never raw stored key.","EC01 || EC02 || EC03 || EC11 || EC06 || EC07 || EC05","not_verified_in_this_pass","No new application or integration run performed in this documentation pass.","Record implementation revision, environment, actor/role/workspace, inputs, actual execution mode, expected/actual outcome, dated raw result and artifact links; execute listed EC cases. A screenshot or source code alone is insufficient.","Connect scoped Slack and perform an explicitly permitted operation; revocation stops subsequent calls. || Exercise the linked edge cases (EC01, EC02, EC03, EC11, EC06, EC07, EC05); preserve drafts on recoverable failure and enforce the permission contract server-side.","","pending","E03 historical row reports Pending: No verified implementation in this revision. No newer row-specific verification reviewed.","Pending","No verified implementation in this revision.","Docs verified; Official integration docs; Built-in connector. Evidence about Architect only.","E01 || E03#A087","committed_scope_not_completion","2026-09-25"
"A088","baseline","Telegram","Integrations","Inherited","Operations","not_assigned","not_assigned","not_assigned","Telegram. Inherited behavior: Built-in connector. Preserve the capability in Kova subject to the related current-scope overrides; Architect observations do not establish Kova delivery.","Individual || Developer || Admin","J09 || J06","SC16 || SC04","Connection owner/Admin grants use; authorized users see metadata, never raw stored key.","EC01 || EC02 || EC03 || EC11 || EC06 || EC07 || EC05","not_verified_in_this_pass","No new application or integration run performed in this documentation pass.","Record implementation revision, environment, actor/role/workspace, inputs, actual execution mode, expected/actual outcome, dated raw result and artifact links; execute listed EC cases. A screenshot or source code alone is insufficient.","Connect a Telegram bot with authorized chat scope; invalid tokens and unapproved chats fail safely. || Exercise the linked edge cases (EC01, EC02, EC03, EC11, EC06, EC07, EC05); preserve drafts on recoverable failure and enforce the permission contract server-side.","","pending","E03 historical row reports Pending: No verified implementation in this revision. No newer row-specific verification reviewed.","Pending","No verified implementation in this revision.","Docs verified; Official integration docs; Built-in connector. Evidence about Architect only.","E01 || E03#A088","committed_scope_not_completion","2026-09-25"
"A089","baseline","Twitter or X","Integrations","Inherited","Marketing","not_assigned","not_assigned","not_assigned","Twitter or X. Inherited behavior: Built-in connector. Preserve the capability in Kova subject to the related current-scope overrides; Architect observations do not establish Kova delivery.","Individual || Developer || Admin","J09 || J06","SC16 || SC04","Connection owner/Admin grants use; authorized users see metadata, never raw stored key.","EC01 || EC02 || EC03 || EC11 || EC06 || EC07 || EC05","not_verified_in_this_pass","No new application or integration run performed in this documentation pass.","Record implementation revision, environment, actor/role/workspace, inputs, actual execution mode, expected/actual outcome, dated raw result and artifact links; execute listed EC cases. A screenshot or source code alone is insufficient.","Connect supported X operations with granted scopes; rate limits and unsupported operations remain visible. || Exercise the linked edge cases (EC01, EC02, EC03, EC11, EC06, EC07, EC05); preserve drafts on recoverable failure and enforce the permission contract server-side.","","pending","E03 historical row reports Pending: No verified implementation in this revision. No newer row-specific verification reviewed.","Pending","No verified implementation in this revision.","Docs verified; Official integration docs; Built-in connector. Evidence about Architect only.","E01 || E03#A089","committed_scope_not_completion","2026-09-25"
"A090","baseline","Instantly","Integrations","Inherited","Sales","not_assigned","not_assigned","not_assigned","Instantly. Inherited behavior: Built-in connector. Preserve the capability in Kova subject to the related current-scope overrides; Architect observations do not establish Kova delivery.","Individual || Developer || Admin","J09 || J06","SC16 || SC04","Connection owner/Admin grants use; authorized users see metadata, never raw stored key.","EC01 || EC02 || EC03 || EC11 || EC06 || EC07 || EC05","not_verified_in_this_pass","No new application or integration run performed in this documentation pass.","Record implementation revision, environment, actor/role/workspace, inputs, actual execution mode, expected/actual outcome, dated raw result and artifact links; execute listed EC cases. A screenshot or source code alone is insufficient.","Connect supported Instantly operations; require explicit outbound-action authority and surface API errors. || Exercise the linked edge cases (EC01, EC02, EC03, EC11, EC06, EC07, EC05); preserve drafts on recoverable failure and enforce the permission contract server-side.","","pending","E03 historical row reports Pending: No verified implementation in this revision. No newer row-specific verification reviewed.","Pending","No verified implementation in this revision.","Docs verified; Official integration docs; Built-in connector. Evidence about Architect only.","E01 || E03#A090","committed_scope_not_completion","2026-09-25"
"A091","baseline","LinkedIn","Integrations","Inherited","Sales and marketing","not_assigned","not_assigned","not_assigned","LinkedIn. Inherited behavior: Built-in connector. Preserve the capability in Kova subject to the related current-scope overrides; Architect observations do not establish Kova delivery.","Individual || Developer || Admin","J09 || J06","SC16 || SC04","Connection owner/Admin grants use; authorized users see metadata, never raw stored key.","EC01 || EC02 || EC03 || EC11 || EC06 || EC07 || EC05","not_verified_in_this_pass","No new application or integration run performed in this documentation pass.","Record implementation revision, environment, actor/role/workspace, inputs, actual execution mode, expected/actual outcome, dated raw result and artifact links; execute listed EC cases. A screenshot or source code alone is insufficient.","Connect supported LinkedIn operations with granted scopes; unavailable capabilities are not simulated as success. || Exercise the linked edge cases (EC01, EC02, EC03, EC11, EC06, EC07, EC05); preserve drafts on recoverable failure and enforce the permission contract server-side.","","pending","E03 historical row reports Pending: No verified implementation in this revision. No newer row-specific verification reviewed.","Pending","No verified implementation in this revision.","Docs verified; Official integration docs; Built-in connector. Evidence about Architect only.","E01 || E03#A091","committed_scope_not_completion","2026-09-25"
"A092","baseline","Asana","Integrations","Inherited","Operations","not_assigned","not_assigned","not_assigned","Asana. Inherited behavior: Built-in connector. Preserve the capability in Kova subject to the related current-scope overrides; Architect observations do not establish Kova delivery.","Individual || Developer || Admin","J09 || J06","SC16 || SC04","Connection owner/Admin grants use; authorized users see metadata, never raw stored key.","EC01 || EC02 || EC03 || EC11 || EC06 || EC07 || EC05","not_verified_in_this_pass","No new application or integration run performed in this documentation pass.","Record implementation revision, environment, actor/role/workspace, inputs, actual execution mode, expected/actual outcome, dated raw result and artifact links; execute listed EC cases. A screenshot or source code alone is insufficient.","Connect scoped Asana projects; retry a permitted write without duplicating the task. || Exercise the linked edge cases (EC01, EC02, EC03, EC11, EC06, EC07, EC05); preserve drafts on recoverable failure and enforce the permission contract server-side.","","pending","E03 historical row reports Pending: No verified implementation in this revision. No newer row-specific verification reviewed.","Pending","No verified implementation in this revision.","Docs verified; Official integration docs; Built-in connector. Evidence about Architect only.","E01 || E03#A092","committed_scope_not_completion","2026-09-25"
"A093","baseline","Dropbox","Integrations","Inherited","Operations","not_assigned","not_assigned","not_assigned","Dropbox. Inherited behavior: Built-in connector. Preserve the capability in Kova subject to the related current-scope overrides; Architect observations do not establish Kova delivery.","Individual || Developer || Admin","J09 || J06","SC16 || SC04","Connection owner/Admin grants use; authorized users see metadata, never raw stored key.","EC01 || EC02 || EC03 || EC11 || EC06 || EC07 || EC05","not_verified_in_this_pass","No new application or integration run performed in this documentation pass.","Record implementation revision, environment, actor/role/workspace, inputs, actual execution mode, expected/actual outcome, dated raw result and artifact links; execute listed EC cases. A screenshot or source code alone is insufficient.","Read/write explicitly permitted Dropbox paths; revoked tokens cannot expose cached private content. || Exercise the linked edge cases (EC01, EC02, EC03, EC11, EC06, EC07, EC05); preserve drafts on recoverable failure and enforce the permission contract server-side.","","pending","E03 historical row reports Pending: No verified implementation in this revision. No newer row-specific verification reviewed.","Pending","No verified implementation in this revision.","Docs verified; Official integration docs; Built-in connector. Evidence about Architect only.","E01 || E03#A093","committed_scope_not_completion","2026-09-25"
"A094","baseline","Google Calendar","Integrations","Inherited","Operations","not_assigned","not_assigned","not_assigned","Google Calendar. Inherited behavior: Built-in connector. Preserve the capability in Kova subject to the related current-scope overrides; Architect observations do not establish Kova delivery.","Individual || Developer || Admin","J09 || J06","SC16 || SC04","Connection owner/Admin grants use; authorized users see metadata, never raw stored key.","EC01 || EC02 || EC03 || EC11 || EC06 || EC07 || EC05","not_verified_in_this_pass","No new application or integration run performed in this documentation pass.","Record implementation revision, environment, actor/role/workspace, inputs, actual execution mode, expected/actual outcome, dated raw result and artifact links; execute listed EC cases. A screenshot or source code alone is insufficient.","Read/create authorized Google Calendar events; timezone and duplicate-request behavior are correct. || Exercise the linked edge cases (EC01, EC02, EC03, EC11, EC06, EC07, EC05); preserve drafts on recoverable failure and enforce the permission contract server-side.","","pending","E03 historical row reports Pending: No verified implementation in this revision. No newer row-specific verification reviewed.","Pending","No verified implementation in this revision.","Docs verified; Official integration docs; Built-in connector. Evidence about Architect only.","E01 || E03#A094","committed_scope_not_completion","2026-09-25"
"A095","baseline","Google Docs","Integrations","Inherited","Knowledge work","not_assigned","not_assigned","not_assigned","Google Docs. Inherited behavior: Built-in connector. Preserve the capability in Kova subject to the related current-scope overrides; Architect observations do not establish Kova delivery.","Individual || Developer || Admin","J09 || J06","SC16 || SC04","Connection owner/Admin grants use; authorized users see metadata, never raw stored key.","EC01 || EC02 || EC03 || EC11 || EC06 || EC07 || EC05","not_verified_in_this_pass","No new application or integration run performed in this documentation pass.","Record implementation revision, environment, actor/role/workspace, inputs, actual execution mode, expected/actual outcome, dated raw result and artifact links; execute listed EC cases. A screenshot or source code alone is insufficient.","Read/update an authorized Google Doc with revision checks; denied access and edit conflicts retain drafts. || Exercise the linked edge cases (EC01, EC02, EC03, EC11, EC06, EC07, EC05); preserve drafts on recoverable failure and enforce the permission contract server-side.","","pending","E03 historical row reports Pending: No verified implementation in this revision. No newer row-specific verification reviewed.","Pending","No verified implementation in this revision.","Docs verified; Official integration docs; Built-in connector. Evidence about Architect only.","E01 || E03#A095","committed_scope_not_completion","2026-09-25"
"A096","baseline","Google Drive","Integrations","Inherited","Knowledge work","not_assigned","not_assigned","not_assigned","Google Drive. Inherited behavior: Built-in connector. Preserve the capability in Kova subject to the related current-scope overrides; Architect observations do not establish Kova delivery.","Individual || Developer || Admin","J09 || J06","SC16 || SC04","Connection owner/Admin grants use; authorized users see metadata, never raw stored key.","EC01 || EC02 || EC03 || EC11 || EC06 || EC07 || EC05","not_verified_in_this_pass","No new application or integration run performed in this documentation pass.","Record implementation revision, environment, actor/role/workspace, inputs, actual execution mode, expected/actual outcome, dated raw result and artifact links; execute listed EC cases. A screenshot or source code alone is insufficient.","Browse/import authorized Drive files; inherited sharing and revocation apply to cached content. || Exercise the linked edge cases (EC01, EC02, EC03, EC11, EC06, EC07, EC05); preserve drafts on recoverable failure and enforce the permission contract server-side.","","pending","E03 historical row reports Pending: No verified implementation in this revision. No newer row-specific verification reviewed.","Pending","No verified implementation in this revision.","Docs verified; Official integration docs; Built-in connector. Evidence about Architect only.","E01 || E03#A096","committed_scope_not_completion","2026-09-25"
"A097","baseline","Trello","Integrations","Inherited","Operations","not_assigned","not_assigned","not_assigned","Trello. Inherited behavior: Built-in connector. Preserve the capability in Kova subject to the related current-scope overrides; Architect observations do not establish Kova delivery.","Individual || Developer || Admin","J09 || J06","SC16 || SC04","Connection owner/Admin grants use; authorized users see metadata, never raw stored key.","EC01 || EC02 || EC03 || EC11 || EC06 || EC07 || EC05","not_verified_in_this_pass","No new application or integration run performed in this documentation pass.","Record implementation revision, environment, actor/role/workspace, inputs, actual execution mode, expected/actual outcome, dated raw result and artifact links; execute listed EC cases. A screenshot or source code alone is insufficient.","Read/update authorized Trello boards/cards; duplicate delivery produces one intended mutation. || Exercise the linked edge cases (EC01, EC02, EC03, EC11, EC06, EC07, EC05); preserve drafts on recoverable failure and enforce the permission contract server-side.","","pending","E03 historical row reports Pending: No verified implementation in this revision. No newer row-specific verification reviewed.","Pending","No verified implementation in this revision.","Docs verified; Official integration docs; Built-in connector. Evidence about Architect only.","E01 || E03#A097","committed_scope_not_completion","2026-09-25"
"A098","baseline","Notion","Integrations","Inherited","Knowledge work","not_assigned","not_assigned","not_assigned","Notion. Inherited behavior: Built-in connector. Preserve the capability in Kova subject to the related current-scope overrides; Architect observations do not establish Kova delivery.","PM || Developer || QA || Admin || Client","J04 || J05 || J07","SC06 || SC20","Membership/project grants enforced on reads, writes, notifications and deep links.","EC01 || EC02 || EC03 || EC11 || EC04 || EC08","not_verified_in_this_pass","No new application or integration run performed in this documentation pass.","Record implementation revision, environment, actor/role/workspace, inputs, actual execution mode, expected/actual outcome, dated raw result and artifact links; execute listed EC cases. A screenshot or source code alone is insufficient.","Publish an approved PRD to an explicitly shared Notion destination using Kova runtime authorization; retry without duplication. || Exercise the linked edge cases (EC01, EC02, EC03, EC11, EC04, EC08); preserve drafts on recoverable failure and enforce the permission contract server-side.","","pending","E03 historical row reports Pending: No verified implementation in this revision. No newer row-specific verification reviewed.","Pending","No verified implementation in this revision.","Docs verified; Official integration docs; Built-in connector. Evidence about Architect only.","E01 || E03#A098","committed_scope_not_completion","2026-09-25"
"A099","baseline","Confluence","Integrations","Inherited","Enterprise","not_assigned","not_assigned","not_assigned","Confluence. Inherited behavior: Built-in connector. Preserve the capability in Kova subject to the related current-scope overrides; Architect observations do not establish Kova delivery.","Individual || Developer || Admin","J09 || J06","SC16 || SC04","Connection owner/Admin grants use; authorized users see metadata, never raw stored key.","EC01 || EC02 || EC03 || EC11 || EC06 || EC07 || EC05","not_verified_in_this_pass","No new application or integration run performed in this documentation pass.","Record implementation revision, environment, actor/role/workspace, inputs, actual execution mode, expected/actual outcome, dated raw result and artifact links; execute listed EC cases. A screenshot or source code alone is insufficient.","Import/update authorized Confluence pages with versions; parent-page access does not imply unrestricted space access. || Exercise the linked edge cases (EC01, EC02, EC03, EC11, EC06, EC07, EC05); preserve drafts on recoverable failure and enforce the permission contract server-side.","","pending","E03 historical row reports Pending: No verified implementation in this revision. No newer row-specific verification reviewed.","Pending","No verified implementation in this revision.","Docs verified; Official integration docs; Built-in connector. Evidence about Architect only.","E01 || E03#A099","committed_scope_not_completion","2026-09-25"
"A100","baseline","Apollo","Integrations","Inherited","Sales","not_assigned","not_assigned","not_assigned","Apollo. Inherited behavior: Built-in connector. Preserve the capability in Kova subject to the related current-scope overrides; Architect observations do not establish Kova delivery.","Individual || Developer || Admin","J09 || J06","SC16 || SC04","Connection owner/Admin grants use; authorized users see metadata, never raw stored key.","EC01 || EC02 || EC03 || EC11 || EC06 || EC07 || EC05","not_verified_in_this_pass","No new application or integration run performed in this documentation pass.","Record implementation revision, environment, actor/role/workspace, inputs, actual execution mode, expected/actual outcome, dated raw result and artifact links; execute listed EC cases. A screenshot or source code alone is insufficient.","Query supported Apollo resources within granted scope; missing entitlement and limits yield actionable errors. || Exercise the linked edge cases (EC01, EC02, EC03, EC11, EC06, EC07, EC05); preserve drafts on recoverable failure and enforce the permission contract server-side.","","pending","E03 historical row reports Pending: No verified implementation in this revision. No newer row-specific verification reviewed.","Pending","No verified implementation in this revision.","Docs verified; Official integration docs; Built-in connector. Evidence about Architect only.","E01 || E03#A100","committed_scope_not_completion","2026-09-25"
"A101","baseline","HubSpot","Integrations","Inherited","Sales","not_assigned","not_assigned","not_assigned","HubSpot. Inherited behavior: Built-in connector. Preserve the capability in Kova subject to the related current-scope overrides; Architect observations do not establish Kova delivery.","Individual || Developer || Admin","J09 || J06","SC16 || SC04","Connection owner/Admin grants use; authorized users see metadata, never raw stored key.","EC01 || EC02 || EC03 || EC11 || EC06 || EC07 || EC05","not_verified_in_this_pass","No new application or integration run performed in this documentation pass.","Record implementation revision, environment, actor/role/workspace, inputs, actual execution mode, expected/actual outcome, dated raw result and artifact links; execute listed EC cases. A screenshot or source code alone is insufficient.","Read/update authorized HubSpot records; log approved writes and prevent duplicate effects on retry. || Exercise the linked edge cases (EC01, EC02, EC03, EC11, EC06, EC07, EC05); preserve drafts on recoverable failure and enforce the permission contract server-side.","","pending","E03 historical row reports Pending: No verified implementation in this revision. No newer row-specific verification reviewed.","Pending","No verified implementation in this revision.","Docs verified; Official integration docs; Built-in connector. Evidence about Architect only.","E01 || E03#A101","committed_scope_not_completion","2026-09-25"
"A102","baseline","Microsoft Excel","Integrations","Inherited","Analysts","not_assigned","not_assigned","not_assigned","Microsoft Excel. Inherited behavior: Built-in connector. Preserve the capability in Kova subject to the related current-scope overrides; Architect observations do not establish Kova delivery.","Individual || Developer || Admin","J09 || J06","SC16 || SC04","Connection owner/Admin grants use; authorized users see metadata, never raw stored key.","EC01 || EC02 || EC03 || EC11 || EC06 || EC07 || EC05","not_verified_in_this_pass","No new application or integration run performed in this documentation pass.","Record implementation revision, environment, actor/role/workspace, inputs, actual execution mode, expected/actual outcome, dated raw result and artifact links; execute listed EC cases. A screenshot or source code alone is insufficient.","Read/update supported Excel workbook ranges; preserve unrelated cells and handle workbook conflicts. || Exercise the linked edge cases (EC01, EC02, EC03, EC11, EC06, EC07, EC05); preserve drafts on recoverable failure and enforce the permission contract server-side.","","pending","E03 historical row reports Pending: No verified implementation in this revision. No newer row-specific verification reviewed.","Pending","No verified implementation in this revision.","Docs verified; Official integration docs; Built-in connector. Evidence about Architect only.","E01 || E03#A102","committed_scope_not_completion","2026-09-25"
"A103","baseline","Freshdesk","Integrations","Inherited","Support","not_assigned","not_assigned","not_assigned","Freshdesk. Inherited behavior: Built-in connector. Preserve the capability in Kova subject to the related current-scope overrides; Architect observations do not establish Kova delivery.","Individual || Developer || Admin","J09 || J06","SC16 || SC04","Connection owner/Admin grants use; authorized users see metadata, never raw stored key.","EC01 || EC02 || EC03 || EC11 || EC06 || EC07 || EC05","not_verified_in_this_pass","No new application or integration run performed in this documentation pass.","Record implementation revision, environment, actor/role/workspace, inputs, actual execution mode, expected/actual outcome, dated raw result and artifact links; execute listed EC cases. A screenshot or source code alone is insufficient.","Read/update authorized Freshdesk tickets; preserve author/operation trace and reject unauthorized queues. || Exercise the linked edge cases (EC01, EC02, EC03, EC11, EC06, EC07, EC05); preserve drafts on recoverable failure and enforce the permission contract server-side.","","pending","E03 historical row reports Pending: No verified implementation in this revision. No newer row-specific verification reviewed.","Pending","No verified implementation in this revision.","Docs verified; Official integration docs; Built-in connector. Evidence about Architect only.","E01 || E03#A103","committed_scope_not_completion","2026-09-25"
"A104","baseline","Google Sheets","Integrations","Inherited","Analysts","not_assigned","not_assigned","not_assigned","Google Sheets. Inherited behavior: Built-in connector. Preserve the capability in Kova subject to the related current-scope overrides; Architect observations do not establish Kova delivery.","Individual || Developer || Admin","J09 || J06","SC16 || SC04","Connection owner/Admin grants use; authorized users see metadata, never raw stored key.","EC01 || EC02 || EC03 || EC11 || EC06 || EC07 || EC05","not_verified_in_this_pass","No new application or integration run performed in this documentation pass.","Record implementation revision, environment, actor/role/workspace, inputs, actual execution mode, expected/actual outcome, dated raw result and artifact links; execute listed EC cases. A screenshot or source code alone is insufficient.","Read/update authorized Google Sheets ranges; type errors and concurrent changes do not silently corrupt data. || Exercise the linked edge cases (EC01, EC02, EC03, EC11, EC06, EC07, EC05); preserve drafts on recoverable failure and enforce the permission contract server-side.","","pending","E03 historical row reports Pending: No verified implementation in this revision. No newer row-specific verification reviewed.","Pending","No verified implementation in this revision.","Docs verified; Official integration docs; Built-in connector. Evidence about Architect only.","E01 || E03#A104","committed_scope_not_completion","2026-09-25"
"A105","baseline","Arxiv","Integrations","Inherited","Research","not_assigned","not_assigned","not_assigned","Arxiv. Inherited behavior: Named tool operations inspected. Preserve the capability in Kova subject to the related current-scope overrides; Architect observations do not establish Kova delivery.","Individual || Developer || Admin","J09 || J06","SC16 || SC04","Connection owner/Admin grants use; authorized users see metadata, never raw stored key.","EC01 || EC02 || EC03 || EC11 || EC06 || EC07 || EC05","not_verified_in_this_pass","No new application or integration run performed in this documentation pass.","Record implementation revision, environment, actor/role/workspace, inputs, actual execution mode, expected/actual outcome, dated raw result and artifact links; execute listed EC cases. A screenshot or source code alone is insufficient.","Fetch cited arXiv metadata/documents and retain source/date; missing papers do not become fabricated evidence. || Exercise the linked edge cases (EC01, EC02, EC03, EC11, EC06, EC07, EC05); preserve drafts on recoverable failure and enforce the permission contract server-side.","","pending","E03 historical row reports Pending: No verified implementation in this revision. No newer row-specific verification reviewed.","Pending","No verified implementation in this revision.","Live verified; 51-tool-capabilities.png; Named tool operations inspected. Evidence about Architect only.","E01 || E03#A105","committed_scope_not_completion","2026-09-25"
"A106","baseline","GitHub agent tool","Integrations","Inherited","Developers","not_assigned","not_assigned","not_assigned","GitHub agent tool. Inherited behavior: Repository actions for agents. Preserve the capability in Kova subject to the related current-scope overrides; Architect observations do not establish Kova delivery.","Individual || Developer || Admin","J09 || J06","SC16 || SC04","Connection owner/Admin grants use; authorized users see metadata, never raw stored key.","EC01 || EC02 || EC03 || EC11 || EC06 || EC07 || EC05","not_verified_in_this_pass","No new application or integration run performed in this documentation pass.","Record implementation revision, environment, actor/role/workspace, inputs, actual execution mode, expected/actual outcome, dated raw result and artifact links; execute listed EC cases. A screenshot or source code alone is insufficient.","Use GitHub tools against allowed repos only; distinguish read, draft PR and merge permissions. || Exercise the linked edge cases (EC01, EC02, EC03, EC11, EC06, EC07, EC05); preserve drafts on recoverable failure and enforce the permission contract server-side.","","pending","E03 historical row reports Pending: No verified implementation in this revision. No newer row-specific verification reviewed.","Pending","No verified implementation in this revision.","Docs verified; Official integration docs; Repository actions for agents. Evidence about Architect only.","E01 || E03#A106","committed_scope_not_completion","2026-09-25"
"A107","baseline","Linear","Integrations","Inherited","Developers","not_assigned","not_assigned","not_assigned","Linear. Inherited behavior: Built-in connector. Preserve the capability in Kova subject to the related current-scope overrides; Architect observations do not establish Kova delivery.","Individual || Developer || Admin","J09 || J06","SC16 || SC04","Connection owner/Admin grants use; authorized users see metadata, never raw stored key.","EC01 || EC02 || EC03 || EC11 || EC06 || EC07 || EC05","not_verified_in_this_pass","No new application or integration run performed in this documentation pass.","Record implementation revision, environment, actor/role/workspace, inputs, actual execution mode, expected/actual outcome, dated raw result and artifact links; execute listed EC cases. A screenshot or source code alone is insufficient.","Read/update authorized Linear issues; explicit writes are idempotent and scope errors are recoverable. || Exercise the linked edge cases (EC01, EC02, EC03, EC11, EC06, EC07, EC05); preserve drafts on recoverable failure and enforce the permission contract server-side.","","pending","E03 historical row reports Pending: No verified implementation in this revision. No newer row-specific verification reviewed.","Pending","No verified implementation in this revision.","Docs verified; Official integration docs; Built-in connector. Evidence about Architect only.","E01 || E03#A107","committed_scope_not_completion","2026-09-25"
"A108","baseline","Jira","Integrations","Inherited","Enterprise","not_assigned","not_assigned","not_assigned","Jira. Inherited behavior: Built-in connector. Preserve the capability in Kova subject to the related current-scope overrides; Architect observations do not establish Kova delivery.","Individual || Developer || Admin","J09 || J06","SC16 || SC04","Connection owner/Admin grants use; authorized users see metadata, never raw stored key.","EC01 || EC02 || EC03 || EC11 || EC06 || EC07 || EC05","not_verified_in_this_pass","No new application or integration run performed in this documentation pass.","Record implementation revision, environment, actor/role/workspace, inputs, actual execution mode, expected/actual outcome, dated raw result and artifact links; execute listed EC cases. A screenshot or source code alone is insufficient.","Retain Jira as optional future connector; do not require it for current Notion-based delivery or claim it connected. || Exercise the linked edge cases (EC01, EC02, EC03, EC11, EC06, EC07, EC05); preserve drafts on recoverable failure and enforce the permission contract server-side.","","pending","E03 historical row reports Pending: No verified implementation in this revision. No newer row-specific verification reviewed.","Pending","No verified implementation in this revision.","Docs verified; Official integration docs; Built-in connector. Evidence about Architect only.","E01 || E03#A108","retained_later_scope_current_override_applies","2026-09-25"
"A109","baseline","OpenAPI custom tool","Extensibility","Inherited","Developers","not_assigned","not_assigned","not_assigned","OpenAPI custom tool. Inherited behavior: Create not submitted. Preserve the capability in Kova subject to the related current-scope overrides; Architect observations do not establish Kova delivery.","Individual || Developer || Admin","J09 || J06","SC16 || SC04","Connection owner/Admin grants use; authorized users see metadata, never raw stored key.","EC01 || EC02 || EC03 || EC11 || EC06 || EC07 || EC05","not_verified_in_this_pass","No new application or integration run performed in this documentation pass.","Record implementation revision, environment, actor/role/workspace, inputs, actual execution mode, expected/actual outcome, dated raw result and artifact links; execute listed EC cases. A screenshot or source code alone is insufficient.","Validate OpenAPI schemas, auth and supported operations; restrict network destinations and explicit mutation grants. || Exercise the linked edge cases (EC01, EC02, EC03, EC11, EC06, EC07, EC05); preserve drafts on recoverable failure and enforce the permission contract server-side.","","pending","E03 historical row reports Pending: No verified implementation in this revision. No newer row-specific verification reviewed.","Pending","No verified implementation in this revision.","Live verified; 37-custom-tool-openapi.png; Create not submitted. Evidence about Architect only.","E01 || E03#A109","committed_scope_not_completion","2026-09-25"
"A110","baseline","ACI custom app","Extensibility","Inherited","Developers","not_assigned","not_assigned","not_assigned","ACI custom app. Inherited behavior: Immutable after creation. Preserve the capability in Kova subject to the related current-scope overrides; Architect observations do not establish Kova delivery.","Individual || Developer || Admin","J09 || J06","SC16 || SC04","Connection owner/Admin grants use; authorized users see metadata, never raw stored key.","EC01 || EC02 || EC03 || EC11 || EC06 || EC07 || EC05","not_verified_in_this_pass","No new application or integration run performed in this documentation pass.","Record implementation revision, environment, actor/role/workspace, inputs, actual execution mode, expected/actual outcome, dated raw result and artifact links; execute listed EC cases. A screenshot or source code alone is insufficient.","Register supported ACI app/functions and scoped secret references; unavailable runtime support is visible. || Exercise the linked edge cases (EC01, EC02, EC03, EC11, EC06, EC07, EC05); preserve drafts on recoverable failure and enforce the permission contract server-side.","","pending","E03 historical row reports Pending: No verified implementation in this revision. No newer row-specific verification reviewed.","Pending","No verified implementation in this revision.","Live verified; 38-custom-tool-aci.png; Immutable after creation. Evidence about Architect only.","E01 || E03#A110","committed_scope_not_completion","2026-09-25"
"A111","baseline","MCP server connection","Extensibility","Inherited","Developers","not_assigned","not_assigned","not_assigned","MCP server connection. Inherited behavior: No auth API key or OAuth. Preserve the capability in Kova subject to the related current-scope overrides; Architect observations do not establish Kova delivery.","Individual || Developer || Admin","J09 || J06","SC16 || SC04","Connection owner/Admin grants use; authorized users see metadata, never raw stored key.","EC01 || EC02 || EC03 || EC11 || EC06 || EC07 || EC05","not_verified_in_this_pass","No new application or integration run performed in this documentation pass.","Record implementation revision, environment, actor/role/workspace, inputs, actual execution mode, expected/actual outcome, dated raw result and artifact links; execute listed EC cases. A screenshot or source code alone is insufficient.","Connect an authorized MCP endpoint and inspect capabilities; imported tool descriptions cannot expand permissions. || Exercise the linked edge cases (EC01, EC02, EC03, EC11, EC06, EC07, EC05); preserve drafts on recoverable failure and enforce the permission contract server-side.","","pending","E03 historical row reports Pending: No verified implementation in this revision. No newer row-specific verification reviewed.","Pending","No verified implementation in this revision.","Live verified; 25-connect-mcp-server.png; No auth API key or OAuth. Evidence about Architect only.","E01 || E03#A111","committed_scope_not_completion","2026-09-25"
"A112","baseline","Cross-app MCP reuse","Extensibility","Inherited","Teams","not_assigned","not_assigned","not_assigned","Cross-app MCP reuse. Inherited behavior: Server library shared across apps. Preserve the capability in Kova subject to the related current-scope overrides; Architect observations do not establish Kova delivery.","Individual || Developer || Admin","J09 || J06","SC16 || SC04","Connection owner/Admin grants use; authorized users see metadata, never raw stored key.","EC01 || EC02 || EC03 || EC11 || EC06 || EC07 || EC05","not_verified_in_this_pass","No new application or integration run performed in this documentation pass.","Record implementation revision, environment, actor/role/workspace, inputs, actual execution mode, expected/actual outcome, dated raw result and artifact links; execute listed EC cases. A screenshot or source code alone is insufficient.","Reuse an approved MCP definition across apps with separate grants; no credential leakage between projects. || Exercise the linked edge cases (EC01, EC02, EC03, EC11, EC06, EC07, EC05); preserve drafts on recoverable failure and enforce the permission contract server-side.","","pending","E03 historical row reports Pending: No verified implementation in this revision. No newer row-specific verification reviewed.","Pending","No verified implementation in this revision.","Live verified; 24-mcp-servers.png; Server library shared across apps. Evidence about Architect only.","E01 || E03#A112","committed_scope_not_completion","2026-09-25"
"A113","baseline","Automatic database provisioning","Backend","Inherited","All","not_assigned","not_assigned","not_assigned","Automatic database provisioning. Inherited behavior: Per-app backend. Preserve the capability in Kova subject to the related current-scope overrides; Architect observations do not establish Kova delivery.","Developer || QA || Admin","J13 || J03","SC10","Granted developer role; separate migration approver for destructive impact.","EC01 || EC02 || EC03 || EC11 || EC13 || EC07","not_verified_in_this_pass","No new application or integration run performed in this documentation pass.","Record implementation revision, environment, actor/role/workspace, inputs, actual execution mode, expected/actual outcome, dated raw result and artifact links; execute listed EC cases. A screenshot or source code alone is insufficient.","Provision a real database under approved resource limits and capture connection identity; failed provisioning cleans up. || Exercise the linked edge cases (EC01, EC02, EC03, EC11, EC13, EC07); preserve drafts on recoverable failure and enforce the permission contract server-side.","","pending","E03 historical row reports Pending: No verified implementation in this revision. No newer row-specific verification reviewed.","Pending","No verified implementation in this revision.","Live verified; 27-database-rows.png; Per-app backend. Evidence about Architect only.","E01 || E03#A113","committed_scope_not_completion","2026-09-25"
"A114","baseline","Generated sign-up and sign-in","Backend","Inherited","All","not_assigned","not_assigned","not_assigned","Generated sign-up and sign-in. Inherited behavior: Hashed passwords and sessions. Preserve the capability in Kova subject to the related current-scope overrides; Architect observations do not establish Kova delivery.","Developer || QA || Admin","J13 || J03","SC10","Granted developer role; separate migration approver for destructive impact.","EC01 || EC02 || EC03 || EC11 || EC13 || EC07","not_verified_in_this_pass","No new application or integration run performed in this documentation pass.","Record implementation revision, environment, actor/role/workspace, inputs, actual execution mode, expected/actual outcome, dated raw result and artifact links; execute listed EC cases. A screenshot or source code alone is insufficient.","Generate app signup/sign-in and test it separately from Kova login; unauthorized app requests are rejected. || Exercise the linked edge cases (EC01, EC02, EC03, EC11, EC13, EC07); preserve drafts on recoverable failure and enforce the permission contract server-side.","","pending","E03 historical row reports Pending: No verified implementation in this revision. No newer row-specific verification reviewed.","Pending","No verified implementation in this revision.","Docs verified; Database and auth docs; Hashed passwords and sessions. Evidence about Architect only.","E01 || E03#A114","committed_scope_not_completion","2026-09-25"
"A115","baseline","Table and row browser","Backend","Inherited","Developers","not_assigned","not_assigned","not_assigned","Table and row browser. Inherited behavior: Search counts and pagination. Preserve the capability in Kova subject to the related current-scope overrides; Architect observations do not establish Kova delivery.","Developer || QA || Admin","J13 || J03","SC10","Granted developer role; separate migration approver for destructive impact.","EC01 || EC02 || EC03 || EC11 || EC13 || EC07","not_verified_in_this_pass","No new application or integration run performed in this documentation pass.","Record implementation revision, environment, actor/role/workspace, inputs, actual execution mode, expected/actual outcome, dated raw result and artifact links; execute listed EC cases. A screenshot or source code alone is insufficient.","Browse/create/update/delete authorized rows on the intended database; do not label sample arrays as live data. || Exercise the linked edge cases (EC01, EC02, EC03, EC11, EC13, EC07); preserve drafts on recoverable failure and enforce the permission contract server-side.","","working_locally_reported","E03 historical row reports Working locally: Local table/row browser with creation and deletion. No newer row-specific verification reviewed.","Working locally","Local table/row browser with creation and deletion.","Live verified; 27-database-rows.png; Search counts and pagination. Evidence about Architect only.","E01 || E03#A115","committed_scope_not_completion","2026-09-25"
"A116","baseline","Schema browser","Backend","Inherited","Developers","not_assigned","not_assigned","not_assigned","Schema browser. Inherited behavior: Types PK nullable defaults. Preserve the capability in Kova subject to the related current-scope overrides; Architect observations do not establish Kova delivery.","Developer || QA || Admin","J13 || J03","SC10","Granted developer role; separate migration approver for destructive impact.","EC01 || EC02 || EC03 || EC11 || EC13 || EC07","not_verified_in_this_pass","No new application or integration run performed in this documentation pass.","Record implementation revision, environment, actor/role/workspace, inputs, actual execution mode, expected/actual outcome, dated raw result and artifact links; execute listed EC cases. A screenshot or source code alone is insufficient.","Inspect actual table/column/relationship metadata; stale schema refresh and permission denial are handled. || Exercise the linked edge cases (EC01, EC02, EC03, EC11, EC13, EC07); preserve drafts on recoverable failure and enforce the permission contract server-side.","","partial","E03 historical row reports Partial: Tables represented locally; no column/relationship schema editor. No newer row-specific verification reviewed.","Partial","Tables represented locally; no column/relationship schema editor.","Live verified; 28-database-schema.png; Types PK nullable defaults. Evidence about Architect only.","E01 || E03#A116","committed_scope_not_completion","2026-09-25"
"A117","baseline","Read-only explorer","Backend","Inherited","Developers","not_assigned","not_assigned","not_assigned","Read-only explorer. Inherited behavior: Editing marked coming soon. Preserve the capability in Kova subject to the related current-scope overrides; Architect observations do not establish Kova delivery.","Developer || QA || Admin","J13 || J03","SC10","Granted developer role; separate migration approver for destructive impact.","EC01 || EC02 || EC03 || EC11 || EC13 || EC07","not_verified_in_this_pass","No new application or integration run performed in this documentation pass.","Record implementation revision, environment, actor/role/workspace, inputs, actual execution mode, expected/actual outcome, dated raw result and artifact links; execute listed EC cases. A screenshot or source code alone is insufficient.","Enforce read-only exploration at the backend; crafted writes fail even when UI editing is disabled. || Exercise the linked edge cases (EC01, EC02, EC03, EC11, EC13, EC07); preserve drafts on recoverable failure and enforce the permission contract server-side.","","pending","E03 historical row reports Pending: No verified implementation in this revision. No newer row-specific verification reviewed.","Pending","No verified implementation in this revision.","Live verified; 27-database-rows.png; Editing marked coming soon. Evidence about Architect only.","E01 || E03#A117","committed_scope_not_completion","2026-09-25"
"A118","baseline","PostgreSQL live implementation","Backend","Inherited","Developers","not_assigned","not_assigned","not_assigned","PostgreSQL live implementation. Inherited behavior: Public docs still say NoSQL. Preserve the capability in Kova subject to the related current-scope overrides; Architect observations do not establish Kova delivery.","Developer || QA || Admin","J13 || J03","SC10","Granted developer role; separate migration approver for destructive impact.","EC01 || EC02 || EC03 || EC11 || EC13 || EC07","not_verified_in_this_pass","No new application or integration run performed in this documentation pass.","Record implementation revision, environment, actor/role/workspace, inputs, actual execution mode, expected/actual outcome, dated raw result and artifact links; execute listed EC cases. A screenshot or source code alone is insufficient.","Execute supported operations against live scoped PostgreSQL and record evidence; Kova's own storage is not generated-app proof. || Exercise the linked edge cases (EC01, EC02, EC03, EC11, EC13, EC07); preserve drafts on recoverable failure and enforce the permission contract server-side.","","pending","E03 historical row reports Pending: No verified implementation in this revision. No newer row-specific verification reviewed.","Pending","No verified implementation in this revision.","Discrepancy; 28-database-schema.png; Public docs still say NoSQL. Evidence about Architect only.","E01 || E03#A118","committed_scope_not_completion","2026-09-25"
"A119","baseline","Full file tree","Code","Inherited","Developers","not_assigned","not_assigned","not_assigned","Full file tree. Inherited behavior: 770 files in sample project. Preserve the capability in Kova subject to the related current-scope overrides; Architect observations do not establish Kova delivery.","Developer","J03","SC08 || SC09","Developer with repository grant and branch policy; no production credential inheritance.","EC01 || EC02 || EC03 || EC11 || EC06 || EC04 || EC14","not_verified_in_this_pass","No new application or integration run performed in this documentation pass.","Record implementation revision, environment, actor/role/workspace, inputs, actual execution mode, expected/actual outcome, dated raw result and artifact links; execute listed EC cases. A screenshot or source code alone is insufficient.","Display the actual complete authorized source tree; lazy loading, binary files and missing paths are handled. || Exercise the linked edge cases (EC01, EC02, EC03, EC11, EC06, EC04, EC14); preserve drafts on recoverable failure and enforce the permission contract server-side.","","pending","E03 historical row reports Pending: No verified implementation in this revision. No newer row-specific verification reviewed.","Pending","No verified implementation in this revision.","Live verified; 33-file-tree.png; 770 files in sample project. Evidence about Architect only.","E01 || E03#A119","committed_scope_not_completion","2026-09-25"
"A120","baseline","Source viewer","Code","Inherited","Developers","not_assigned","not_assigned","not_assigned","Source viewer. Inherited behavior: Read-only in-product inspection. Preserve the capability in Kova subject to the related current-scope overrides; Architect observations do not establish Kova delivery.","Developer","J03","SC08 || SC09","Developer with repository grant and branch policy; no production credential inheritance.","EC01 || EC02 || EC03 || EC11 || EC06 || EC04 || EC14","not_verified_in_this_pass","No new application or integration run performed in this documentation pass.","Record implementation revision, environment, actor/role/workspace, inputs, actual execution mode, expected/actual outcome, dated raw result and artifact links; execute listed EC cases. A screenshot or source code alone is insufficient.","Open source at a recorded revision with syntax visibility; draft and executed source are clearly distinguished. || Exercise the linked edge cases (EC01, EC02, EC03, EC11, EC06, EC04, EC14); preserve drafts on recoverable failure and enforce the permission contract server-side.","","partial","E04 reports explicit cloud editor saves with revision conflicts and some browser-local state. Full source editing, autosave and distributed crash recovery remain partial.","Partial","One source draft editor; not a real file tree.","Live verified; 34-source-viewer.png; Read-only in-product inspection. Evidence about Architect only.","E01 || E03#A120 || E04","committed_scope_not_completion","2026-09-25"
"A121","baseline","Encrypted environment variables","Code","Inherited","Developers","not_assigned","not_assigned","not_assigned","Encrypted environment variables. Inherited behavior: No secret submitted. Preserve the capability in Kova subject to the related current-scope overrides; Architect observations do not establish Kova delivery.","Developer || Admin","J03 || J06","SC09 || SC16","Developer for granted nonproduction scopes; Admin for policy/secret grants.","EC01 || EC02 || EC03 || EC11 || EC07 || EC05 || EC14","not_verified_in_this_pass","No new application or integration run performed in this documentation pass.","Record implementation revision, environment, actor/role/workspace, inputs, actual execution mode, expected/actual outcome, dated raw result and artifact links; execute listed EC cases. A screenshot or source code alone is insufficient.","Encrypt secret values server-side and expose references only; no plaintext in browser storage, chat, logs or exports. || Exercise the linked edge cases (EC01, EC02, EC03, EC11, EC07, EC05, EC14); preserve drafts on recoverable failure and enforce the permission contract server-side. || Apply expanded acceptance in COR-001; these requirements supplement or correct this row.","COR-001","partial","E04 explicitly reports no BYOK secret vault. Provider information/configured server credentials do not satisfy encrypted workspace key management.","Pending","No verified implementation in this revision.","Live verified; 31-environment-variables.png; No secret submitted. Evidence about Architect only.","E01 || E03#A121 || E04","committed_scope_not_completion","2026-09-25"
"A122","baseline","Runtime browser and network console","Code","Inherited","Developers","not_assigned","not_assigned","not_assigned","Runtime browser and network console. Inherited behavior: Filter clear and timestamp controls. Preserve the capability in Kova subject to the related current-scope overrides; Architect observations do not establish Kova delivery.","Developer","J03","SC08 || SC09","Developer with repository grant and branch policy; no production credential inheritance.","EC01 || EC02 || EC03 || EC11 || EC06 || EC04 || EC14","not_verified_in_this_pass","No new application or integration run performed in this documentation pass.","Record implementation revision, environment, actor/role/workspace, inputs, actual execution mode, expected/actual outcome, dated raw result and artifact links; execute listed EC cases. A screenshot or source code alone is insufficient.","Inspect runtime browser/network logs tied to the current preview; redact secrets and distinguish build/platform logs. || Exercise the linked edge cases (EC01, EC02, EC03, EC11, EC06, EC04, EC14); preserve drafts on recoverable failure and enforce the permission contract server-side.","","pending","E03 historical row reports Pending: No verified implementation in this revision. No newer row-specific verification reviewed.","Pending","No verified implementation in this revision.","Live verified; 41-console.png; Filter clear and timestamp controls. Evidence about Architect only.","E01 || E03#A122","committed_scope_not_completion","2026-09-25"
"A123","baseline","Visual element selection for prompt","Code","Inherited","All","not_assigned","not_assigned","not_assigned","Visual element selection for prompt. Inherited behavior: Attach UI element to next message. Preserve the capability in Kova subject to the related current-scope overrides; Architect observations do not establish Kova delivery.","Nontechnical || Developer || PM || QA","J12 || J05","SC07 || SC11","Inspection follows source permissions; proposed changes need scope and execution grants.","EC01 || EC02 || EC03 || EC11 || EC08","not_verified_in_this_pass","No new application or integration run performed in this documentation pass.","Record implementation revision, environment, actor/role/workspace, inputs, actual execution mode, expected/actual outcome, dated raw result and artifact links; execute listed EC cases. A screenshot or source code alone is insufficient.","Select a rendered element and attach its stable source mapping to a prompt; stale/unmapped elements are disclosed. || Exercise the linked edge cases (EC01, EC02, EC03, EC11, EC08); preserve drafts on recoverable failure and enforce the permission contract server-side.","","working_locally_reported","E03 historical row reports Working locally: Selected sample elements become scoped prompts. No newer row-specific verification reviewed.","Working locally","Selected sample elements become scoped prompts.","Live visible; 20-builder-app-preview.png; Attach UI element to next message. Evidence about Architect only.","E01 || E03#A123","committed_scope_not_completion","2026-09-25"
"A124","baseline","Long-lived sandbox","Code","Inherited","Developers","not_assigned","not_assigned","not_assigned","Long-lived sandbox. Inherited behavior: Improved environment persistence. Preserve the capability in Kova subject to the related current-scope overrides; Architect observations do not establish Kova delivery.","Developer || Admin","J03 || J06","SC09 || SC16","Developer for granted nonproduction scopes; Admin for policy/secret grants.","EC01 || EC02 || EC03 || EC11 || EC07 || EC05 || EC14","not_verified_in_this_pass","No new application or integration run performed in this documentation pass.","Record implementation revision, environment, actor/role/workspace, inputs, actual execution mode, expected/actual outcome, dated raw result and artifact links; execute listed EC cases. A screenshot or source code alone is insufficient.","Resume a supported isolated environment with its state; expiration or free-quota exhaustion provides recoverable failure. || Exercise the linked edge cases (EC01, EC02, EC03, EC11, EC07, EC05, EC14); preserve drafts on recoverable failure and enforce the permission contract server-side.","","pending","E03 historical row reports Pending: No verified implementation in this revision. No newer row-specific verification reviewed.","Pending","No verified implementation in this revision.","Docs verified; v2.0.2 release notes; Improved environment persistence. Evidence about Architect only.","E01 || E03#A124","committed_scope_not_completion","2026-09-25"
"A125","baseline","Self-healing error fixes","Code","Inherited","All","not_assigned","not_assigned","not_assigned","Self-healing error fixes. Inherited behavior: Automated correction. Preserve the capability in Kova subject to the related current-scope overrides; Architect observations do not establish Kova delivery.","QA || Developer || PM","J05 || J03","SC11","QA owns sign-off; execution uses permitted test environment and latest build.","EC01 || EC02 || EC03 || EC11 || EC08 || EC10","not_verified_in_this_pass","No new application or integration run performed in this documentation pass.","Record implementation revision, environment, actor/role/workspace, inputs, actual execution mode, expected/actual outcome, dated raw result and artifact links; execute listed EC cases. A screenshot or source code alone is insufficient.","Repair an observed error within bounded scope/attempts; rerun the failing test and escalate unresolved failures. || Exercise the linked edge cases (EC01, EC02, EC03, EC11, EC08, EC10); preserve drafts on recoverable failure and enforce the permission contract server-side.","","pending","E03 historical row reports Pending: No verified implementation in this revision. No newer row-specific verification reviewed.","Pending","No verified implementation in this revision.","Docs verified; v2.0.2 release notes; Automated correction. Evidence about Architect only.","E01 || E03#A125","committed_scope_not_completion","2026-09-25"
"A126","baseline","Connect personal GitHub","Git","Inherited","Developers","not_assigned","not_assigned","not_assigned","Connect personal GitHub. Inherited behavior: OAuth not authorized. Preserve the capability in Kova subject to the related current-scope overrides; Architect observations do not establish Kova delivery.","Developer || QA","J03","SC12","Repository contributor subject to CODEOWNERS/branch protection; merge grant separate.","EC01 || EC02 || EC03 || EC11 || EC06 || EC04 || EC09","not_verified_in_this_pass","No new application or integration run performed in this documentation pass.","Record implementation revision, environment, actor/role/workspace, inputs, actual execution mode, expected/actual outcome, dated raw result and artifact links; execute listed EC cases. A screenshot or source code alone is insufficient.","Authorize a GitHub installation for selected repos and verify access; an account connection alone is insufficient. || Exercise the linked edge cases (EC01, EC02, EC03, EC11, EC06, EC04, EC09); preserve drafts on recoverable failure and enforce the permission contract server-side.","","pending","E03 historical row reports Pending: No verified implementation in this revision. No newer row-specific verification reviewed.","Pending","No verified implementation in this revision.","Live verified; 54-github-connect.png; OAuth not authorized. Evidence about Architect only.","E01 || E03#A126","committed_scope_not_completion","2026-09-25"
"A127","baseline","Automatic commit and push","Git","Inherited","Developers","not_assigned","not_assigned","not_assigned","Automatic commit and push. Inherited behavior: After each build. Preserve the capability in Kova subject to the related current-scope overrides; Architect observations do not establish Kova delivery.","Developer || QA","J03","SC12","Repository contributor subject to CODEOWNERS/branch protection; merge grant separate.","EC01 || EC02 || EC03 || EC11 || EC06 || EC04 || EC09","not_verified_in_this_pass","No new application or integration run performed in this documentation pass.","Record implementation revision, environment, actor/role/workspace, inputs, actual execution mode, expected/actual outcome, dated raw result and artifact links; execute listed EC cases. A screenshot or source code alone is insufficient.","Create commits and push to an authorized branch; record SHA and rejection without bypassing branch rules. || Exercise the linked edge cases (EC01, EC02, EC03, EC11, EC06, EC04, EC09); preserve drafts on recoverable failure and enforce the permission contract server-side.","","pending","E03 historical row reports Pending: No verified implementation in this revision. No newer row-specific verification reviewed.","Pending","No verified implementation in this revision.","Live and docs verified; 20-builder-app-preview.png; After each build. Evidence about Architect only.","E01 || E03#A127","committed_scope_not_completion","2026-09-25"
"A128","baseline","Pull push and branch switching","Git","Inherited","Developers","not_assigned","not_assigned","not_assigned","Pull push and branch switching. Inherited behavior: Blocked without repository connection. Preserve the capability in Kova subject to the related current-scope overrides; Architect observations do not establish Kova delivery.","Developer || QA","J03","SC12","Repository contributor subject to CODEOWNERS/branch protection; merge grant separate.","EC01 || EC02 || EC03 || EC11 || EC06 || EC04 || EC09","not_verified_in_this_pass","No new application or integration run performed in this documentation pass.","Record implementation revision, environment, actor/role/workspace, inputs, actual execution mode, expected/actual outcome, dated raw result and artifact links; execute listed EC cases. A screenshot or source code alone is insufficient.","Pull/push/switch branches with dirty-work handling and conflict review; never discard uncommitted edits silently. || Exercise the linked edge cases (EC01, EC02, EC03, EC11, EC06, EC04, EC09); preserve drafts on recoverable failure and enforce the permission contract server-side.","","pending","E03 historical row reports Pending: No verified implementation in this revision. No newer row-specific verification reviewed.","Pending","No verified implementation in this revision.","Docs verified; GitHub docs; Blocked without repository connection. Evidence about Architect only.","E01 || E03#A128","committed_scope_not_completion","2026-09-25"
"A129","baseline","Platform-managed private repository","Git","Inherited","All","not_assigned","not_assigned","not_assigned","Platform-managed private repository. Inherited behavior: Deploy without GitHub. Preserve the capability in Kova subject to the related current-scope overrides; Architect observations do not establish Kova delivery.","Developer || QA","J03","SC12","Repository contributor subject to CODEOWNERS/branch protection; merge grant separate.","EC01 || EC02 || EC03 || EC11 || EC06 || EC04 || EC09","not_verified_in_this_pass","No new application or integration run performed in this documentation pass.","Record implementation revision, environment, actor/role/workspace, inputs, actual execution mode, expected/actual outcome, dated raw result and artifact links; execute listed EC cases. A screenshot or source code alone is insufficient.","Create and manage a private project repository with explicit ownership; verify project isolation and export path. || Exercise the linked edge cases (EC01, EC02, EC03, EC11, EC06, EC04, EC09); preserve drafts on recoverable failure and enforce the permission contract server-side.","","pending","E03 historical row reports Pending: No verified implementation in this revision. No newer row-specific verification reviewed.","Pending","No verified implementation in this revision.","Live and docs verified; 53-first-deploy-flow.png; Deploy without GitHub. Evidence about Architect only.","E01 || E03#A129","committed_scope_not_completion","2026-09-25"
"A130","baseline","Export to personal GitHub","Git","Inherited","Developers","not_assigned","not_assigned","not_assigned","Export to personal GitHub. Inherited behavior: Transfer repository ownership. Preserve the capability in Kova subject to the related current-scope overrides; Architect observations do not establish Kova delivery.","Developer || QA","J03","SC12","Repository contributor subject to CODEOWNERS/branch protection; merge grant separate.","EC01 || EC02 || EC03 || EC11 || EC06 || EC04 || EC09","not_verified_in_this_pass","No new application or integration run performed in this documentation pass.","Record implementation revision, environment, actor/role/workspace, inputs, actual execution mode, expected/actual outcome, dated raw result and artifact links; execute listed EC cases. A screenshot or source code alone is insufficient.","Export to the chosen personal GitHub destination with scope and ownership confirmed; never copy credentials. || Exercise the linked edge cases (EC01, EC02, EC03, EC11, EC06, EC04, EC09); preserve drafts on recoverable failure and enforce the permission contract server-side.","","pending","E03 historical row reports Pending: No verified implementation in this revision. No newer row-specific verification reviewed.","Pending","No verified implementation in this revision.","Docs verified; v2.2.0 release notes; Transfer repository ownership. Evidence about Architect only.","E01 || E03#A130","committed_scope_not_completion","2026-09-25"
"A131","baseline","Import existing Next.js repository","Git","Inherited","Developers","not_assigned","not_assigned","not_assigned","Import existing Next.js repository. Inherited behavior: No import executed. Preserve the capability in Kova subject to the related current-scope overrides; Architect observations do not establish Kova delivery.","Developer || QA","J03","SC12","Repository contributor subject to CODEOWNERS/branch protection; merge grant separate.","EC01 || EC02 || EC03 || EC11 || EC06 || EC04 || EC09","not_verified_in_this_pass","No new application or integration run performed in this documentation pass.","Record implementation revision, environment, actor/role/workspace, inputs, actual execution mode, expected/actual outcome, dated raw result and artifact links; execute listed EC cases. A screenshot or source code alone is insufficient.","Clone a supported Next.js repo, detect commands and execute baseline checks; record unsupported setup rather than rewriting it. || Exercise the linked edge cases (EC01, EC02, EC03, EC11, EC06, EC04, EC09); preserve drafts on recoverable failure and enforce the permission contract server-side.","","pending","E03 historical row reports Pending: No verified implementation in this revision. No newer row-specific verification reviewed.","Pending","No verified implementation in this revision.","Live and docs verified; 07-import-codebase.png; No import executed. Evidence about Architect only.","E01 || E03#A131","committed_scope_not_completion","2026-09-25"
"A132","baseline","GitAgent beta repository","Git","Inherited","Developers","not_assigned","not_assigned","not_assigned","GitAgent beta repository. Inherited behavior: Agent as versioned files. Preserve the capability in Kova subject to the related current-scope overrides; Architect observations do not establish Kova delivery.","Developer || QA","J03","SC12","Repository contributor subject to CODEOWNERS/branch protection; merge grant separate.","EC01 || EC02 || EC03 || EC11 || EC06 || EC04 || EC09","not_verified_in_this_pass","No new application or integration run performed in this documentation pass.","Record implementation revision, environment, actor/role/workspace, inputs, actual execution mode, expected/actual outcome, dated raw result and artifact links; execute listed EC cases. A screenshot or source code alone is insufficient.","Import/export supported GitAgent versioned files; disclose beta limitations and retain ownership. || Exercise the linked edge cases (EC01, EC02, EC03, EC11, EC06, EC04, EC09); preserve drafts on recoverable failure and enforce the permission contract server-side.","","pending","E03 historical row reports Pending: No verified implementation in this revision. No newer row-specific verification reviewed.","Pending","No verified implementation in this revision.","Docs verified; GitAgent docs; Agent as versioned files. Evidence about Architect only.","E01 || E03#A132","committed_scope_not_completion","2026-09-25"
"A133","baseline","Feature testing project setting","Test","Inherited","All","not_assigned","not_assigned","not_assigned","Feature testing project setting. Inherited behavior: Not toggled. Preserve the capability in Kova subject to the related current-scope overrides; Architect observations do not establish Kova delivery.","QA || Developer || PM","J05 || J03","SC11","QA owns sign-off; execution uses permitted test environment and latest build.","EC01 || EC02 || EC03 || EC11 || EC08 || EC10","not_verified_in_this_pass","No new application or integration run performed in this documentation pass.","Record implementation revision, environment, actor/role/workspace, inputs, actual execution mode, expected/actual outcome, dated raw result and artifact links; execute listed EC cases. A screenshot or source code alone is insufficient.","Toggle actual per-project testing policy and persist it; UI selection must control the next supported run. || Exercise the linked edge cases (EC01, EC02, EC03, EC11, EC08, EC10); preserve drafts on recoverable failure and enforce the permission contract server-side.","","pending","E03 historical row reports Pending: No verified implementation in this revision. No newer row-specific verification reviewed.","Pending","No verified implementation in this revision.","Live visible; 29-project-actions-menu.png; Not toggled. Evidence about Architect only.","E01 || E03#A133","committed_scope_not_completion","2026-09-25"
"A134","baseline","Autonomous browser testing agent","Test","Inherited","All","not_assigned","not_assigned","not_assigned","Autonomous browser testing agent. Inherited behavior: Tests and fixes after each build. Preserve the capability in Kova subject to the related current-scope overrides; Architect observations do not establish Kova delivery.","QA || Developer || PM","J05 || J03","SC11","QA owns sign-off; execution uses permitted test environment and latest build.","EC01 || EC02 || EC03 || EC11 || EC08 || EC10","not_verified_in_this_pass","No new application or integration run performed in this documentation pass.","Record implementation revision, environment, actor/role/workspace, inputs, actual execution mode, expected/actual outcome, dated raw result and artifact links; execute listed EC cases. A screenshot or source code alone is insufficient.","Execute browser tests against generated output and retain traces; show failing behavior and bounded repair results. || Exercise the linked edge cases (EC01, EC02, EC03, EC11, EC08, EC10); preserve drafts on recoverable failure and enforce the permission contract server-side.","","pending","E03 historical row reports Pending: No verified implementation in this revision. No newer row-specific verification reviewed.","Pending","No verified implementation in this revision.","Live and docs verified; 35-build-test-option.png; Tests and fixes after each build. Evidence about Architect only.","E01 || E03#A134","committed_scope_not_completion","2026-09-25"
"A135","baseline","Test this build","Test","Inherited","All","not_assigned","not_assigned","not_assigned","Test this build. Inherited behavior: Post-build action. Preserve the capability in Kova subject to the related current-scope overrides; Architect observations do not establish Kova delivery.","QA || Developer || PM","J05 || J03","SC11","QA owns sign-off; execution uses permitted test environment and latest build.","EC01 || EC02 || EC03 || EC11 || EC08 || EC10","not_verified_in_this_pass","No new application or integration run performed in this documentation pass.","Record implementation revision, environment, actor/role/workspace, inputs, actual execution mode, expected/actual outcome, dated raw result and artifact links; execute listed EC cases. A screenshot or source code alone is insufficient.","Run checks on this exact build revision; distinguish configuration, unit, API and browser checks. || Exercise the linked edge cases (EC01, EC02, EC03, EC11, EC08, EC10); preserve drafts on recoverable failure and enforce the permission contract server-side.","","partial","E03 historical row reports Partial: Six real local configuration checks; no repository/browser execution. No newer row-specific verification reviewed.","Partial","Six real local configuration checks; no repository/browser execution.","Live visible; 20-builder-app-preview.png; Post-build action. Evidence about Architect only.","E01 || E03#A135","committed_scope_not_completion","2026-09-25"
"A136","baseline","Embedded app preview","Preview","Inherited","All","not_assigned","not_assigned","not_assigned","Embedded app preview. Inherited behavior: Right workspace. Preserve the capability in Kova subject to the related current-scope overrides; Architect observations do not establish Kova delivery.","Nontechnical || Developer || PM || QA || Client","J12 || J02","SC07 || SC04","Project contributor edits; designated design/PM approver approves; Client only assigned reviews.","EC01 || EC02 || EC03 || EC11 || EC04 || EC14","not_verified_in_this_pass","No new application or integration run performed in this documentation pass.","Record implementation revision, environment, actor/role/workspace, inputs, actual execution mode, expected/actual outcome, dated raw result and artifact links; execute listed EC cases. A screenshot or source code alone is insufficient.","Render the actual selected build in an isolated preview; expose errors and label samples/fixtures. || Exercise the linked edge cases (EC01, EC02, EC03, EC11, EC04, EC14); preserve drafts on recoverable failure and enforce the permission contract server-side.","","partial","E04 reports isolated generated HTML preview and a fixture-driven parent-access test; this is not a full repository runtime or deployed per-change preview.","Partial","Interactive sample preview, not generated code.","Live verified; 20-builder-app-preview.png; Right workspace. Evidence about Architect only.","E01 || E03#A136 || E04","committed_scope_not_completion","2026-09-25"
"A137","baseline","Standalone preview URL","Preview","Inherited","All","not_assigned","not_assigned","not_assigned","Standalone preview URL. Inherited behavior: Built with Architect overlay. Preserve the capability in Kova subject to the related current-scope overrides; Architect observations do not establish Kova delivery.","Nontechnical || Developer || PM || QA || Client","J12 || J02","SC07 || SC04","Project contributor edits; designated design/PM approver approves; Client only assigned reviews.","EC01 || EC02 || EC03 || EC11 || EC04 || EC14","not_verified_in_this_pass","No new application or integration run performed in this documentation pass.","Record implementation revision, environment, actor/role/workspace, inputs, actual execution mode, expected/actual outcome, dated raw result and artifact links; execute listed EC cases. A screenshot or source code alone is insufficient.","Open a valid independently accessible authorized preview URL; revocation/expiry blocks access. || Exercise the linked edge cases (EC01, EC02, EC03, EC11, EC04, EC14); preserve drafts on recoverable failure and enforce the permission contract server-side.","","pending","E03 historical row reports Pending: No verified implementation in this revision. No newer row-specific verification reviewed.","Pending","No verified implementation in this revision.","Live verified; 42-standalone-preview.png; Built with Architect overlay. Evidence about Architect only.","E01 || E03#A137","committed_scope_not_completion","2026-09-25"
"A138","baseline","Refresh and reconnect states","Preview","Inherited","All","not_assigned","not_assigned","not_assigned","Refresh and reconnect states. Inherited behavior: Sandbox recovery. Preserve the capability in Kova subject to the related current-scope overrides; Architect observations do not establish Kova delivery.","Nontechnical || Developer || PM || QA || Client","J12 || J02","SC07 || SC04","Project contributor edits; designated design/PM approver approves; Client only assigned reviews.","EC01 || EC02 || EC03 || EC11 || EC04 || EC14","not_verified_in_this_pass","No new application or integration run performed in this documentation pass.","Record implementation revision, environment, actor/role/workspace, inputs, actual execution mode, expected/actual outcome, dated raw result and artifact links; execute listed EC cases. A screenshot or source code alone is insufficient.","Refresh/reconnect the preview to its environment; preserve project/chat state and explain expired sessions. || Exercise the linked edge cases (EC01, EC02, EC03, EC11, EC04, EC14); preserve drafts on recoverable failure and enforce the permission contract server-side.","","partial","E03 historical row reports Partial: Preview refresh resets the sample component; no remote sandbox reconnect. No newer row-specific verification reviewed.","Partial","Preview refresh resets the sample component; no remote sandbox reconnect.","Live verified; 47-scheduled-agent-project.png; Sandbox recovery. Evidence about Architect only.","E01 || E03#A138","committed_scope_not_completion","2026-09-25"
"A139","baseline","Share project dialog","Collaboration","Inherited","Teams","not_assigned","not_assigned","not_assigned","Share project dialog. Inherited behavior: No invite sent. Preserve the capability in Kova subject to the related current-scope overrides; Architect observations do not establish Kova delivery.","PM || Developer || QA || Admin || Client","J04 || J05 || J07","SC06 || SC20","Membership/project grants enforced on reads, writes, notifications and deep links.","EC01 || EC02 || EC03 || EC11 || EC04 || EC08","not_verified_in_this_pass","No new application or integration run performed in this documentation pass.","Record implementation revision, environment, actor/role/workspace, inputs, actual execution mode, expected/actual outcome, dated raw result and artifact links; execute listed EC cases. A screenshot or source code alone is insufficient.","Share a project with specific roles and revocation; exported JSON is not live shared access. || Exercise the linked edge cases (EC01, EC02, EC03, EC11, EC04, EC08); preserve drafts on recoverable failure and enforce the permission contract server-side.","","partial","E03 historical row reports Partial: Exportable workspace snapshot, no shared live access. No newer row-specific verification reviewed.","Partial","Exportable workspace snapshot, no shared live access.","Live verified; 30-share-project.png; No invite sent. Evidence about Architect only.","E01 || E03#A139","committed_scope_not_completion","2026-09-25"
"A140","baseline","People with access","Collaboration","Inherited","Teams","not_assigned","not_assigned","not_assigned","People with access. Inherited behavior: Access list. Preserve the capability in Kova subject to the related current-scope overrides; Architect observations do not establish Kova delivery.","PM || Developer || QA || Admin || Client","J04 || J05 || J07","SC06 || SC20","Membership/project grants enforced on reads, writes, notifications and deep links.","EC01 || EC02 || EC03 || EC11 || EC04 || EC08","not_verified_in_this_pass","No new application or integration run performed in this documentation pass.","Record implementation revision, environment, actor/role/workspace, inputs, actual execution mode, expected/actual outcome, dated raw result and artifact links; execute listed EC cases. A screenshot or source code alone is insufficient.","List effective project access and its source; show pending invites separately from active members. || Exercise the linked edge cases (EC01, EC02, EC03, EC11, EC04, EC08); preserve drafts on recoverable failure and enforce the permission contract server-side.","","partial","E04 reports cloud-backed personal/company membership, scoped invitations and owner protection; invitation delivery is absent. Fixture browser checks and rollback-only live SQL isolation checks are reported, not rerun here; complete member lifecycle remains unproven.","Partial","Local member/invitation drafts only.","Live verified; 30-share-project.png; Access list. Evidence about Architect only.","E01 || E03#A140 || E04","committed_scope_not_completion","2026-09-25"
"A141","baseline","Same-app shared editing","Collaboration","Inherited","Teams","not_assigned","not_assigned","not_assigned","Same-app shared editing. Inherited behavior: No fork. Preserve the capability in Kova subject to the related current-scope overrides; Architect observations do not establish Kova delivery.","PM || Developer || QA || Admin || Client","J04 || J05 || J07","SC06 || SC20","Membership/project grants enforced on reads, writes, notifications and deep links.","EC01 || EC02 || EC03 || EC11 || EC04 || EC08","not_verified_in_this_pass","No new application or integration run performed in this documentation pass.","Record implementation revision, environment, actor/role/workspace, inputs, actual execution mode, expected/actual outcome, dated raw result and artifact links; execute listed EC cases. A screenshot or source code alone is insufficient.","Edit the same project concurrently with conflict-safe state; no silent last-write-wins loss. || Exercise the linked edge cases (EC01, EC02, EC03, EC11, EC04, EC08); preserve drafts on recoverable failure and enforce the permission contract server-side.","","pending","E03 historical row reports Pending: No verified implementation in this revision. No newer row-specific verification reviewed.","Pending","No verified implementation in this revision.","Docs verified; Sharing docs; No fork. Evidence about Architect only.","E01 || E03#A141","committed_scope_not_completion","2026-09-25"
"A142","baseline","Agents KB and resources shared","Collaboration","Inherited","Teams","not_assigned","not_assigned","not_assigned","Agents KB and resources shared. Inherited behavior: Scope disclosure. Preserve the capability in Kova subject to the related current-scope overrides; Architect observations do not establish Kova delivery.","PM || Developer || QA || Admin || Client","J04 || J05 || J07","SC06 || SC20","Membership/project grants enforced on reads, writes, notifications and deep links.","EC01 || EC02 || EC03 || EC11 || EC04 || EC08","not_verified_in_this_pass","No new application or integration run performed in this documentation pass.","Record implementation revision, environment, actor/role/workspace, inputs, actual execution mode, expected/actual outcome, dated raw result and artifact links; execute listed EC cases. A screenshot or source code alone is insufficient.","Disclose and enforce which definitions/KB/resources are shared; secret values remain excluded. || Exercise the linked edge cases (EC01, EC02, EC03, EC11, EC04, EC08); preserve drafts on recoverable failure and enforce the permission contract server-side.","","pending","E03 historical row reports Pending: No verified implementation in this revision. No newer row-specific verification reviewed.","Pending","No verified implementation in this revision.","Live verified; 30-share-project.png; Scope disclosure. Evidence about Architect only.","E01 || E03#A142","committed_scope_not_completion","2026-09-25"
"A143","baseline","First deploy flow","Deploy","Inherited","All","not_assigned","not_assigned","not_assigned","First deploy flow. Inherited behavior: No deployment submitted. Preserve the capability in Kova subject to the related current-scope overrides; Architect observations do not establish Kova delivery.","Developer || QA || Admin","J14 || J05","SC15","Designated release approver and target credentials required; QA/PR readiness enforced.","EC01 || EC02 || EC03 || EC11 || EC17 || EC08 || EC05","not_verified_in_this_pass","No new application or integration run performed in this documentation pass.","Record implementation revision, environment, actor/role/workspace, inputs, actual execution mode, expected/actual outcome, dated raw result and artifact links; execute listed EC cases. A screenshot or source code alone is insufficient.","Deploy an approved artifact to a supported target and verify URL/health; release snapshots cannot pass. || Exercise the linked edge cases (EC01, EC02, EC03, EC11, EC17, EC08, EC05); preserve drafts on recoverable failure and enforce the permission contract server-side.","","partial","E03 historical row reports Partial: Gated local release snapshot; no hosting deployment. No newer row-specific verification reviewed.","Partial","Gated local release snapshot; no hosting deployment.","Live verified; 53-first-deploy-flow.png; No deployment submitted. Evidence about Architect only.","E01 || E03#A143","committed_scope_not_completion","2026-09-25"
"A144","baseline","Architect public URL","Deploy","Inherited","All","not_assigned","not_assigned","not_assigned","Architect public URL. Inherited behavior: Existing deployment inspected. Preserve the capability in Kova subject to the related current-scope overrides; Architect observations do not establish Kova delivery.","Developer || QA || Admin","J14 || J05","SC15","Designated release approver and target credentials required; QA/PR readiness enforced.","EC01 || EC02 || EC03 || EC11 || EC17 || EC08 || EC05","not_verified_in_this_pass","No new application or integration run performed in this documentation pass.","Record implementation revision, environment, actor/role/workspace, inputs, actual execution mode, expected/actual outcome, dated raw result and artifact links; execute listed EC cases. A screenshot or source code alone is insufficient.","Provide a Kova-branded deployed URL backed by hosting; preserve inherited ID but remove Architect product naming. || Exercise the linked edge cases (EC01, EC02, EC03, EC11, EC17, EC08, EC05); preserve drafts on recoverable failure and enforce the permission contract server-side.","","pending","E03 historical row reports Pending: No verified implementation in this revision. No newer row-specific verification reviewed.","Pending","No verified implementation in this revision.","Live verified; 43-manage-deployment.png; Existing deployment inspected. Evidence about Architect only.","E01 || E03#A144","committed_scope_not_completion","2026-09-25"
"A145","baseline","Rename deployed subdomain","Deploy","Inherited","All","not_assigned","not_assigned","not_assigned","Rename deployed subdomain. Inherited behavior: No rename submitted. Preserve the capability in Kova subject to the related current-scope overrides; Architect observations do not establish Kova delivery.","Developer || QA || Admin","J14 || J05","SC15","Designated release approver and target credentials required; QA/PR readiness enforced.","EC01 || EC02 || EC03 || EC11 || EC17 || EC08 || EC05","not_verified_in_this_pass","No new application or integration run performed in this documentation pass.","Record implementation revision, environment, actor/role/workspace, inputs, actual execution mode, expected/actual outcome, dated raw result and artifact links; execute listed EC cases. A screenshot or source code alone is insufficient.","Rename a deployed subdomain after availability validation; handle DNS/routing transition and failed updates. || Exercise the linked edge cases (EC01, EC02, EC03, EC11, EC17, EC08, EC05); preserve drafts on recoverable failure and enforce the permission contract server-side.","","pending","E03 historical row reports Pending: No verified implementation in this revision. No newer row-specific verification reviewed.","Pending","No verified implementation in this revision.","Live verified; 44-edit-deployment-url.png; No rename submitted. Evidence about Architect only.","E01 || E03#A145","committed_scope_not_completion","2026-09-25"
"A146","baseline","Custom domain","Deploy","Inherited","Teams","not_assigned","not_assigned","not_assigned","Custom domain. Inherited behavior: No domain submitted. Preserve the capability in Kova subject to the related current-scope overrides; Architect observations do not establish Kova delivery.","Developer || QA || Admin","J14 || J05","SC15","Designated release approver and target credentials required; QA/PR readiness enforced.","EC01 || EC02 || EC03 || EC11 || EC17 || EC08 || EC05","not_verified_in_this_pass","No new application or integration run performed in this documentation pass.","Record implementation revision, environment, actor/role/workspace, inputs, actual execution mode, expected/actual outcome, dated raw result and artifact links; execute listed EC cases. A screenshot or source code alone is insufficient.","Verify domain ownership, DNS and TLS before marking ready; show propagation and conflict recovery. || Exercise the linked edge cases (EC01, EC02, EC03, EC11, EC17, EC08, EC05); preserve drafts on recoverable failure and enforce the permission contract server-side.","","pending","E03 historical row reports Pending: No verified implementation in this revision. No newer row-specific verification reviewed.","Pending","No verified implementation in this revision.","Live verified; 45-custom-domain.png; No domain submitted. Evidence about Architect only.","E01 || E03#A146","committed_scope_not_completion","2026-09-25"
"A147","baseline","Redeploy changes","Deploy","Inherited","All","not_assigned","not_assigned","not_assigned","Redeploy changes. Inherited behavior: Not executed. Preserve the capability in Kova subject to the related current-scope overrides; Architect observations do not establish Kova delivery.","Developer || QA || Admin","J14 || J05","SC15","Designated release approver and target credentials required; QA/PR readiness enforced.","EC01 || EC02 || EC03 || EC11 || EC17 || EC08 || EC05","not_verified_in_this_pass","No new application or integration run performed in this documentation pass.","Record implementation revision, environment, actor/role/workspace, inputs, actual execution mode, expected/actual outcome, dated raw result and artifact links; execute listed EC cases. A screenshot or source code alone is insufficient.","Redeploy a selected approved revision and record provider result; failed redeploy retains prior healthy release. || Exercise the linked edge cases (EC01, EC02, EC03, EC11, EC17, EC08, EC05); preserve drafts on recoverable failure and enforce the permission contract server-side.","","pending","E03 historical row reports Pending: No verified implementation in this revision. No newer row-specific verification reviewed.","Pending","No verified implementation in this revision.","Live visible; 43-manage-deployment.png; Not executed. Evidence about Architect only.","E01 || E03#A147","committed_scope_not_completion","2026-09-25"
"A148","baseline","Undeploy","Deploy","Inherited","All","not_assigned","not_assigned","not_assigned","Undeploy. Inherited behavior: Destructive action not executed. Preserve the capability in Kova subject to the related current-scope overrides; Architect observations do not establish Kova delivery.","Developer || QA || Admin","J14 || J05","SC15","Designated release approver and target credentials required; QA/PR readiness enforced.","EC01 || EC02 || EC03 || EC11 || EC17 || EC08 || EC05","not_verified_in_this_pass","No new application or integration run performed in this documentation pass.","Record implementation revision, environment, actor/role/workspace, inputs, actual execution mode, expected/actual outcome, dated raw result and artifact links; execute listed EC cases. A screenshot or source code alone is insufficient.","Confirm undeploy impact and verify service removal; revoked credentials cannot produce a false success. || Exercise the linked edge cases (EC01, EC02, EC03, EC11, EC17, EC08, EC05); preserve drafts on recoverable failure and enforce the permission contract server-side.","","pending","E03 historical row reports Pending: No verified implementation in this revision. No newer row-specific verification reviewed.","Pending","No verified implementation in this revision.","Live visible; 43-manage-deployment.png; Destructive action not executed. Evidence about Architect only.","E01 || E03#A148","committed_scope_not_completion","2026-09-25"
"A149","baseline","Social sharing links","Deploy","Inherited","Creators","not_assigned","not_assigned","not_assigned","Social sharing links. Inherited behavior: LinkedIn X Facebook WhatsApp Instagram. Preserve the capability in Kova subject to the related current-scope overrides; Architect observations do not establish Kova delivery.","Developer || QA || Admin","J14 || J05","SC15","Designated release approver and target credentials required; QA/PR readiness enforced.","EC01 || EC02 || EC03 || EC11 || EC17 || EC08 || EC05","not_verified_in_this_pass","No new application or integration run performed in this documentation pass.","Record implementation revision, environment, actor/role/workspace, inputs, actual execution mode, expected/actual outcome, dated raw result and artifact links; execute listed EC cases. A screenshot or source code alone is insufficient.","Generate correct public social-share targets without private tokens; private projects cannot leak through previews. || Exercise the linked edge cases (EC01, EC02, EC03, EC11, EC17, EC08, EC05); preserve drafts on recoverable failure and enforce the permission contract server-side.","","pending","E03 historical row reports Pending: No verified implementation in this revision. No newer row-specific verification reviewed.","Pending","No verified implementation in this revision.","Live verified; 43-manage-deployment.png; LinkedIn X Facebook WhatsApp Instagram. Evidence about Architect only.","E01 || E03#A149","committed_scope_not_completion","2026-09-25"
"A150","baseline","VPC or on-premise enterprise option","Deploy","Inherited","Enterprise","not_assigned","not_assigned","not_assigned","VPC or on-premise enterprise option. Inherited behavior: Not account-accessible. Preserve the capability in Kova subject to the related current-scope overrides; Architect observations do not establish Kova delivery.","Admin || Developer","J06 || J15","SC16 || SC18","Owner/Admin configures policy; controlled overrides and audited exceptions only.","EC01 || EC02 || EC03 || EC11 || EC07","not_verified_in_this_pass","No new application or integration run performed in this documentation pass.","Record implementation revision, environment, actor/role/workspace, inputs, actual execution mode, expected/actual outcome, dated raw result and artifact links; execute listed EC cases. A screenshot or source code alone is insufficient.","Retain enterprise private/on-premise delivery as later scope; unsupported deployment stays unavailable until isolation is evidenced. || Exercise the linked edge cases (EC01, EC02, EC03, EC11, EC07); preserve drafts on recoverable failure and enforce the permission contract server-side.","","pending","E03 historical row reports Pending: No verified implementation in this revision. No newer row-specific verification reviewed.","Pending","No verified implementation in this revision.","Docs verified; FAQ; Not account-accessible. Evidence about Architect only.","E01 || E03#A150","retained_later_scope_current_override_applies","2026-09-25"
"A151","baseline","Publish during deploy","Marketplace","Inherited","Creators","not_assigned","not_assigned","not_assigned","Publish during deploy. Inherited behavior: Toggle inspected. Preserve the capability in Kova subject to the related current-scope overrides; Architect observations do not establish Kova delivery.","Individual || Nontechnical || Developer || Client","J11","SC19","Browse permitted listings; owner approves publish/clone costs and dependency grants.","EC01 || EC02 || EC03 || EC11 || EC14 || EC05 || EC07","not_verified_in_this_pass","No new application or integration run performed in this documentation pass.","Record implementation revision, environment, actor/role/workspace, inputs, actual execution mode, expected/actual outcome, dated raw result and artifact links; execute listed EC cases. A screenshot or source code alone is insufficient.","Publish only after listing and release approvals; failed deployment cannot create a live marketplace listing. || Exercise the linked edge cases (EC01, EC02, EC03, EC11, EC14, EC05, EC07); preserve drafts on recoverable failure and enforce the permission contract server-side.","","pending","E03 historical row reports Pending: No verified implementation in this revision. No newer row-specific verification reviewed.","Pending","No verified implementation in this revision.","Live verified; 53-first-deploy-flow.png; Toggle inspected. Evidence about Architect only.","E01 || E03#A151","committed_scope_not_completion","2026-09-25"
"A152","baseline","Listing metadata","Marketplace","Inherited","Creators","not_assigned","not_assigned","not_assigned","Listing metadata. Inherited behavior: Category descriptions and up to eight tags. Preserve the capability in Kova subject to the related current-scope overrides; Architect observations do not establish Kova delivery.","Individual || Nontechnical || Developer || Client","J11","SC19","Browse permitted listings; owner approves publish/clone costs and dependency grants.","EC01 || EC02 || EC03 || EC11 || EC14 || EC05 || EC07","not_verified_in_this_pass","No new application or integration run performed in this documentation pass.","Record implementation revision, environment, actor/role/workspace, inputs, actual execution mode, expected/actual outcome, dated raw result and artifact links; execute listed EC cases. A screenshot or source code alone is insufficient.","Validate listing title/category/description and maximum eight tags; save drafts before publication. || Exercise the linked edge cases (EC01, EC02, EC03, EC11, EC14, EC05, EC07); preserve drafts on recoverable failure and enforce the permission contract server-side.","","pending","E03 historical row reports Pending: No verified implementation in this revision. No newer row-specific verification reviewed.","Pending","No verified implementation in this revision.","Live verified; 46-marketplace-app-info.png; Category descriptions and up to eight tags. Evidence about Architect only.","E01 || E03#A152","committed_scope_not_completion","2026-09-25"
"A153","baseline","Owner pays visitor credits","Marketplace","Inherited","Creators","not_assigned","not_assigned","not_assigned","Owner pays visitor credits. Inherited behavior: Important cost warning. Preserve the capability in Kova subject to the related current-scope overrides; Architect observations do not establish Kova delivery.","Individual || Nontechnical || Developer || Client","J11","SC19","Browse permitted listings; owner approves publish/clone costs and dependency grants.","EC01 || EC02 || EC03 || EC11 || EC14 || EC05 || EC07","not_verified_in_this_pass","No new application or integration run performed in this documentation pass.","Record implementation revision, environment, actor/role/workspace, inputs, actual execution mode, expected/actual outcome, dated raw result and artifact links; execute listed EC cases. A screenshot or source code alone is insufficient.","Show owner-funded visitor usage and enforce public-app caps; demo credits cannot pay real provider bills. || Exercise the linked edge cases (EC01, EC02, EC03, EC11, EC14, EC05, EC07); preserve drafts on recoverable failure and enforce the permission contract server-side.","","pending","E03 historical row reports Pending: No verified implementation in this revision. No newer row-specific verification reviewed.","Pending","No verified implementation in this revision.","Live verified; 46-marketplace-app-info.png; Important cost warning. Evidence about Architect only.","E01 || E03#A153","committed_scope_not_completion","2026-09-25"
"A154","baseline","Popular Recent Top Rated sorting","Marketplace","Inherited","All","not_assigned","not_assigned","not_assigned","Popular Recent Top Rated sorting. Inherited behavior: Discovery controls. Preserve the capability in Kova subject to the related current-scope overrides; Architect observations do not establish Kova delivery.","Individual || Nontechnical || Developer || Client","J11","SC19","Browse permitted listings; owner approves publish/clone costs and dependency grants.","EC01 || EC02 || EC03 || EC11 || EC14 || EC05 || EC07","not_verified_in_this_pass","No new application or integration run performed in this documentation pass.","Record implementation revision, environment, actor/role/workspace, inputs, actual execution mode, expected/actual outcome, dated raw result and artifact links; execute listed EC cases. A screenshot or source code alone is insufficient.","Sort listings by supported popularity/recency/rating data; disclose missing metrics and stable ties. || Exercise the linked edge cases (EC01, EC02, EC03, EC11, EC14, EC05, EC07); preserve drafts on recoverable failure and enforce the permission contract server-side.","","pending","E03 historical row reports Pending: No verified implementation in this revision. No newer row-specific verification reviewed.","Pending","No verified implementation in this revision.","Live verified; 16-marketplace.png; Discovery controls. Evidence about Architect only.","E01 || E03#A154","committed_scope_not_completion","2026-09-25"
"A155","baseline","Category use-case integration and LLM filters","Marketplace","Inherited","All","not_assigned","not_assigned","not_assigned","Category use-case integration and LLM filters. Inherited behavior: Multi-facet discovery. Preserve the capability in Kova subject to the related current-scope overrides; Architect observations do not establish Kova delivery.","Individual || Nontechnical || Developer || Client","J11","SC19","Browse permitted listings; owner approves publish/clone costs and dependency grants.","EC01 || EC02 || EC03 || EC11 || EC14 || EC05 || EC07","not_verified_in_this_pass","No new application or integration run performed in this documentation pass.","Record implementation revision, environment, actor/role/workspace, inputs, actual execution mode, expected/actual outcome, dated raw result and artifact links; execute listed EC cases. A screenshot or source code alone is insufficient.","Combine category/use-case/integration/model filters and reset them; counts match results. || Exercise the linked edge cases (EC01, EC02, EC03, EC11, EC14, EC05, EC07); preserve drafts on recoverable failure and enforce the permission contract server-side.","","pending","E03 historical row reports Pending: No verified implementation in this revision. No newer row-specific verification reviewed.","Pending","No verified implementation in this revision.","Live verified; 16-marketplace.png; Multi-facet discovery. Evidence about Architect only.","E01 || E03#A155","committed_scope_not_completion","2026-09-25"
"A156","baseline","Listing metrics and creator profile","Marketplace","Inherited","All","not_assigned","not_assigned","not_assigned","Listing metrics and creator profile. Inherited behavior: Views clones rating and dates. Preserve the capability in Kova subject to the related current-scope overrides; Architect observations do not establish Kova delivery.","Individual || Nontechnical || Developer || Client","J11","SC19","Browse permitted listings; owner approves publish/clone costs and dependency grants.","EC01 || EC02 || EC03 || EC11 || EC14 || EC05 || EC07","not_verified_in_this_pass","No new application or integration run performed in this documentation pass.","Record implementation revision, environment, actor/role/workspace, inputs, actual execution mode, expected/actual outcome, dated raw result and artifact links; execute listed EC cases. A screenshot or source code alone is insufficient.","Show creator and metric provenance/date; missing or unverified metrics are not fabricated. || Exercise the linked edge cases (EC01, EC02, EC03, EC11, EC14, EC05, EC07); preserve drafts on recoverable failure and enforce the permission contract server-side.","","pending","E03 historical row reports Pending: No verified implementation in this revision. No newer row-specific verification reviewed.","Pending","No verified implementation in this revision.","Live verified; 17-marketplace-detail.png; Views clones rating and dates. Evidence about Architect only.","E01 || E03#A156","committed_scope_not_completion","2026-09-25"
"A157","baseline","View App","Marketplace","Inherited","All","not_assigned","not_assigned","not_assigned","View App. Inherited behavior: Open published app. Preserve the capability in Kova subject to the related current-scope overrides; Architect observations do not establish Kova delivery.","Individual || Nontechnical || Developer || Client","J11","SC19","Browse permitted listings; owner approves publish/clone costs and dependency grants.","EC01 || EC02 || EC03 || EC11 || EC14 || EC05 || EC07","not_verified_in_this_pass","No new application or integration run performed in this documentation pass.","Record implementation revision, environment, actor/role/workspace, inputs, actual execution mode, expected/actual outcome, dated raw result and artifact links; execute listed EC cases. A screenshot or source code alone is insufficient.","Open the listed deployed app and handle unavailability/access restrictions without losing listing state. || Exercise the linked edge cases (EC01, EC02, EC03, EC11, EC14, EC05, EC07); preserve drafts on recoverable failure and enforce the permission contract server-side.","","pending","E03 historical row reports Pending: No verified implementation in this revision. No newer row-specific verification reviewed.","Pending","No verified implementation in this revision.","Live verified; 17-marketplace-detail.png; Open published app. Evidence about Architect only.","E01 || E03#A157","committed_scope_not_completion","2026-09-25"
"A158","baseline","Clone App","Marketplace","Inherited","All","not_assigned","not_assigned","not_assigned","Clone App. Inherited behavior: Not executed. Preserve the capability in Kova subject to the related current-scope overrides; Architect observations do not establish Kova delivery.","Individual || Nontechnical || Developer || Client","J11","SC19","Browse permitted listings; owner approves publish/clone costs and dependency grants.","EC01 || EC02 || EC03 || EC11 || EC14 || EC05 || EC07","not_verified_in_this_pass","No new application or integration run performed in this documentation pass.","Record implementation revision, environment, actor/role/workspace, inputs, actual execution mode, expected/actual outcome, dated raw result and artifact links; execute listed EC cases. A screenshot or source code alone is insufficient.","Clone a listing into a new owned project; remap dependencies and omit publisher secrets. || Exercise the linked edge cases (EC01, EC02, EC03, EC11, EC14, EC05, EC07); preserve drafts on recoverable failure and enforce the permission contract server-side.","","partial","E03 historical row reports Partial: Template brief becomes an independent project; not full application cloning. No newer row-specific verification reviewed.","Partial","Template brief becomes an independent project; not full application cloning.","Live visible; 17-marketplace-detail.png; Not executed. Evidence about Architect only.","E01 || E03#A158","committed_scope_not_completion","2026-09-25"
"A159","baseline","Build-mode feature specs","Artifacts","Inherited","Product","not_assigned","not_assigned","not_assigned","Build-mode feature specs. Inherited behavior: Generated in app context. Preserve the capability in Kova subject to the related current-scope overrides; Architect observations do not establish Kova delivery.","Individual || Developer || Admin || Client","J16 || J07","SC21","Owner/granted exporter; secrets and unauthorized client/workspace data excluded.","EC01 || EC02 || EC03 || EC11 || EC07 || EC13","not_verified_in_this_pass","No new application or integration run performed in this documentation pass.","Record implementation revision, environment, actor/role/workspace, inputs, actual execution mode, expected/actual outcome, dated raw result and artifact links; execute listed EC cases. A screenshot or source code alone is insufficient.","Generate editable feature specifications from current project context and version their requirement links. || Exercise the linked edge cases (EC01, EC02, EC03, EC11, EC07, EC13); preserve drafts on recoverable failure and enforce the permission contract server-side.","","pending","E03 historical row reports Pending: No verified implementation in this revision. No newer row-specific verification reviewed.","Pending","No verified implementation in this revision.","Docs verified; Artifacts docs; Generated in app context. Evidence about Architect only.","E01 || E03#A159","committed_scope_not_completion","2026-09-25"
"A160","baseline","Presentations and research documents","Artifacts","Inherited","Product","not_assigned","not_assigned","not_assigned","Presentations and research documents. Inherited behavior: Standalone files. Preserve the capability in Kova subject to the related current-scope overrides; Architect observations do not establish Kova delivery.","Individual || Developer || Admin || Client","J16 || J07","SC21","Owner/granted exporter; secrets and unauthorized client/workspace data excluded.","EC01 || EC02 || EC03 || EC11 || EC07 || EC13","not_verified_in_this_pass","No new application or integration run performed in this documentation pass.","Record implementation revision, environment, actor/role/workspace, inputs, actual execution mode, expected/actual outcome, dated raw result and artifact links; execute listed EC cases. A screenshot or source code alone is insufficient.","Generate requested presentation/research artifacts with source provenance; inspect exported content and layout. || Exercise the linked edge cases (EC01, EC02, EC03, EC11, EC07, EC13); preserve drafts on recoverable failure and enforce the permission contract server-side.","","pending","E03 historical row reports Pending: No verified implementation in this revision. No newer row-specific verification reviewed.","Pending","No verified implementation in this revision.","Docs verified; Artifacts docs; Standalone files. Evidence about Architect only.","E01 || E03#A160","committed_scope_not_completion","2026-09-25"
"A161","baseline","Artifacts tab","Artifacts","Inherited","All","not_assigned","not_assigned","not_assigned","Artifacts tab. Inherited behavior: View download and share. Preserve the capability in Kova subject to the related current-scope overrides; Architect observations do not establish Kova delivery.","Individual || Developer || Admin || Client","J16 || J07","SC21","Owner/granted exporter; secrets and unauthorized client/workspace data excluded.","EC01 || EC02 || EC03 || EC11 || EC07 || EC13","not_verified_in_this_pass","No new application or integration run performed in this documentation pass.","Record implementation revision, environment, actor/role/workspace, inputs, actual execution mode, expected/actual outcome, dated raw result and artifact links; execute listed EC cases. A screenshot or source code alone is insufficient.","List/download/share artifacts with version and permission; invalid/revoked links are blocked. || Exercise the linked edge cases (EC01, EC02, EC03, EC11, EC07, EC13); preserve drafts on recoverable failure and enforce the permission contract server-side.","","pending","E03 historical row reports Pending: No verified implementation in this revision. No newer row-specific verification reviewed.","Pending","No verified implementation in this revision.","Docs verified; Artifacts docs; View download and share. Evidence about Architect only.","E01 || E03#A161","committed_scope_not_completion","2026-09-25"
"A162","baseline","My Usage and All Users","Usage","Inherited","Teams","not_assigned","not_assigned","not_assigned","My Usage and All Users. Inherited behavior: Organization reporting. Preserve the capability in Kova subject to the related current-scope overrides; Architect observations do not establish Kova delivery.","Individual || Admin","J10 || J01","SC03 || SC17","Individual owns personal demo balance; company purchase needs explicit billing grant.","EC01 || EC02 || EC03 || EC11 || EC05 || EC09 || EC10","not_verified_in_this_pass","No new application or integration run performed in this documentation pass.","Record implementation revision, environment, actor/role/workspace, inputs, actual execution mode, expected/actual outcome, dated raw result and artifact links; execute listed EC cases. A screenshot or source code alone is insufficient.","Show own usage to members and aggregate user usage only to authorized roles. || Exercise the linked edge cases (EC01, EC02, EC03, EC11, EC05, EC09, EC10); preserve drafts on recoverable failure and enforce the permission contract server-side. || Apply expanded acceptance in COR-005, COR-006; these requirements supplement or correct this row.","COR-005 || COR-006","partial","E04 reports a simulated credit ledger and checkout. Real provider spend is not synchronized; per-model settlement, hard currency caps and requested profile placement are not established.","Pending","No verified implementation in this revision.","Live verified; 13-usage-dashboard.png; Organization reporting. Evidence about Architect only.","E01 || E03#A162 || E04","committed_scope_not_completion","2026-09-25"
"A163","baseline","7 30 90 day and 12 month ranges","Usage","Inherited","Teams","not_assigned","not_assigned","not_assigned","7 30 90 day and 12 month ranges. Inherited behavior: Time filters. Preserve the capability in Kova subject to the related current-scope overrides; Architect observations do not establish Kova delivery.","Individual || Admin","J10 || J01","SC03 || SC17","Individual owns personal demo balance; company purchase needs explicit billing grant.","EC01 || EC02 || EC03 || EC11 || EC05 || EC09 || EC10","not_verified_in_this_pass","No new application or integration run performed in this documentation pass.","Record implementation revision, environment, actor/role/workspace, inputs, actual execution mode, expected/actual outcome, dated raw result and artifact links; execute listed EC cases. A screenshot or source code alone is insufficient.","Select 7/30/90-day or 12-month windows; timezone boundaries and empty intervals reconcile to ledger. || Exercise the linked edge cases (EC01, EC02, EC03, EC11, EC05, EC09, EC10); preserve drafts on recoverable failure and enforce the permission contract server-side.","","partial","E04 reports a simulated credit ledger and checkout. Real provider spend is not synchronized; per-model settlement, hard currency caps and requested profile placement are not established.","Pending","No verified implementation in this revision.","Live verified; 13-usage-dashboard.png; Time filters. Evidence about Architect only.","E01 || E03#A163 || E04","committed_scope_not_completion","2026-09-25"
"A164","baseline","Graph and optional table","Usage","Inherited","Teams","not_assigned","not_assigned","not_assigned","Graph and optional table. Inherited behavior: Visual and tabular reporting. Preserve the capability in Kova subject to the related current-scope overrides; Architect observations do not establish Kova delivery.","Individual || Admin","J10 || J01","SC03 || SC17","Individual owns personal demo balance; company purchase needs explicit billing grant.","EC01 || EC02 || EC03 || EC11 || EC05 || EC09 || EC10","not_verified_in_this_pass","No new application or integration run performed in this documentation pass.","Record implementation revision, environment, actor/role/workspace, inputs, actual execution mode, expected/actual outcome, dated raw result and artifact links; execute listed EC cases. A screenshot or source code alone is insufficient.","Toggle graph/table for the same dataset; totals and accessible text alternatives agree. || Exercise the linked edge cases (EC01, EC02, EC03, EC11, EC05, EC09, EC10); preserve drafts on recoverable failure and enforce the permission contract server-side.","","partial","E04 reports a simulated credit ledger and checkout. Real provider spend is not synchronized; per-model settlement, hard currency caps and requested profile placement are not established.","Pending","No verified implementation in this revision.","Live verified; 13-usage-dashboard.png; Visual and tabular reporting. Evidence about Architect only.","E01 || E03#A164 || E04","committed_scope_not_completion","2026-09-25"
"A165","baseline","Per-app breakdown and search","Usage","Inherited","Teams","not_assigned","not_assigned","not_assigned","Per-app breakdown and search. Inherited behavior: App-level consumption. Preserve the capability in Kova subject to the related current-scope overrides; Architect observations do not establish Kova delivery.","Individual || Admin","J10 || J01","SC03 || SC17","Individual owns personal demo balance; company purchase needs explicit billing grant.","EC01 || EC02 || EC03 || EC11 || EC05 || EC09 || EC10","not_verified_in_this_pass","No new application or integration run performed in this documentation pass.","Record implementation revision, environment, actor/role/workspace, inputs, actual execution mode, expected/actual outcome, dated raw result and artifact links; execute listed EC cases. A screenshot or source code alone is insufficient.","Search per-app usage and inspect drilldown; cross-workspace projects never appear. || Exercise the linked edge cases (EC01, EC02, EC03, EC11, EC05, EC09, EC10); preserve drafts on recoverable failure and enforce the permission contract server-side.","","partial","E04 reports a simulated credit ledger and checkout. Real provider spend is not synchronized; per-model settlement, hard currency caps and requested profile placement are not established.","Pending","No verified implementation in this revision.","Live verified; 13-usage-dashboard.png; App-level consumption. Evidence about Architect only.","E01 || E03#A165 || E04","committed_scope_not_completion","2026-09-25"
"A166","baseline","Per-agent and token ledger","Usage","Inherited","Technical buyer","not_assigned","not_assigned","not_assigned","Per-agent and token ledger. Inherited behavior: Not visible in aggregate view tested. Preserve the capability in Kova subject to the related current-scope overrides; Architect observations do not establish Kova delivery.","Individual || Admin","J10 || J01","SC03 || SC17","Individual owns personal demo balance; company purchase needs explicit billing grant.","EC01 || EC02 || EC03 || EC11 || EC05 || EC09 || EC10","not_verified_in_this_pass","No new application or integration run performed in this documentation pass.","Record implementation revision, environment, actor/role/workspace, inputs, actual execution mode, expected/actual outcome, dated raw result and artifact links; execute listed EC cases. A screenshot or source code alone is insufficient.","Inspect per-Bot/model tokens and cost with measured/estimated labels; reconcile reservations and final settlement. || Exercise the linked edge cases (EC01, EC02, EC03, EC11, EC05, EC09, EC10); preserve drafts on recoverable failure and enforce the permission contract server-side.","","pending","E03 historical row reports Pending: No verified implementation in this revision. No newer row-specific verification reviewed.","Pending","No verified implementation in this revision.","Docs verified; v2.2.0 release notes; Not visible in aggregate view tested. Evidence about Architect only.","E01 || E03#A166","committed_scope_not_completion","2026-09-25"
"A167","baseline","In-product live chat","Support","Inherited","All","not_assigned","not_assigned","not_assigned","In-product live chat. Inherited behavior: Tawk chat widget. Preserve the capability in Kova subject to the related current-scope overrides; Architect observations do not establish Kova delivery.","Individual || Nontechnical || Developer || PM || QA || Admin || Client","J11","SC22","Explicit sender authority required for submissions; minimize disclosed project data.","EC01 || EC02 || EC03 || EC11 || EC06 || EC07","not_verified_in_this_pass","No new application or integration run performed in this documentation pass.","Record implementation revision, environment, actor/role/workspace, inputs, actual execution mode, expected/actual outcome, dated raw result and artifact links; execute listed EC cases. A screenshot or source code alone is insufficient.","Open available support chat without sending project secrets; unavailable support has a fallback. || Exercise the linked edge cases (EC01, EC02, EC03, EC11, EC06, EC07); preserve drafts on recoverable failure and enforce the permission contract server-side.","","pending","E03 historical row reports Pending: No verified implementation in this revision. No newer row-specific verification reviewed.","Pending","No verified implementation in this revision.","Live verified; 56-support-chat.png; Tawk chat widget. Evidence about Architect only.","E01 || E03#A167","committed_scope_not_completion","2026-09-25"
"A168","baseline","Support form","Support","Inherited","All","not_assigned","not_assigned","not_assigned","Support form. Inherited behavior: Not submitted. Preserve the capability in Kova subject to the related current-scope overrides; Architect observations do not establish Kova delivery.","Individual || Nontechnical || Developer || PM || QA || Admin || Client","J11","SC22","Explicit sender authority required for submissions; minimize disclosed project data.","EC01 || EC02 || EC03 || EC11 || EC06 || EC07","not_verified_in_this_pass","No new application or integration run performed in this documentation pass.","Record implementation revision, environment, actor/role/workspace, inputs, actual execution mode, expected/actual outcome, dated raw result and artifact links; execute listed EC cases. A screenshot or source code alone is insufficient.","Validate and submit an authorized support request with receipt; failure preserves unsent content. || Exercise the linked edge cases (EC01, EC02, EC03, EC11, EC06, EC07); preserve drafts on recoverable failure and enforce the permission contract server-side.","","pending","E03 historical row reports Pending: No verified implementation in this revision. No newer row-specific verification reviewed.","Pending","No verified implementation in this revision.","Docs verified; Help and Support docs; Not submitted. Evidence about Architect only.","E01 || E03#A168","committed_scope_not_completion","2026-09-25"
"A169","baseline","Discord and demo paths","Support","Inherited","All","not_assigned","not_assigned","not_assigned","Discord and demo paths. Inherited behavior: Community and sales. Preserve the capability in Kova subject to the related current-scope overrides; Architect observations do not establish Kova delivery.","Individual || Nontechnical || Developer || PM || QA || Admin || Client","J11","SC22","Explicit sender authority required for submissions; minimize disclosed project data.","EC01 || EC02 || EC03 || EC11 || EC06 || EC07","not_verified_in_this_pass","No new application or integration run performed in this documentation pass.","Record implementation revision, environment, actor/role/workspace, inputs, actual execution mode, expected/actual outcome, dated raw result and artifact links; execute listed EC cases. A screenshot or source code alone is insufficient.","Open approved community/demo destinations; disclose external navigation without implying a purchased service. || Exercise the linked edge cases (EC01, EC02, EC03, EC11, EC06, EC07); preserve drafts on recoverable failure and enforce the permission contract server-side.","","pending","E03 historical row reports Pending: No verified implementation in this revision. No newer row-specific verification reviewed.","Pending","No verified implementation in this revision.","Live and docs verified; 01-home-dashboard.png; Community and sales. Evidence about Architect only.","E01 || E03#A169","committed_scope_not_completion","2026-09-25"
"A170","baseline","Free Starter Pro Max Custom plans","Plans","Inherited","Buyer","not_assigned","not_assigned","not_assigned","Free Starter Pro Max Custom plans. Inherited behavior: Monthly and annual billing. Preserve the capability in Kova subject to the related current-scope overrides; Architect observations do not establish Kova delivery.","Individual || Admin","J10 || J01","SC03 || SC17","Individual owns personal demo balance; company purchase needs explicit billing grant.","EC01 || EC02 || EC03 || EC11 || EC05 || EC09 || EC10","not_verified_in_this_pass","No new application or integration run performed in this documentation pass.","Record implementation revision, environment, actor/role/workspace, inputs, actual execution mode, expected/actual outcome, dated raw result and artifact links; execute listed EC cases. A screenshot or source code alone is insufficient.","Retain plan comparison scope with clearly simulated prices/entitlements; no live purchase or invented entitlement unlock. || Exercise the linked edge cases (EC01, EC02, EC03, EC11, EC05, EC09, EC10); preserve drafts on recoverable failure and enforce the permission contract server-side. || Apply expanded acceptance in SUP-17, COR-004, COR-005, COR-006; these requirements supplement or correct this row.","SUP-17 || COR-004 || COR-005 || COR-006","pending","E03 historical row reports Pending: No verified implementation in this revision. No newer row-specific verification reviewed.","Pending","No verified implementation in this revision.","Docs verified; Plans and Credits docs; Monthly and annual billing. Evidence about Architect only.","E01 || E03#A170","committed_scope_not_completion","2026-09-25"
"FND-001","baseline","Adaptive Guided and Developer experiences","Foundation","New","All","P0","Functional","S01-S16","Provide adaptive guided and developer experiences for all. Switch Guided/Developer views of one project; scope, revision, chat and approvals remain identical.","Individual || Nontechnical || Developer || PM || QA || Admin || Client","J01 || J02","SC02","Read authorized projects; project owner or granted editor for mutations.","EC01 || EC02 || EC03 || EC11 || EC04 || EC13","not_verified_in_this_pass","No new application or integration run performed in this documentation pass.","Record implementation revision, environment, actor/role/workspace, inputs, actual execution mode, expected/actual outcome, dated raw result and artifact links; execute listed EC cases. A screenshot or source code alone is insufficient.","Switch Guided/Developer views of one project; scope, revision, chat and approvals remain identical. || Exercise the linked edge cases (EC01, EC02, EC03, EC11, EC04, EC13); preserve drafts on recoverable failure and enforce the permission contract server-side. || Apply expanded acceptance in SUP-16, COR-007, COR-014; these requirements supplement or correct this row.","SUP-16 || COR-007 || COR-014","partial","E03 historical row reports Partial: Mode changes default code/preview entry and branch detail; deeper adaptive UX remains. No newer row-specific verification reviewed.","Partial","Mode changes default code/preview entry and branch detail; deeper adaptive UX remains.","not_applicable","E02 || E03#FND-001","committed_scope_not_completion","2026-09-25"
"FND-002","baseline","Role-aware onboarding and navigation","Foundation","New","All","P0","Functional-lite","S01-S16","Provide role-aware onboarding and navigation for all. Land directly on prompt/import choices after sign-in; role-relevant controls do not require onboarding.","Individual || Admin","J01 || J06","SC01 || SC02 || SC03","Account owner for own settings; Admin for membership, never self-escalation.","EC01 || EC02 || EC03 || EC11 || EC12","not_verified_in_this_pass","No new application or integration run performed in this documentation pass.","Record implementation revision, environment, actor/role/workspace, inputs, actual execution mode, expected/actual outcome, dated raw result and artifact links; execute listed EC cases. A screenshot or source code alone is insufficient.","Land directly on prompt/import choices after sign-in; role-relevant controls do not require onboarding. || Exercise the linked edge cases (EC01, EC02, EC03, EC11, EC12); preserve drafts on recoverable failure and enforce the permission contract server-side. || Apply expanded acceptance in SUP-13; these requirements supplement or correct this row.","SUP-13","partial","E03 historical row reports Partial: Guided/developer mode only; no role-aware onboarding. No newer row-specific verification reviewed. E10 latest user/parent progress reports rootpersistent, DirectBuilder, BotPortal, BYOKPanel, MemoryPanel and organisation-intent sign-in implemented, currently under verification; row-level acceptance and run evidence are not yet supplied.","Partial","Guided/developer mode only; no role-aware onboarding.","not_applicable","E02 || E03#FND-002 || E10","committed_scope_not_completion","2026-09-25"
"FND-003","baseline","Shared project lifecycle rail","Foundation","New","All","P0","Functional-lite","S01-S16","Provide shared project lifecycle rail for all. Show actual lifecycle state appropriate to Direct Build or Full Delivery; no compulsory Define gate in direct work.","Individual || Nontechnical || Developer || PM","J02 || J03","SC04","Project contributor within persisted task contract; external mutations follow policy.","EC01 || EC02 || EC03 || EC11 || EC09 || EC10 || EC18","not_verified_in_this_pass","No new application or integration run performed in this documentation pass.","Record implementation revision, environment, actor/role/workspace, inputs, actual execution mode, expected/actual outcome, dated raw result and artifact links; execute listed EC cases. A screenshot or source code alone is insufficient.","Show actual lifecycle state appropriate to Direct Build or Full Delivery; no compulsory Define gate in direct work. || Exercise the linked edge cases (EC01, EC02, EC03, EC11, EC09, EC10, EC18); preserve drafts on recoverable failure and enforce the permission contract server-side. || Apply expanded acceptance in SUP-16, COR-007, COR-014; these requirements supplement or correct this row.","SUP-16 || COR-007 || COR-014","working_locally_reported","E03 historical row reports Working locally: Shared five-stage lifecycle and next actions. No newer row-specific verification reviewed.","Working locally","Shared five-stage lifecycle and next actions.","not_applicable","E02 || E03#FND-003","committed_scope_not_completion","2026-09-25"
"FND-004","baseline","Traceability project graph","Foundation","New","All","P0","Functional-lite","S02-S16","Provide traceability project graph for all. Trace one requirement through source, test and deployed artifact; missing links are explicitly unknown.","Nontechnical || Developer || PM || QA","J12 || J05","SC07 || SC11","Inspection follows source permissions; proposed changes need scope and execution grants.","EC01 || EC02 || EC03 || EC11 || EC08","not_verified_in_this_pass","No new application or integration run performed in this documentation pass.","Record implementation revision, environment, actor/role/workspace, inputs, actual execution mode, expected/actual outcome, dated raw result and artifact links; execute listed EC cases. A screenshot or source code alone is insufficient.","Trace one requirement through source, test and deployed artifact; missing links are explicitly unknown. || Exercise the linked edge cases (EC01, EC02, EC03, EC11, EC08); preserve drafts on recoverable failure and enforce the permission contract server-side.","","pending","E03 historical row reports Pending: No verified implementation in this revision. No newer row-specific verification reviewed.","Pending","No verified implementation in this revision.","not_applicable","E02 || E03#FND-004","committed_scope_not_completion","2026-09-25"
"FND-005","baseline","Organization workspace and project hierarchy","Foundation","Enhanced","Teams","P0","Functional-lite","S02-S16","Provide organization workspace and project hierarchy for teams. Create personal/company/project hierarchy and switch it without leaking memberships, credentials or caches.","Admin || Developer","J06 || J15","SC16 || SC18","Owner/Admin configures policy; controlled overrides and audited exceptions only.","EC01 || EC02 || EC03 || EC11 || EC07","not_verified_in_this_pass","No new application or integration run performed in this documentation pass.","Record implementation revision, environment, actor/role/workspace, inputs, actual execution mode, expected/actual outcome, dated raw result and artifact links; execute listed EC cases. A screenshot or source code alone is insufficient.","Create personal/company/project hierarchy and switch it without leaking memberships, credentials or caches. || Exercise the linked edge cases (EC01, EC02, EC03, EC11, EC07); preserve drafts on recoverable failure and enforce the permission contract server-side. || Apply expanded acceptance in SUP-13; these requirements supplement or correct this row.","SUP-13","partial","E04 reports cloud-backed personal/company membership, scoped invitations and owner protection; invitation delivery is absent. Fixture browser checks and rollback-only live SQL isolation checks are reported, not rerun here; complete member lifecycle remains unproven. E10 latest user/parent progress reports rootpersistent, DirectBuilder, BotPortal, BYOKPanel, MemoryPanel and organisation-intent sign-in implemented, currently under verification; row-level acceptance and run evidence are not yet supplied.","Partial","Local projects only; no organization hierarchy.","not_applicable","E02 || E03#FND-005 || E04 || E10","committed_scope_not_completion","2026-09-25"
"FND-006","baseline","Global search and command palette","Foundation","New","All","P1","Functional-lite","S02-S16","Provide global search and command palette for all. Search authorized content and invoke keyboard navigation; inaccessible matches are omitted.","Individual || Nontechnical || Developer || PM || QA || Admin || Client","J01 || J02","SC02","Read authorized projects; project owner or granted editor for mutations.","EC01 || EC02 || EC03 || EC11 || EC04 || EC13","not_verified_in_this_pass","No new application or integration run performed in this documentation pass.","Record implementation revision, environment, actor/role/workspace, inputs, actual execution mode, expected/actual outcome, dated raw result and artifact links; execute listed EC cases. A screenshot or source code alone is insufficient.","Search authorized content and invoke keyboard navigation; inaccessible matches are omitted. || Exercise the linked edge cases (EC01, EC02, EC03, EC11, EC04, EC13); preserve drafts on recoverable failure and enforce the permission contract server-side.","","partial","E03 historical row reports Partial: Keyboard command palette for all project destinations; no content-wide search. No newer row-specific verification reviewed.","Partial","Keyboard command palette for all project destinations; no content-wide search.","not_applicable","E02 || E03#FND-006","committed_scope_not_completion","2026-09-25"
"INT-001","baseline","Create from plain-language idea","Intake","Enhanced","Non-technical","P0","Functional-lite","S01","Provide create from plain-language idea for non-technical. Submit plain language and enter chat immediately; app-specific questions and sensible defaults replace fixed forms.","PM || Developer || Nontechnical","J04 || J03","SC04 || SC05 || SC06","PM owns business scope; Developer owns technical approval; approval bound to version.","EC01 || EC02 || EC03 || EC11 || EC08 || EC04","not_verified_in_this_pass","No new application or integration run performed in this documentation pass.","Record implementation revision, environment, actor/role/workspace, inputs, actual execution mode, expected/actual outcome, dated raw result and artifact links; execute listed EC cases. A screenshot or source code alone is insufficient.","Submit plain language and enter chat immediately; app-specific questions and sensible defaults replace fixed forms. || Exercise the linked edge cases (EC01, EC02, EC03, EC11, EC08, EC04); preserve drafts on recoverable failure and enforce the permission contract server-side. || Apply expanded acceptance in SUP-12, COR-008, COR-009, COR-010; these requirements supplement or correct this row.","SUP-12 || COR-008 || COR-009 || COR-010","partial","E04 reports prompt/project entry and clarification; E06 rejects the fixed form flow and mandatory Direct Build documents. The corrected conversational execution journey is pending. E10 latest user/parent progress reports rootpersistent, DirectBuilder, BotPortal, BYOKPanel, MemoryPanel and organisation-intent sign-in implemented, currently under verification; row-level acceptance and run evidence are not yet supplied.","Working locally","Named project and brief creation.","not_applicable","E02 || E03#INT-001 || E04 || E10","committed_scope_not_completion","2026-09-25"
"INT-002","baseline","Import Jira ClickUp Linear or Azure DevOps work item","Intake","New","Product teams","P0","Simulated","S02","Provide import jira clickup linear or azure devops work item for product teams. Import permitted work items with source IDs, versions and attachments; Notion is the primary current delivery destination.","PM || Developer || Nontechnical","J04 || J03","SC04 || SC05 || SC06","PM owns business scope; Developer owns technical approval; approval bound to version.","EC01 || EC02 || EC03 || EC11 || EC08 || EC04","not_verified_in_this_pass","No new application or integration run performed in this documentation pass.","Record implementation revision, environment, actor/role/workspace, inputs, actual execution mode, expected/actual outcome, dated raw result and artifact links; execute listed EC cases. A screenshot or source code alone is insufficient.","Import permitted work items with source IDs, versions and attachments; Notion is the primary current delivery destination. || Exercise the linked edge cases (EC01, EC02, EC03, EC11, EC08, EC04); preserve drafts on recoverable failure and enforce the permission contract server-side. || Apply expanded acceptance in SUP-12, COR-010; these requirements supplement or correct this row.","SUP-12 || COR-010","partial","E03 historical row reports Partial: Work-item URL reference only. No newer row-specific verification reviewed.","Partial","Work-item URL reference only.","not_applicable","E02 || E03#INT-002","committed_scope_not_completion","2026-09-25"
"INT-003","baseline","Import PRD from Docs Notion Confluence Word or PDF","Intake","Enhanced","Product teams","P0","Functional-lite","S02","Provide import prd from docs notion confluence word or pdf for product teams. Extract an actual document into editable requirements with source anchors; flag unreadable or ambiguous sections.","PM || Developer || Nontechnical","J04 || J03","SC04 || SC05 || SC06","PM owns business scope; Developer owns technical approval; approval bound to version.","EC01 || EC02 || EC03 || EC11 || EC08 || EC04","not_verified_in_this_pass","No new application or integration run performed in this documentation pass.","Record implementation revision, environment, actor/role/workspace, inputs, actual execution mode, expected/actual outcome, dated raw result and artifact links; execute listed EC cases. A screenshot or source code alone is insufficient.","Extract an actual document into editable requirements with source anchors; flag unreadable or ambiguous sections. || Exercise the linked edge cases (EC01, EC02, EC03, EC11, EC08, EC04); preserve drafts on recoverable failure and enforce the permission contract server-side.","","partial","E03 historical row reports Partial: Brief text/reference entry only; no document parsing. No newer row-specific verification reviewed.","Partial","Brief text/reference entry only; no document parsing.","not_applicable","E02 || E03#INT-003","committed_scope_not_completion","2026-09-25"
"INT-004","baseline","Import Figma design and Dev Mode status","Intake","Enhanced","Design teams","P0","Simulated","S02;S06","Provide import figma design and dev mode status for design teams. Import authorized Figma frames/tokens/version and identify missing states; screenshot-only inference stays labelled.","PM || Developer || Nontechnical","J04 || J03","SC04 || SC05 || SC06","PM owns business scope; Developer owns technical approval; approval bound to version.","EC01 || EC02 || EC03 || EC11 || EC08 || EC04","not_verified_in_this_pass","No new application or integration run performed in this documentation pass.","Record implementation revision, environment, actor/role/workspace, inputs, actual execution mode, expected/actual outcome, dated raw result and artifact links; execute listed EC cases. A screenshot or source code alone is insufficient.","Import authorized Figma frames/tokens/version and identify missing states; screenshot-only inference stays labelled. || Exercise the linked edge cases (EC01, EC02, EC03, EC11, EC08, EC04); preserve drafts on recoverable failure and enforce the permission contract server-side.","","partial","E03 historical row reports Partial: Figma URL reference only. No newer row-specific verification reviewed.","Partial","Figma URL reference only.","not_applicable","E02 || E03#INT-004","committed_scope_not_completion","2026-09-25"
"INT-005","baseline","Import one or multiple Git repositories","Intake","Enhanced","Developers","P0","Functional-lite","S03;S04;S10","Provide import one or multiple git repositories for developers. Clone one/multiple repos and record revisions; URL-only records cannot satisfy import.","Developer","J03","SC08 || SC09","Developer with repository grant and branch policy; no production credential inheritance.","EC01 || EC02 || EC03 || EC11 || EC06 || EC04 || EC14","not_verified_in_this_pass","No new application or integration run performed in this documentation pass.","Record implementation revision, environment, actor/role/workspace, inputs, actual execution mode, expected/actual outcome, dated raw result and artifact links; execute listed EC cases. A screenshot or source code alone is insufficient.","Clone one/multiple repos and record revisions; URL-only records cannot satisfy import. || Exercise the linked edge cases (EC01, EC02, EC03, EC11, EC06, EC04, EC14); preserve drafts on recoverable failure and enforce the permission contract server-side.","","partial","E03 historical row reports Partial: Repository URL reference only; no clone. No newer row-specific verification reviewed.","Partial","Repository URL reference only; no clone.","not_applicable","E02 || E03#INT-005","committed_scope_not_completion","2026-09-25"
"INT-006","baseline","Import production issue logs and traces","Intake","New","Operations","P1","Simulated","S05;S16","Provide import production issue logs and traces for operations. Import redacted logs/traces with time and deployment identity; unconnected sources remain unavailable.","Developer || PM || Admin","J14 || J04","SC18","Operator reads scoped telemetry; PM approves scope changes; release authority controls production.","EC01 || EC02 || EC03 || EC11 || EC17 || EC08","not_verified_in_this_pass","No new application or integration run performed in this documentation pass.","Record implementation revision, environment, actor/role/workspace, inputs, actual execution mode, expected/actual outcome, dated raw result and artifact links; execute listed EC cases. A screenshot or source code alone is insufficient.","Import redacted logs/traces with time and deployment identity; unconnected sources remain unavailable. || Exercise the linked edge cases (EC01, EC02, EC03, EC11, EC17, EC08); preserve drafts on recoverable failure and enforce the permission contract server-side.","","pending","E03 historical row reports Pending: No verified implementation in this revision. No newer row-specific verification reviewed.","Pending","No verified implementation in this revision.","not_applicable","E02 || E03#INT-006","committed_scope_not_completion","2026-09-25"
"INT-007","baseline","Clone verified marketplace app agent or workflow","Intake","Enhanced","All","P1","Simulated","S15","Provide clone verified marketplace app agent or workflow for all. Clone an owned copy of a reviewed template, resolve dependencies and replace sample credentials.","Individual || Nontechnical || Developer || Client","J11","SC19","Browse permitted listings; owner approves publish/clone costs and dependency grants.","EC01 || EC02 || EC03 || EC11 || EC14 || EC05 || EC07","not_verified_in_this_pass","No new application or integration run performed in this documentation pass.","Record implementation revision, environment, actor/role/workspace, inputs, actual execution mode, expected/actual outcome, dated raw result and artifact links; execute listed EC cases. A screenshot or source code alone is insufficient.","Clone an owned copy of a reviewed template, resolve dependencies and replace sample credentials. || Exercise the linked edge cases (EC01, EC02, EC03, EC11, EC14, EC05, EC07); preserve drafts on recoverable failure and enforce the permission contract server-side.","","partial","E03 historical row reports Partial: Local starter briefs only. No newer row-specific verification reviewed.","Partial","Local starter briefs only.","not_applicable","E02 || E03#INT-007","committed_scope_not_completion","2026-09-25"
"PLN-001","baseline","AI Consultant opportunity discovery","Planning","Enhanced","Non-technical","P0","Functional-lite","S01","Provide ai consultant opportunity discovery for non-technical. Run optional opportunity discovery with user-grounded assumptions; it never blocks an already supplied build prompt.","Individual || Nontechnical || PM","J11 || J02","SC19 || SC02","Read public/authorized material; explicit grant before using private context.","EC01 || EC02 || EC03 || EC11 || EC14 || EC16","not_verified_in_this_pass","No new application or integration run performed in this documentation pass.","Record implementation revision, environment, actor/role/workspace, inputs, actual execution mode, expected/actual outcome, dated raw result and artifact links; execute listed EC cases. A screenshot or source code alone is insufficient.","Run optional opportunity discovery with user-grounded assumptions; it never blocks an already supplied build prompt. || Exercise the linked edge cases (EC01, EC02, EC03, EC11, EC14, EC16); preserve drafts on recoverable failure and enforce the permission contract server-side.","","pending","E03 historical row reports Pending: No verified implementation in this revision. No newer row-specific verification reviewed.","Pending","No verified implementation in this revision.","not_applicable","E02 || E03#PLN-001","committed_scope_not_completion","2026-09-25"
"PLN-002","baseline","Structured requirement extraction","Planning","New","Product teams","P0","Functional-lite","S01;S02","Provide structured requirement extraction for product teams. Extract requirement statements, owners and acceptance checks from real input; user can correct them.","PM || Developer || Nontechnical","J04 || J03","SC04 || SC05 || SC06","PM owns business scope; Developer owns technical approval; approval bound to version.","EC01 || EC02 || EC03 || EC11 || EC08 || EC04","not_verified_in_this_pass","No new application or integration run performed in this documentation pass.","Record implementation revision, environment, actor/role/workspace, inputs, actual execution mode, expected/actual outcome, dated raw result and artifact links; execute listed EC cases. A screenshot or source code alone is insufficient.","Extract requirement statements, owners and acceptance checks from real input; user can correct them. || Exercise the linked edge cases (EC01, EC02, EC03, EC11, EC08, EC04); preserve drafts on recoverable failure and enforce the permission contract server-side.","","partial","E04 reports prompt/project entry and clarification; E06 rejects the fixed form flow and mandatory Direct Build documents. The corrected conversational execution journey is pending.","Pending","No verified implementation in this revision.","not_applicable","E02 || E03#PLN-002 || E04","committed_scope_not_completion","2026-09-25"
"PLN-003","baseline","Ambiguity and missing-information detection","Planning","New","All","P0","Functional-lite","S01;S02;S07","Provide ambiguity and missing-information detection for all. Ask only blocking app-specific questions in conversation and record answers/owners; no generic clarification form.","PM || Developer || Nontechnical","J04 || J03","SC04 || SC05 || SC06","PM owns business scope; Developer owns technical approval; approval bound to version.","EC01 || EC02 || EC03 || EC11 || EC08 || EC04","not_verified_in_this_pass","No new application or integration run performed in this documentation pass.","Record implementation revision, environment, actor/role/workspace, inputs, actual execution mode, expected/actual outcome, dated raw result and artifact links; execute listed EC cases. A screenshot or source code alone is insufficient.","Ask only blocking app-specific questions in conversation and record answers/owners; no generic clarification form. || Exercise the linked edge cases (EC01, EC02, EC03, EC11, EC08, EC04); preserve drafts on recoverable failure and enforce the permission contract server-side. || Apply expanded acceptance in SUP-10, SUP-12, COR-009, COR-010; these requirements supplement or correct this row.","SUP-10 || SUP-12 || COR-009 || COR-010","partial","E04 reports prompt/project entry and clarification; E06 rejects the fixed form flow and mandatory Direct Build documents. The corrected conversational execution journey is pending. E10 latest user/parent progress reports rootpersistent, DirectBuilder, BotPortal, BYOKPanel, MemoryPanel and organisation-intent sign-in implemented, currently under verification; row-level acceptance and run evidence are not yet supplied.","Pending","No verified implementation in this revision.","not_applicable","E02 || E03#PLN-003 || E04 || E10","committed_scope_not_completion","2026-09-25"
"PLN-004","baseline","Editable living PRD and acceptance criteria","Planning","Enhanced","All","P0","Functional-lite","S01;S02","Provide editable living prd and acceptance criteria for all. Version/edit the Full Delivery PRD and link acceptance criteria; material edits invalidate downstream approvals.","PM || Developer || Nontechnical","J04 || J03","SC04 || SC05 || SC06","PM owns business scope; Developer owns technical approval; approval bound to version.","EC01 || EC02 || EC03 || EC11 || EC08 || EC04","not_verified_in_this_pass","No new application or integration run performed in this documentation pass.","Record implementation revision, environment, actor/role/workspace, inputs, actual execution mode, expected/actual outcome, dated raw result and artifact links; execute listed EC cases. A screenshot or source code alone is insufficient.","Version/edit the Full Delivery PRD and link acceptance criteria; material edits invalidate downstream approvals. || Exercise the linked edge cases (EC01, EC02, EC03, EC11, EC08, EC04); preserve drafts on recoverable failure and enforce the permission contract server-side. || Apply expanded acceptance in SUP-12, COR-010; these requirements supplement or correct this row.","SUP-12 || COR-010","partial","E04 reports editable template PRD/TRD and PM/developer approval; these are templates, not autonomous drafting. Notion publishing and complete revision-bound lifecycle gates remain unconnected or unproven.","Working locally","Editable local PRD and acceptance criteria.","not_applicable","E02 || E03#PLN-004 || E04","committed_scope_not_completion","2026-09-25"
"PLN-005","baseline","Change-impact preview before execution","Planning","New","All","P0","Simulated","S02-S12","Provide change-impact preview before execution for all. Show affected requirements, TRD, services, tests and approvals before a scope-changing execution.","PM || Developer || Nontechnical","J04 || J03","SC04 || SC05 || SC06","PM owns business scope; Developer owns technical approval; approval bound to version.","EC01 || EC02 || EC03 || EC11 || EC08 || EC04","not_verified_in_this_pass","No new application or integration run performed in this documentation pass.","Record implementation revision, environment, actor/role/workspace, inputs, actual execution mode, expected/actual outcome, dated raw result and artifact links; execute listed EC cases. A screenshot or source code alone is insufficient.","Show affected requirements, TRD, services, tests and approvals before a scope-changing execution. || Exercise the linked edge cases (EC01, EC02, EC03, EC11, EC08, EC04); preserve drafts on recoverable failure and enforce the permission contract server-side. || Apply expanded acceptance in SUP-02; these requirements supplement or correct this row.","SUP-02","pending","E03 historical row reports Pending: No verified implementation in this revision. No newer row-specific verification reviewed.","Pending","No verified implementation in this revision.","not_applicable","E02 || E03#PLN-005","committed_scope_not_completion","2026-09-25"
"PLN-006","baseline","Implementation plan with affected resources","Planning","Enhanced","Technical","P0","Simulated","S02-S12","Provide implementation plan with affected resources for technical. Produce a technical plan tied to affected files/services and source versions; developer approval gates full delivery.","PM || Developer || Nontechnical","J04 || J03","SC04 || SC05 || SC06","PM owns business scope; Developer owns technical approval; approval bound to version.","EC01 || EC02 || EC03 || EC11 || EC08 || EC04","not_verified_in_this_pass","No new application or integration run performed in this documentation pass.","Record implementation revision, environment, actor/role/workspace, inputs, actual execution mode, expected/actual outcome, dated raw result and artifact links; execute listed EC cases. A screenshot or source code alone is insufficient.","Produce a technical plan tied to affected files/services and source versions; developer approval gates full delivery. || Exercise the linked edge cases (EC01, EC02, EC03, EC11, EC08, EC04); preserve drafts on recoverable failure and enforce the permission contract server-side. || Apply expanded acceptance in SUP-12, COR-010; these requirements supplement or correct this row.","SUP-12 || COR-010","partial","E04 reports editable template PRD/TRD and PM/developer approval; these are templates, not autonomous drafting. Notion publishing and complete revision-bound lifecycle gates remain unconnected or unproven.","Pending","No verified implementation in this revision.","not_applicable","E02 || E03#PLN-006 || E04","committed_scope_not_completion","2026-09-25"
"PLN-007","baseline","Decision ledger with alternatives and rationale","Planning","New","Teams","P1","Functional-lite","S01-S16","Provide decision ledger with alternatives and rationale for teams. Record decision, alternatives, approver and evidence; superseded choices cannot govern new work.","PM || Developer || Nontechnical","J04 || J03","SC04 || SC05 || SC06","PM owns business scope; Developer owns technical approval; approval bound to version.","EC01 || EC02 || EC03 || EC11 || EC08 || EC04","not_verified_in_this_pass","No new application or integration run performed in this documentation pass.","Record implementation revision, environment, actor/role/workspace, inputs, actual execution mode, expected/actual outcome, dated raw result and artifact links; execute listed EC cases. A screenshot or source code alone is insufficient.","Record decision, alternatives, approver and evidence; superseded choices cannot govern new work. || Exercise the linked edge cases (EC01, EC02, EC03, EC11, EC08, EC04); preserve drafts on recoverable failure and enforce the permission contract server-side. || Apply expanded acceptance in SUP-03, COR-013; these requirements supplement or correct this row.","SUP-03 || COR-013","pending","E03 historical row reports Pending: No verified implementation in this revision. No newer row-specific verification reviewed.","Pending","No verified implementation in this revision.","not_applicable","E02 || E03#PLN-007","committed_scope_not_completion","2026-09-25"
"DES-001","baseline","High-fidelity clickable app mockup","Design","Enhanced","All","P0","Functional-lite","S01;S02","Provide high-fidelity clickable app mockup for all. Produce a request-specific clickable mockup with honest sample/service labels; test requested interactions.","Nontechnical || Developer || PM || QA || Client","J12 || J02","SC07 || SC04","Project contributor edits; designated design/PM approver approves; Client only assigned reviews.","EC01 || EC02 || EC03 || EC11 || EC04 || EC14","not_verified_in_this_pass","No new application or integration run performed in this documentation pass.","Record implementation revision, environment, actor/role/workspace, inputs, actual execution mode, expected/actual outcome, dated raw result and artifact links; execute listed EC cases. A screenshot or source code alone is insufficient.","Produce a request-specific clickable mockup with honest sample/service labels; test requested interactions. || Exercise the linked edge cases (EC01, EC02, EC03, EC11, EC04, EC14); preserve drafts on recoverable failure and enforce the permission contract server-side.","","partial","E03 historical row reports Partial: Interactive sample app with inbox, customer, knowledge routes. No newer row-specific verification reviewed.","Partial","Interactive sample app with inbox, customer, knowledge routes.","not_applicable","E02 || E03#DES-001","committed_scope_not_completion","2026-09-25"
"DES-002","baseline","Figma frame component and token mapping","Design","New","Design and development","P0","Simulated","S02;S06","Provide figma frame component and token mapping for design and development. Map Figma frames/components/tokens to actual implementation paths and disclose unmapped assets.","Nontechnical || Developer || PM || QA || Client","J12 || J02","SC07 || SC04","Project contributor edits; designated design/PM approver approves; Client only assigned reviews.","EC01 || EC02 || EC03 || EC11 || EC04 || EC14","not_verified_in_this_pass","No new application or integration run performed in this documentation pass.","Record implementation revision, environment, actor/role/workspace, inputs, actual execution mode, expected/actual outcome, dated raw result and artifact links; execute listed EC cases. A screenshot or source code alone is insufficient.","Map Figma frames/components/tokens to actual implementation paths and disclose unmapped assets. || Exercise the linked edge cases (EC01, EC02, EC03, EC11, EC04, EC14); preserve drafts on recoverable failure and enforce the permission contract server-side.","","pending","E03 historical row reports Pending: No verified implementation in this revision. No newer row-specific verification reviewed.","Pending","No verified implementation in this revision.","not_applicable","E02 || E03#DES-002","committed_scope_not_completion","2026-09-25"
"DES-003","baseline","Responsive loading empty error and permission state coverage","Design","New","Design teams","P0","Simulated","S01;S06","Provide responsive loading empty error and permission state coverage for design teams. Exercise loading, empty, validation, permission and recovery states at desktop/mobile widths.","Nontechnical || Developer || PM || QA || Client","J12 || J02","SC07 || SC04","Project contributor edits; designated design/PM approver approves; Client only assigned reviews.","EC01 || EC02 || EC03 || EC11 || EC04 || EC14","not_verified_in_this_pass","No new application or integration run performed in this documentation pass.","Record implementation revision, environment, actor/role/workspace, inputs, actual execution mode, expected/actual outcome, dated raw result and artifact links; execute listed EC cases. A screenshot or source code alone is insufficient.","Exercise loading, empty, validation, permission and recovery states at desktop/mobile widths. || Exercise the linked edge cases (EC01, EC02, EC03, EC11, EC04, EC14); preserve drafts on recoverable failure and enforce the permission contract server-side. || Apply expanded acceptance in COR-014; these requirements supplement or correct this row.","COR-014","partial","E03 historical row reports Partial: Responsive layouts and empty/error states; generated app coverage not complete. No newer row-specific verification reviewed.","Partial","Responsive layouts and empty/error states; generated app coverage not complete.","not_applicable","E02 || E03#DES-003","committed_scope_not_completion","2026-09-25"
"DES-004","baseline","Visual design diff and approval","Design","New","Design teams","P1","Simulated","S02;S06","Provide visual design diff and approval for design teams. Compare design revisions visually, capture named approval and invalidate it when relevant output changes.","Nontechnical || Developer || PM || QA || Client","J12 || J02","SC07 || SC04","Project contributor edits; designated design/PM approver approves; Client only assigned reviews.","EC01 || EC02 || EC03 || EC11 || EC04 || EC14","not_verified_in_this_pass","No new application or integration run performed in this documentation pass.","Record implementation revision, environment, actor/role/workspace, inputs, actual execution mode, expected/actual outcome, dated raw result and artifact links; execute listed EC cases. A screenshot or source code alone is insufficient.","Compare design revisions visually, capture named approval and invalidate it when relevant output changes. || Exercise the linked edge cases (EC01, EC02, EC03, EC11, EC04, EC14); preserve drafts on recoverable failure and enforce the permission contract server-side.","","pending","E03 historical row reports Pending: No verified implementation in this revision. No newer row-specific verification reviewed.","Pending","No verified implementation in this revision.","not_applicable","E02 || E03#DES-004","committed_scope_not_completion","2026-09-25"
"DES-005","baseline","Reusable design system with accessibility validation","Design","Enhanced","All","P0","Functional-lite","S01;S02;S06;S15","Provide reusable design system with accessibility validation for all. Apply shared tokens/assets and validate contrast, focus, responsive text and accessible interactions.","Nontechnical || Developer || PM || QA || Client","J12 || J02","SC07 || SC04","Project contributor edits; designated design/PM approver approves; Client only assigned reviews.","EC01 || EC02 || EC03 || EC11 || EC04 || EC14","not_verified_in_this_pass","No new application or integration run performed in this documentation pass.","Record implementation revision, environment, actor/role/workspace, inputs, actual execution mode, expected/actual outcome, dated raw result and artifact links; execute listed EC cases. A screenshot or source code alone is insufficient.","Apply shared tokens/assets and validate contrast, focus, responsive text and accessible interactions. || Exercise the linked edge cases (EC01, EC02, EC03, EC11, EC04, EC14); preserve drafts on recoverable failure and enforce the permission contract server-side. || Apply expanded acceptance in SUP-16, COR-014; these requirements supplement or correct this row.","SUP-16 || COR-014","partial","E04 reports six IDE themes and custom colors. Complete design-system/accessible behavior needs journey-level visual and interaction evidence.","Partial","Versioned design reference page; full accessibility validation pending.","not_applicable","E02 || E03#DES-005 || E04","committed_scope_not_completion","2026-09-25"
"REP-001","baseline","Repository framework and architecture detection","Repository","New","Developers","P0","Functional-lite","S03;S04;S10","Provide repository framework and architecture detection for developers. Detect stack/services from actual cloned files; separate observations from inferred architecture and allow correction.","Developer","J03","SC08 || SC09","Developer with repository grant and branch policy; no production credential inheritance.","EC01 || EC02 || EC03 || EC11 || EC06 || EC04 || EC14","not_verified_in_this_pass","No new application or integration run performed in this documentation pass.","Record implementation revision, environment, actor/role/workspace, inputs, actual execution mode, expected/actual outcome, dated raw result and artifact links; execute listed EC cases. A screenshot or source code alone is insufficient.","Detect stack/services from actual cloned files; separate observations from inferred architecture and allow correction. || Exercise the linked edge cases (EC01, EC02, EC03, EC11, EC06, EC04, EC14); preserve drafts on recoverable failure and enforce the permission contract server-side. || Apply expanded acceptance in SUP-01; these requirements supplement or correct this row.","SUP-01","pending","E03 historical row reports Pending: No verified implementation in this revision. No newer row-specific verification reviewed.","Pending","No verified implementation in this revision.","not_applicable","E02 || E03#REP-001","committed_scope_not_completion","2026-09-25"
"REP-002","baseline","Universal isolated repository change workspace","Repository","New","Developers","P0","Simulated","S03-S12","Provide universal isolated repository change workspace for developers. Execute two changes in isolated checkouts with bounded resources; neither writes the other's files.","Developer","J03","SC08 || SC09","Developer with repository grant and branch policy; no production credential inheritance.","EC01 || EC02 || EC03 || EC11 || EC06 || EC04 || EC14","not_verified_in_this_pass","No new application or integration run performed in this documentation pass.","Record implementation revision, environment, actor/role/workspace, inputs, actual execution mode, expected/actual outcome, dated raw result and artifact links; execute listed EC cases. A screenshot or source code alone is insufficient.","Execute two changes in isolated checkouts with bounded resources; neither writes the other's files. || Exercise the linked edge cases (EC01, EC02, EC03, EC11, EC06, EC04, EC14); preserve drafts on recoverable failure and enforce the permission contract server-side. || Apply expanded acceptance in SUP-04; these requirements supplement or correct this row.","SUP-04","pending","E03 historical row reports Pending: No verified implementation in this revision. No newer row-specific verification reviewed.","Pending","No verified implementation in this revision.","not_applicable","E02 || E03#REP-002","committed_scope_not_completion","2026-09-25"
"REP-003","baseline","Multi-repository service topology","Repository","New","Technical teams","P0","Simulated","S04","Provide multi-repository service topology for technical teams. Map multi-repo APIs, dependencies and owners; developer approves corrections before execution.","Developer","J03","SC08 || SC09","Developer with repository grant and branch policy; no production credential inheritance.","EC01 || EC02 || EC03 || EC11 || EC06 || EC04 || EC14","not_verified_in_this_pass","No new application or integration run performed in this documentation pass.","Record implementation revision, environment, actor/role/workspace, inputs, actual execution mode, expected/actual outcome, dated raw result and artifact links; execute listed EC cases. A screenshot or source code alone is insufficient.","Map multi-repo APIs, dependencies and owners; developer approves corrections before execution. || Exercise the linked edge cases (EC01, EC02, EC03, EC11, EC06, EC04, EC14); preserve drafts on recoverable failure and enforce the permission contract server-side. || Apply expanded acceptance in SUP-01; these requirements supplement or correct this row.","SUP-01","pending","E03 historical row reports Pending: No verified implementation in this revision. No newer row-specific verification reviewed.","Pending","No verified implementation in this revision.","not_applicable","E02 || E03#REP-003","committed_scope_not_completion","2026-09-25"
"REP-004","baseline","Coordinated multi-repo changeset","Repository","New","Technical teams","P0","Simulated","S04","Provide coordinated multi-repo changeset for technical teams. Coordinate a changeset across repos with explicit joins and partial-failure recovery; no hidden partial success.","Developer","J03","SC08 || SC09","Developer with repository grant and branch policy; no production credential inheritance.","EC01 || EC02 || EC03 || EC11 || EC06 || EC04 || EC14","not_verified_in_this_pass","No new application or integration run performed in this documentation pass.","Record implementation revision, environment, actor/role/workspace, inputs, actual execution mode, expected/actual outcome, dated raw result and artifact links; execute listed EC cases. A screenshot or source code alone is insufficient.","Coordinate a changeset across repos with explicit joins and partial-failure recovery; no hidden partial success. || Exercise the linked edge cases (EC01, EC02, EC03, EC11, EC06, EC04, EC14); preserve drafts on recoverable failure and enforce the permission contract server-side. || Apply expanded acceptance in SUP-04; these requirements supplement or correct this row.","SUP-04","pending","E03 historical row reports Pending: No verified implementation in this revision. No newer row-specific verification reviewed.","Pending","No verified implementation in this revision.","not_applicable","E02 || E03#REP-004","committed_scope_not_completion","2026-09-25"
"REP-005","baseline","Monorepo package and dependency graph","Repository","New","Developers","P1","Simulated","S03;S11","Provide monorepo package and dependency graph for developers. Build a package dependency graph from manifests/workspaces; cycles and missing packages are visible.","Developer","J03","SC08 || SC09","Developer with repository grant and branch policy; no production credential inheritance.","EC01 || EC02 || EC03 || EC11 || EC06 || EC04 || EC14","not_verified_in_this_pass","No new application or integration run performed in this documentation pass.","Record implementation revision, environment, actor/role/workspace, inputs, actual execution mode, expected/actual outcome, dated raw result and artifact links; execute listed EC cases. A screenshot or source code alone is insufficient.","Build a package dependency graph from manifests/workspaces; cycles and missing packages are visible. || Exercise the linked edge cases (EC01, EC02, EC03, EC11, EC06, EC04, EC14); preserve drafts on recoverable failure and enforce the permission contract server-side. || Apply expanded acceptance in SUP-01; these requirements supplement or correct this row.","SUP-01","pending","E03 historical row reports Pending: No verified implementation in this revision. No newer row-specific verification reviewed.","Pending","No verified implementation in this revision.","not_applicable","E02 || E03#REP-005","committed_scope_not_completion","2026-09-25"
"REP-006","baseline","Existing build test and CI command detection","Repository","New","Developers","P0","Functional-lite","S03;S10;S11","Provide existing build test and ci command detection for developers. Detect repo-native build/test/CI commands, request corrections and capture baseline outcomes.","Developer","J03","SC08 || SC09","Developer with repository grant and branch policy; no production credential inheritance.","EC01 || EC02 || EC03 || EC11 || EC06 || EC04 || EC14","not_verified_in_this_pass","No new application or integration run performed in this documentation pass.","Record implementation revision, environment, actor/role/workspace, inputs, actual execution mode, expected/actual outcome, dated raw result and artifact links; execute listed EC cases. A screenshot or source code alone is insufficient.","Detect repo-native build/test/CI commands, request corrections and capture baseline outcomes. || Exercise the linked edge cases (EC01, EC02, EC03, EC11, EC06, EC04, EC14); preserve drafts on recoverable failure and enforce the permission contract server-side. || Apply expanded acceptance in SUP-01; these requirements supplement or correct this row.","SUP-01","pending","E03 historical row reports Pending: No verified implementation in this revision. No newer row-specific verification reviewed.","Pending","No verified implementation in this revision.","not_applicable","E02 || E03#REP-006","committed_scope_not_completion","2026-09-25"
"REP-007","baseline","Organization workspace and repository policy inheritance","Repository","New","Engineering leads","P0","Simulated","S02-S14","Provide organization workspace and repository policy inheritance for engineering leads. Resolve company/workspace/repo policies with controlled overrides; child scope cannot loosen mandatory rules.","Developer","J03","SC08 || SC09","Developer with repository grant and branch policy; no production credential inheritance.","EC01 || EC02 || EC03 || EC11 || EC06 || EC04 || EC14","not_verified_in_this_pass","No new application or integration run performed in this documentation pass.","Record implementation revision, environment, actor/role/workspace, inputs, actual execution mode, expected/actual outcome, dated raw result and artifact links; execute listed EC cases. A screenshot or source code alone is insufficient.","Resolve company/workspace/repo policies with controlled overrides; child scope cannot loosen mandatory rules. || Exercise the linked edge cases (EC01, EC02, EC03, EC11, EC06, EC04, EC14); preserve drafts on recoverable failure and enforce the permission contract server-side. || Apply expanded acceptance in SUP-14, COR-012; these requirements supplement or correct this row.","SUP-14 || COR-012","pending","E03 historical row reports Pending: No verified implementation in this revision. No newer row-specific verification reviewed.","Pending","No verified implementation in this revision.","not_applicable","E02 || E03#REP-007","committed_scope_not_completion","2026-09-25"
"REP-008","baseline","Company branching-strategy profiles","Repository","New","Developers","P0","Functional-lite","S03;S04;S12","Provide company branching-strategy profiles for developers. Apply selected branch strategy and validate source/target/naming before creating a branch.","Developer","J03","SC08 || SC09","Developer with repository grant and branch policy; no production credential inheritance.","EC01 || EC02 || EC03 || EC11 || EC06 || EC04 || EC14","not_verified_in_this_pass","No new application or integration run performed in this documentation pass.","Record implementation revision, environment, actor/role/workspace, inputs, actual execution mode, expected/actual outcome, dated raw result and artifact links; execute listed EC cases. A screenshot or source code alone is insufficient.","Apply selected branch strategy and validate source/target/naming before creating a branch. || Exercise the linked edge cases (EC01, EC02, EC03, EC11, EC06, EC04, EC14); preserve drafts on recoverable failure and enforce the permission contract server-side. || Apply expanded acceptance in SUP-14, COR-012; these requirements supplement or correct this row.","SUP-14 || COR-012","working_locally_reported","E03 historical row reports Working locally: Saved branching strategy and base/working branches. No newer row-specific verification reviewed.","Working locally","Saved branching strategy and base/working branches.","not_applicable","E02 || E03#REP-008","committed_scope_not_completion","2026-09-25"
"REP-009","baseline","Protected-branch and CODEOWNERS detection","Repository","New","Developers","P0","Simulated","S03;S04;S12","Provide protected-branch and codeowners detection for developers. Fetch protected-branch/CODEOWNERS requirements; missing privileges block mutation rather than assume no policy.","Developer","J03","SC08 || SC09","Developer with repository grant and branch policy; no production credential inheritance.","EC01 || EC02 || EC03 || EC11 || EC06 || EC04 || EC14","not_verified_in_this_pass","No new application or integration run performed in this documentation pass.","Record implementation revision, environment, actor/role/workspace, inputs, actual execution mode, expected/actual outcome, dated raw result and artifact links; execute listed EC cases. A screenshot or source code alone is insufficient.","Fetch protected-branch/CODEOWNERS requirements; missing privileges block mutation rather than assume no policy. || Exercise the linked edge cases (EC01, EC02, EC03, EC11, EC06, EC04, EC14); preserve drafts on recoverable failure and enforce the permission contract server-side. || Apply expanded acceptance in SUP-14, COR-012; these requirements supplement or correct this row.","SUP-14 || COR-012","pending","E03 historical row reports Pending: No verified implementation in this revision. No newer row-specific verification reviewed.","Pending","No verified implementation in this revision.","not_applicable","E02 || E03#REP-009","committed_scope_not_completion","2026-09-25"
"REP-010","baseline","Compatibility and migration report","Repository","New","Developers","P1","Simulated","S10;S11","Provide compatibility and migration report for developers. Report compatibility, unsupported services and migration options without rewriting working code automatically.","Developer","J03","SC08 || SC09","Developer with repository grant and branch policy; no production credential inheritance.","EC01 || EC02 || EC03 || EC11 || EC06 || EC04 || EC14","not_verified_in_this_pass","No new application or integration run performed in this documentation pass.","Record implementation revision, environment, actor/role/workspace, inputs, actual execution mode, expected/actual outcome, dated raw result and artifact links; execute listed EC cases. A screenshot or source code alone is insufficient.","Report compatibility, unsupported services and migration options without rewriting working code automatically. || Exercise the linked edge cases (EC01, EC02, EC03, EC11, EC06, EC04, EC14); preserve drafts on recoverable failure and enforce the permission contract server-side. || Apply expanded acceptance in SUP-15, COR-002; these requirements supplement or correct this row.","SUP-15 || COR-002","pending","E03 historical row reports Pending: No verified implementation in this revision. No newer row-specific verification reviewed.","Pending","No verified implementation in this revision.","not_applicable","E02 || E03#REP-010","committed_scope_not_completion","2026-09-25"
"DEV-001","baseline","Dependency readiness inventory","Environment","New","Developers","P0","Functional-lite","S03-S14","Provide dependency readiness inventory for developers. Inventory runtime, dependencies, secrets and network access using actual capability checks.","Developer || Admin","J03 || J06","SC09 || SC16","Developer for granted nonproduction scopes; Admin for policy/secret grants.","EC01 || EC02 || EC03 || EC11 || EC07 || EC05 || EC14","not_verified_in_this_pass","No new application or integration run performed in this documentation pass.","Record implementation revision, environment, actor/role/workspace, inputs, actual execution mode, expected/actual outcome, dated raw result and artifact links; execute listed EC cases. A screenshot or source code alone is insufficient.","Inventory runtime, dependencies, secrets and network access using actual capability checks. || Exercise the linked edge cases (EC01, EC02, EC03, EC11, EC07, EC05, EC14); preserve drafts on recoverable failure and enforce the permission contract server-side. || Apply expanded acceptance in SUP-15, COR-002; these requirements supplement or correct this row.","SUP-15 || COR-002","pending","E03 historical row reports Pending: No verified implementation in this revision. No newer row-specific verification reviewed.","Pending","No verified implementation in this revision.","not_applicable","E02 || E03#DEV-001","committed_scope_not_completion","2026-09-25"
"DEV-002","baseline","Connect Provision Mock or Skip resolution","Environment","New","All","P0","Functional-lite","S03-S14","Provide connect provision mock or skip resolution for all. Resolve each missing dependency through Connect/Provision/Mock/Skip; required skipped items block readiness.","Developer || Admin","J03 || J06","SC09 || SC16","Developer for granted nonproduction scopes; Admin for policy/secret grants.","EC01 || EC02 || EC03 || EC11 || EC07 || EC05 || EC14","not_verified_in_this_pass","No new application or integration run performed in this documentation pass.","Record implementation revision, environment, actor/role/workspace, inputs, actual execution mode, expected/actual outcome, dated raw result and artifact links; execute listed EC cases. A screenshot or source code alone is insufficient.","Resolve each missing dependency through Connect/Provision/Mock/Skip; required skipped items block readiness. || Exercise the linked edge cases (EC01, EC02, EC03, EC11, EC07, EC05, EC14); preserve drafts on recoverable failure and enforce the permission contract server-side. || Apply expanded acceptance in SUP-15, COR-002; these requirements supplement or correct this row.","SUP-15 || COR-002","partial","E03 historical row reports Partial: Mock variable configuration only; provisioning not implemented. No newer row-specific verification reviewed.","Partial","Mock variable configuration only; provisioning not implemented.","not_applicable","E02 || E03#DEV-002","committed_scope_not_completion","2026-09-25"
"DEV-003","baseline","Encrypted environment and secret vault","Environment","Enhanced","Developers","P0","Simulated","S03-S14","Provide encrypted environment and secret vault for developers. Store encrypted server-side environment-scoped secrets; audit use without exposing values.","Developer || Admin","J03 || J06","SC09 || SC16","Developer for granted nonproduction scopes; Admin for policy/secret grants.","EC01 || EC02 || EC03 || EC11 || EC07 || EC05 || EC14","not_verified_in_this_pass","No new application or integration run performed in this documentation pass.","Record implementation revision, environment, actor/role/workspace, inputs, actual execution mode, expected/actual outcome, dated raw result and artifact links; execute listed EC cases. A screenshot or source code alone is insufficient.","Store encrypted server-side environment-scoped secrets; audit use without exposing values. || Exercise the linked edge cases (EC01, EC02, EC03, EC11, EC07, EC05, EC14); preserve drafts on recoverable failure and enforce the permission contract server-side. || Apply expanded acceptance in SUP-07, SUP-14, COR-001, COR-012; these requirements supplement or correct this row.","SUP-07 || SUP-14 || COR-001 || COR-012","partial","E04 explicitly reports no BYOK secret vault. Provider information/configured server credentials do not satisfy encrypted workspace key management.","Pending","No verified implementation in this revision.","not_applicable","E02 || E03#DEV-003 || E04","committed_scope_not_completion","2026-09-25"
"DEV-004","baseline","Secure dot-env import and variable classification","Environment","New","Developers","P0","Functional-lite","S03-S14","Provide secure dot-env import and variable classification for developers. Parse .env safely, classify secrets, preview destination and redact values from chat/logs/exports.","Developer || Admin","J03 || J06","SC09 || SC16","Developer for granted nonproduction scopes; Admin for policy/secret grants.","EC01 || EC02 || EC03 || EC11 || EC07 || EC05 || EC14","not_verified_in_this_pass","No new application or integration run performed in this documentation pass.","Record implementation revision, environment, actor/role/workspace, inputs, actual execution mode, expected/actual outcome, dated raw result and artifact links; execute listed EC cases. A screenshot or source code alone is insufficient.","Parse .env safely, classify secrets, preview destination and redact values from chat/logs/exports. || Exercise the linked edge cases (EC01, EC02, EC03, EC11, EC07, EC05, EC14); preserve drafts on recoverable failure and enforce the permission contract server-side.","","pending","E03 historical row reports Pending: No verified implementation in this revision. No newer row-specific verification reviewed.","Pending","No verified implementation in this revision.","not_applicable","E02 || E03#DEV-004","committed_scope_not_completion","2026-09-25"
"DEV-005","baseline","Development test staging and production scopes","Environment","New","Technical teams","P0","Simulated","S02-S14","Provide development test staging and production scopes for technical teams. Separate dev/test/staging/production credentials and data; switching environment never inherits production writes.","Developer || Admin","J03 || J06","SC09 || SC16","Developer for granted nonproduction scopes; Admin for policy/secret grants.","EC01 || EC02 || EC03 || EC11 || EC07 || EC05 || EC14","not_verified_in_this_pass","No new application or integration run performed in this documentation pass.","Record implementation revision, environment, actor/role/workspace, inputs, actual execution mode, expected/actual outcome, dated raw result and artifact links; execute listed EC cases. A screenshot or source code alone is insufficient.","Separate dev/test/staging/production credentials and data; switching environment never inherits production writes. || Exercise the linked edge cases (EC01, EC02, EC03, EC11, EC07, EC05, EC14); preserve drafts on recoverable failure and enforce the permission contract server-side. || Apply expanded acceptance in SUP-07, SUP-14, COR-012; these requirements supplement or correct this row.","SUP-07 || SUP-14 || COR-012","partial","E03 historical row reports Partial: Release target selection only; no scoped real environments. No newer row-specific verification reviewed.","Partial","Release target selection only; no scoped real environments.","not_applicable","E02 || E03#DEV-005","committed_scope_not_completion","2026-09-25"
"DEV-006","baseline","Contract-based service mock generation","Environment","New","Developers","P0","Simulated","S03;S04;S07","Provide contract-based service mock generation for developers. Generate contract-consistent mocks and label them in preview/test evidence; mocks cannot prove live integration.","Developer || Admin","J03 || J06","SC09 || SC16","Developer for granted nonproduction scopes; Admin for policy/secret grants.","EC01 || EC02 || EC03 || EC11 || EC07 || EC05 || EC14","not_verified_in_this_pass","No new application or integration run performed in this documentation pass.","Record implementation revision, environment, actor/role/workspace, inputs, actual execution mode, expected/actual outcome, dated raw result and artifact links; execute listed EC cases. A screenshot or source code alone is insufficient.","Generate contract-consistent mocks and label them in preview/test evidence; mocks cannot prove live integration. || Exercise the linked edge cases (EC01, EC02, EC03, EC11, EC07, EC05, EC14); preserve drafts on recoverable failure and enforce the permission contract server-side.","","pending","E03 historical row reports Pending: No verified implementation in this revision. No newer row-specific verification reviewed.","Pending","No verified implementation in this revision.","not_applicable","E02 || E03#DEV-006","committed_scope_not_completion","2026-09-25"
"DEV-007","baseline","Ephemeral database queue cache and storage provisioning","Environment","New","Developers","P1","Simulated","S03;S04;S08","Provide ephemeral database queue cache and storage provisioning for developers. Provision approved ephemeral services within free/included limits, then verify cleanup and quota failures.","Developer || Admin","J03 || J06","SC09 || SC16","Developer for granted nonproduction scopes; Admin for policy/secret grants.","EC01 || EC02 || EC03 || EC11 || EC07 || EC05 || EC14","not_verified_in_this_pass","No new application or integration run performed in this documentation pass.","Record implementation revision, environment, actor/role/workspace, inputs, actual execution mode, expected/actual outcome, dated raw result and artifact links; execute listed EC cases. A screenshot or source code alone is insufficient.","Provision approved ephemeral services within free/included limits, then verify cleanup and quota failures. || Exercise the linked edge cases (EC01, EC02, EC03, EC11, EC07, EC05, EC14); preserve drafts on recoverable failure and enforce the permission contract server-side.","","pending","E03 historical row reports Pending: No verified implementation in this revision. No newer row-specific verification reviewed.","Pending","No verified implementation in this revision.","not_applicable","E02 || E03#DEV-007","committed_scope_not_completion","2026-09-25"
"DEV-008","baseline","Full browser code editor and file tree","Workspace","Enhanced","Developers","P0","Functional-lite","S03-S12","Provide full browser code editor and file tree for developers. Edit actual files in a complete tree and save to a revision; preview and runtime consume that revision.","Developer","J03","SC08 || SC09","Developer with repository grant and branch policy; no production credential inheritance.","EC01 || EC02 || EC03 || EC11 || EC06 || EC04 || EC14","not_verified_in_this_pass","No new application or integration run performed in this documentation pass.","Record implementation revision, environment, actor/role/workspace, inputs, actual execution mode, expected/actual outcome, dated raw result and artifact links; execute listed EC cases. A screenshot or source code alone is insufficient.","Edit actual files in a complete tree and save to a revision; preview and runtime consume that revision. || Exercise the linked edge cases (EC01, EC02, EC03, EC11, EC06, EC04, EC14); preserve drafts on recoverable failure and enforce the permission contract server-side.","","partial","E04 reports explicit cloud editor saves with revision conflicts and some browser-local state. Full source editing, autosave and distributed crash recovery remain partial.","Partial","Single editable source draft, not full IDE.","not_applicable","E02 || E03#DEV-008 || E04","committed_scope_not_completion","2026-09-25"
"DEV-009","baseline","Integrated terminal and task runner","Workspace","New","Developers","P0","Simulated","S03-S12","Provide integrated terminal and task runner for developers. Run commands in an authorized isolated environment and stream exit status; terminal text cannot stand in for execution.","Developer","J03","SC08 || SC09","Developer with repository grant and branch policy; no production credential inheritance.","EC01 || EC02 || EC03 || EC11 || EC06 || EC04 || EC14","not_verified_in_this_pass","No new application or integration run performed in this documentation pass.","Record implementation revision, environment, actor/role/workspace, inputs, actual execution mode, expected/actual outcome, dated raw result and artifact links; execute listed EC cases. A screenshot or source code alone is insufficient.","Run commands in an authorized isolated environment and stream exit status; terminal text cannot stand in for execution. || Exercise the linked edge cases (EC01, EC02, EC03, EC11, EC06, EC04, EC14); preserve drafts on recoverable failure and enforce the permission contract server-side.","","pending","E03 historical row reports Pending: No verified implementation in this revision. No newer row-specific verification reviewed.","Pending","No verified implementation in this revision.","not_applicable","E02 || E03#DEV-009","committed_scope_not_completion","2026-09-25"
"DEV-010","baseline","API explorer and request history","Workspace","New","Developers","P1","Functional-lite","S04;S07","Provide api explorer and request history for developers. Execute authorized API requests with redacted history and response details; prevent forbidden network destinations.","Developer","J03","SC08 || SC09","Developer with repository grant and branch policy; no production credential inheritance.","EC01 || EC02 || EC03 || EC11 || EC06 || EC04 || EC14","not_verified_in_this_pass","No new application or integration run performed in this documentation pass.","Record implementation revision, environment, actor/role/workspace, inputs, actual execution mode, expected/actual outcome, dated raw result and artifact links; execute listed EC cases. A screenshot or source code alone is insufficient.","Execute authorized API requests with redacted history and response details; prevent forbidden network destinations. || Exercise the linked edge cases (EC01, EC02, EC03, EC11, EC06, EC04, EC14); preserve drafts on recoverable failure and enforce the permission contract server-side.","","pending","E03 historical row reports Pending: No verified implementation in this revision. No newer row-specific verification reviewed.","Pending","No verified implementation in this revision.","not_applicable","E02 || E03#DEV-010","committed_scope_not_completion","2026-09-25"
"AGT-001","baseline","Visual agent and workflow graph","Agents","Enhanced","All","P0","Functional-lite","S01;S09","Provide visual agent and workflow graph for all. Edit workflow topology and validate/save versions; delivery Bots and generated-app agents use separate scopes.","Individual || Developer || Admin","J08 || J03","SC13 || SC14 || SC04","Definition editor configures; run actor and every child stay within parent grant; human gates enforced.","EC01 || EC02 || EC03 || EC11 || EC09 || EC10 || EC16","not_verified_in_this_pass","No new application or integration run performed in this documentation pass.","Record implementation revision, environment, actor/role/workspace, inputs, actual execution mode, expected/actual outcome, dated raw result and artifact links; execute listed EC cases. A screenshot or source code alone is insufficient.","Edit workflow topology and validate/save versions; delivery Bots and generated-app agents use separate scopes. || Exercise the linked edge cases (EC01, EC02, EC03, EC11, EC09, EC10, EC16); preserve drafts on recoverable failure and enforce the permission contract server-side. || Apply expanded acceptance in SUP-11, COR-011, COR-012; these requirements supplement or correct this row.","SUP-11 || COR-011 || COR-012","working_locally_reported","E03 historical row reports Working locally: Interactive graph saved on this device. No newer row-specific verification reviewed.","Working locally","Interactive graph saved on this device.","not_applicable","E02 || E03#AGT-001","committed_scope_not_completion","2026-09-25"
"AGT-002","baseline","Lyzr LangGraph CrewAI OpenAI and custom framework adapters","Agents","New","Agent developers","P0","Simulated","S09;S10","Provide lyzr langgraph crewai openai and custom framework adapters for agent developers. Validate each supported adapter's capabilities and schema; Lyzr paths remain visibly simulated in current delivery.","Individual || Developer || Admin","J08 || J03","SC13 || SC14 || SC04","Definition editor configures; run actor and every child stay within parent grant; human gates enforced.","EC01 || EC02 || EC03 || EC11 || EC09 || EC10 || EC16","not_verified_in_this_pass","No new application or integration run performed in this documentation pass.","Record implementation revision, environment, actor/role/workspace, inputs, actual execution mode, expected/actual outcome, dated raw result and artifact links; execute listed EC cases. A screenshot or source code alone is insufficient.","Validate each supported adapter's capabilities and schema; Lyzr paths remain visibly simulated in current delivery. || Exercise the linked edge cases (EC01, EC02, EC03, EC11, EC09, EC10, EC16); preserve drafts on recoverable failure and enforce the permission contract server-side. || Apply expanded acceptance in SUP-11, COR-011, COR-012; these requirements supplement or correct this row.","SUP-11 || COR-011 || COR-012","partial","E03 historical row reports Partial: Framework selection stored; execution adapters absent. No newer row-specific verification reviewed.","Partial","Framework selection stored; execution adapters absent.","not_applicable","E02 || E03#AGT-002","committed_scope_not_completion","2026-09-25"
"AGT-003","baseline","Two-way visual and agent-code synchronization","Agents","New","Agent developers","P0","Simulated","S09","Provide two-way visual and agent-code synchronization for agent developers. Change visual graph and source in both directions with conflict detection; unsupported constructs remain visible.","Individual || Developer || Admin","J08 || J03","SC13 || SC14 || SC04","Definition editor configures; run actor and every child stay within parent grant; human gates enforced.","EC01 || EC02 || EC03 || EC11 || EC09 || EC10 || EC16","not_verified_in_this_pass","No new application or integration run performed in this documentation pass.","Record implementation revision, environment, actor/role/workspace, inputs, actual execution mode, expected/actual outcome, dated raw result and artifact links; execute listed EC cases. A screenshot or source code alone is insufficient.","Change visual graph and source in both directions with conflict detection; unsupported constructs remain visible. || Exercise the linked edge cases (EC01, EC02, EC03, EC11, EC09, EC10, EC16); preserve drafts on recoverable failure and enforce the permission contract server-side.","","pending","E03 historical row reports Pending: No verified implementation in this revision. No newer row-specific verification reviewed.","Pending","No verified implementation in this revision.","not_applicable","E02 || E03#AGT-003","committed_scope_not_completion","2026-09-25"
"AGT-004","baseline","Per-agent model tool memory knowledge and schema controls","Agents","Enhanced","Agent developers","P0","Functional-lite","S01;S09","Provide per-agent model tool memory knowledge and schema controls for agent developers. Configure each worker's model/tools/memory/knowledge/schemas and verify effective permissions.","Individual || Developer || Admin","J08 || J03","SC13 || SC14 || SC04","Definition editor configures; run actor and every child stay within parent grant; human gates enforced.","EC01 || EC02 || EC03 || EC11 || EC09 || EC10 || EC16","not_verified_in_this_pass","No new application or integration run performed in this documentation pass.","Record implementation revision, environment, actor/role/workspace, inputs, actual execution mode, expected/actual outcome, dated raw result and artifact links; execute listed EC cases. A screenshot or source code alone is insufficient.","Configure each worker's model/tools/memory/knowledge/schemas and verify effective permissions. || Exercise the linked edge cases (EC01, EC02, EC03, EC11, EC09, EC10, EC16); preserve drafts on recoverable failure and enforce the permission contract server-side. || Apply expanded acceptance in SUP-11, COR-011, COR-012; these requirements supplement or correct this row.","SUP-11 || COR-011 || COR-012","partial","E04 reports saved Bot instructions, mode selection and configuration; full per-Bot model/tool/memory/schema behavior remains unproven.","Partial","Per-node instructions and guardrails; missing model, tool, memory, schemas.","not_applicable","E02 || E03#AGT-004 || E04","committed_scope_not_completion","2026-09-25"
"AGT-005","baseline","Conditional loop parallel and human-approval workflow nodes","Agents","New","Agent developers","P0","Simulated","S09","Provide conditional loop parallel and human-approval workflow nodes for agent developers. Run conditional/loop/parallel/human-gate fixtures with termination limits and explicit joins.","Individual || Developer || Admin","J08 || J03","SC13 || SC14 || SC04","Definition editor configures; run actor and every child stay within parent grant; human gates enforced.","EC01 || EC02 || EC03 || EC11 || EC09 || EC10 || EC16","not_verified_in_this_pass","No new application or integration run performed in this documentation pass.","Record implementation revision, environment, actor/role/workspace, inputs, actual execution mode, expected/actual outcome, dated raw result and artifact links; execute listed EC cases. A screenshot or source code alone is insufficient.","Run conditional/loop/parallel/human-gate fixtures with termination limits and explicit joins. || Exercise the linked edge cases (EC01, EC02, EC03, EC11, EC09, EC10, EC16); preserve drafts on recoverable failure and enforce the permission contract server-side. || Apply expanded acceptance in SUP-11, COR-011, COR-012; these requirements supplement or correct this row.","SUP-11 || COR-011 || COR-012","partial","E04 reports approval-gated simulated Bot modes, pause/resume/cancel and failure/retry; no distributed runtime, durable general task queue or complete join/recovery proof.","Partial","Connected graph nodes and risk branch; graph is not executed.","not_applicable","E02 || E03#AGT-005 || E04","committed_scope_not_completion","2026-09-25"
"AGT-006","baseline","Model routing fallback latency and budget rules","Agents","New","Agent developers","P1","Simulated","S09;S16","Provide model routing fallback latency and budget rules for agent developers. Test allowlist/budget/latency routing and fallback; record actual provider and do not silently change billing source.","Individual || Developer || Admin","J08 || J03","SC13 || SC14 || SC04","Definition editor configures; run actor and every child stay within parent grant; human gates enforced.","EC01 || EC02 || EC03 || EC11 || EC09 || EC10 || EC16","not_verified_in_this_pass","No new application or integration run performed in this documentation pass.","Record implementation revision, environment, actor/role/workspace, inputs, actual execution mode, expected/actual outcome, dated raw result and artifact links; execute listed EC cases. A screenshot or source code alone is insufficient.","Test allowlist/budget/latency routing and fallback; record actual provider and do not silently change billing source. || Exercise the linked edge cases (EC01, EC02, EC03, EC11, EC09, EC10, EC16); preserve drafts on recoverable failure and enforce the permission contract server-side. || Apply expanded acceptance in SUP-10; these requirements supplement or correct this row.","SUP-10","pending","E03 historical row reports Pending: No verified implementation in this revision. No newer row-specific verification reviewed.","Pending","No verified implementation in this revision.","not_applicable","E02 || E03#AGT-006","committed_scope_not_completion","2026-09-25"
"AGT-007","baseline","Agent evaluation datasets scorers and thresholds","Agents","New","Agent and QA teams","P0","Simulated","S09;S13","Provide agent evaluation datasets scorers and thresholds for agent and qa teams. Evaluate versioned workflows on representative fixtures with threshold comparison and regression reports.","Individual || Developer || Admin","J08 || J03","SC13 || SC14 || SC04","Definition editor configures; run actor and every child stay within parent grant; human gates enforced.","EC01 || EC02 || EC03 || EC11 || EC09 || EC10 || EC16","not_verified_in_this_pass","No new application or integration run performed in this documentation pass.","Record implementation revision, environment, actor/role/workspace, inputs, actual execution mode, expected/actual outcome, dated raw result and artifact links; execute listed EC cases. A screenshot or source code alone is insufficient.","Evaluate versioned workflows on representative fixtures with threshold comparison and regression reports. || Exercise the linked edge cases (EC01, EC02, EC03, EC11, EC09, EC10, EC16); preserve drafts on recoverable failure and enforce the permission contract server-side. || Apply expanded acceptance in SUP-06, SUP-11, COR-011, COR-012; these requirements supplement or correct this row.","SUP-06 || SUP-11 || COR-011 || COR-012","pending","E03 historical row reports Pending: No verified implementation in this revision. No newer row-specific verification reviewed.","Pending","No verified implementation in this revision.","not_applicable","E02 || E03#AGT-007","committed_scope_not_completion","2026-09-25"
"AGT-008","baseline","Agent trace replay and step debugging","Agents","New","Agent developers","P0","Simulated","S05;S09;S16","Provide agent trace replay and step debugging for agent developers. Replay recorded step inputs/outputs with redaction; replay cannot repeat completed external mutations.","Individual || Developer || Admin","J08 || J03","SC13 || SC14 || SC04","Definition editor configures; run actor and every child stay within parent grant; human gates enforced.","EC01 || EC02 || EC03 || EC11 || EC09 || EC10 || EC16","not_verified_in_this_pass","No new application or integration run performed in this documentation pass.","Record implementation revision, environment, actor/role/workspace, inputs, actual execution mode, expected/actual outcome, dated raw result and artifact links; execute listed EC cases. A screenshot or source code alone is insufficient.","Replay recorded step inputs/outputs with redaction; replay cannot repeat completed external mutations. || Exercise the linked edge cases (EC01, EC02, EC03, EC11, EC09, EC10, EC16); preserve drafts on recoverable failure and enforce the permission contract server-side. || Apply expanded acceptance in SUP-06, SUP-11, COR-011, COR-012; these requirements supplement or correct this row.","SUP-06 || SUP-11 || COR-011 || COR-012","pending","E03 historical row reports Pending: No verified implementation in this revision. No newer row-specific verification reviewed.","Pending","No verified implementation in this revision.","not_applicable","E02 || E03#AGT-008","committed_scope_not_completion","2026-09-25"
"AGT-009","baseline","Prompt injection PII output and tool guardrails","Agents","Enhanced","Security teams","P0","Simulated","S09;S14","Provide prompt injection pii output and tool guardrails for security teams. Test malicious instructions, PII output and forbidden tool calls; server-side policy denies escalation.","Individual || Developer || Admin","J08 || J03","SC13 || SC14 || SC04","Definition editor configures; run actor and every child stay within parent grant; human gates enforced.","EC01 || EC02 || EC03 || EC11 || EC09 || EC10 || EC16","not_verified_in_this_pass","No new application or integration run performed in this documentation pass.","Record implementation revision, environment, actor/role/workspace, inputs, actual execution mode, expected/actual outcome, dated raw result and artifact links; execute listed EC cases. A screenshot or source code alone is insufficient.","Test malicious instructions, PII output and forbidden tool calls; server-side policy denies escalation. || Exercise the linked edge cases (EC01, EC02, EC03, EC11, EC09, EC10, EC16); preserve drafts on recoverable failure and enforce the permission contract server-side.","","partial","E03 historical row reports Partial: Guardrail flags; not enforced in a running agent. No newer row-specific verification reviewed.","Partial","Guardrail flags; not enforced in a running agent.","not_applicable","E02 || E03#AGT-009","committed_scope_not_completion","2026-09-25"
"DAT-001","baseline","Managed database provisioning and explorer","Data","Enhanced","All","P0","Functional-lite","S01;S08","Provide managed database provisioning and explorer for all. Provision and inspect a real generated-app database; distinguish it from Kova metadata storage and sample data.","Developer || QA || Admin","J13 || J03","SC10","Granted developer role; separate migration approver for destructive impact.","EC01 || EC02 || EC03 || EC11 || EC13 || EC07","not_verified_in_this_pass","No new application or integration run performed in this documentation pass.","Record implementation revision, environment, actor/role/workspace, inputs, actual execution mode, expected/actual outcome, dated raw result and artifact links; execute listed EC cases. A screenshot or source code alone is insufficient.","Provision and inspect a real generated-app database; distinguish it from Kova metadata storage and sample data. || Exercise the linked edge cases (EC01, EC02, EC03, EC11, EC13, EC07); preserve drafts on recoverable failure and enforce the permission contract server-side.","","partial","E03 historical row reports Partial: Local data browser only; no managed provisioning. No newer row-specific verification reviewed.","Partial","Local data browser only; no managed provisioning.","not_applicable","E02 || E03#DAT-001","committed_scope_not_completion","2026-09-25"
"DAT-002","baseline","Editable schema and relationship designer","Data","New","Developers","P0","Simulated","S08","Provide editable schema and relationship designer for developers. Edit schema/relations as a proposed migration with validation and explicit approval before application.","Developer || QA || Admin","J13 || J03","SC10","Granted developer role; separate migration approver for destructive impact.","EC01 || EC02 || EC03 || EC11 || EC13 || EC07","not_verified_in_this_pass","No new application or integration run performed in this documentation pass.","Record implementation revision, environment, actor/role/workspace, inputs, actual execution mode, expected/actual outcome, dated raw result and artifact links; execute listed EC cases. A screenshot or source code alone is insufficient.","Edit schema/relations as a proposed migration with validation and explicit approval before application. || Exercise the linked edge cases (EC01, EC02, EC03, EC11, EC13, EC07); preserve drafts on recoverable failure and enforce the permission contract server-side.","","pending","E03 historical row reports Pending: No verified implementation in this revision. No newer row-specific verification reviewed.","Pending","No verified implementation in this revision.","not_applicable","E02 || E03#DAT-002","committed_scope_not_completion","2026-09-25"
"DAT-003","baseline","SQL console query history and saved queries","Data","New","Developers","P1","Simulated","S08","Provide sql console query history and saved queries for developers. Execute scoped SQL and save redacted query history; unauthorized/destructive queries are denied.","Developer || QA || Admin","J13 || J03","SC10","Granted developer role; separate migration approver for destructive impact.","EC01 || EC02 || EC03 || EC11 || EC13 || EC07","not_verified_in_this_pass","No new application or integration run performed in this documentation pass.","Record implementation revision, environment, actor/role/workspace, inputs, actual execution mode, expected/actual outcome, dated raw result and artifact links; execute listed EC cases. A screenshot or source code alone is insufficient.","Execute scoped SQL and save redacted query history; unauthorized/destructive queries are denied. || Exercise the linked edge cases (EC01, EC02, EC03, EC11, EC13, EC07); preserve drafts on recoverable failure and enforce the permission contract server-side.","","pending","E03 historical row reports Pending: No verified implementation in this revision. No newer row-specific verification reviewed.","Pending","No verified implementation in this revision.","not_applicable","E02 || E03#DAT-003","committed_scope_not_completion","2026-09-25"
"DAT-004","baseline","Migration generation preview approval and rollback","Data","New","Developers","P0","Simulated","S07;S08","Provide migration generation preview approval and rollback for developers. Preview migration impact, require separate approval, test recovery/forward-fix and never promise universal rollback.","Developer || QA || Admin","J13 || J03","SC10","Granted developer role; separate migration approver for destructive impact.","EC01 || EC02 || EC03 || EC11 || EC13 || EC07","not_verified_in_this_pass","No new application or integration run performed in this documentation pass.","Record implementation revision, environment, actor/role/workspace, inputs, actual execution mode, expected/actual outcome, dated raw result and artifact links; execute listed EC cases. A screenshot or source code alone is insufficient.","Preview migration impact, require separate approval, test recovery/forward-fix and never promise universal rollback. || Exercise the linked edge cases (EC01, EC02, EC03, EC11, EC13, EC07); preserve drafts on recoverable failure and enforce the permission contract server-side. || Apply expanded acceptance in SUP-07; these requirements supplement or correct this row.","SUP-07","pending","E03 historical row reports Pending: No verified implementation in this revision. No newer row-specific verification reviewed.","Pending","No verified implementation in this revision.","not_applicable","E02 || E03#DAT-004","committed_scope_not_completion","2026-09-25"
"DAT-005","baseline","Seed data and persona fixtures","Data","New","Developers and QA","P0","Functional-lite","S01;S08;S13","Provide seed data and persona fixtures for developers and qa. Load synthetic/masked persona fixtures reproducibly; reset test data without touching production.","Developer || QA || Admin","J13 || J03","SC10","Granted developer role; separate migration approver for destructive impact.","EC01 || EC02 || EC03 || EC11 || EC13 || EC07","not_verified_in_this_pass","No new application or integration run performed in this documentation pass.","Record implementation revision, environment, actor/role/workspace, inputs, actual execution mode, expected/actual outcome, dated raw result and artifact links; execute listed EC cases. A screenshot or source code alone is insufficient.","Load synthetic/masked persona fixtures reproducibly; reset test data without touching production. || Exercise the linked edge cases (EC01, EC02, EC03, EC11, EC13, EC07); preserve drafts on recoverable failure and enforce the permission contract server-side. || Apply expanded acceptance in SUP-07; these requirements supplement or correct this row.","SUP-07","partial","E03 historical row reports Partial: Editable sample records; no persona generator. No newer row-specific verification reviewed.","Partial","Editable sample records; no persona generator.","not_applicable","E02 || E03#DAT-005","committed_scope_not_completion","2026-09-25"
"DAT-006","baseline","Visual authentication role and permission builder","Authentication","Enhanced","All","P0","Simulated","S01;S08","Provide visual authentication role and permission builder for all. Build generated-app roles/permissions visually and enforce them server-side in the resulting app.","Developer || QA || Admin","J13 || J03","SC10","Granted developer role; separate migration approver for destructive impact.","EC01 || EC02 || EC03 || EC11 || EC13 || EC07","not_verified_in_this_pass","No new application or integration run performed in this documentation pass.","Record implementation revision, environment, actor/role/workspace, inputs, actual execution mode, expected/actual outcome, dated raw result and artifact links; execute listed EC cases. A screenshot or source code alone is insufficient.","Build generated-app roles/permissions visually and enforce them server-side in the resulting app. || Exercise the linked edge cases (EC01, EC02, EC03, EC11, EC13, EC07); preserve drafts on recoverable failure and enforce the permission contract server-side.","","partial","E03 historical row reports Partial: Auth method configuration; no generated role/auth implementation. No newer row-specific verification reviewed.","Partial","Auth method configuration; no generated role/auth implementation.","not_applicable","E02 || E03#DAT-006","committed_scope_not_completion","2026-09-25"
"DAT-007","baseline","OAuth MFA SSO RBAC and RLS configuration","Authentication","New","Technical teams","P1","Simulated","S08;S14","Provide oauth mfa sso rbac and rls configuration for technical teams. Verify configured generated-app OAuth/MFA/SSO/RBAC/RLS paths; Kova platform login is separate evidence.","Developer || QA || Admin","J13 || J03","SC10","Granted developer role; separate migration approver for destructive impact.","EC01 || EC02 || EC03 || EC11 || EC13 || EC07","not_verified_in_this_pass","No new application or integration run performed in this documentation pass.","Record implementation revision, environment, actor/role/workspace, inputs, actual execution mode, expected/actual outcome, dated raw result and artifact links; execute listed EC cases. A screenshot or source code alone is insufficient.","Verify configured generated-app OAuth/MFA/SSO/RBAC/RLS paths; Kova platform login is separate evidence. || Exercise the linked edge cases (EC01, EC02, EC03, EC11, EC13, EC07); preserve drafts on recoverable failure and enforce the permission contract server-side.","","partial","E03 historical row reports Partial: Desired auth methods and policy descriptions; enforcement absent. No newer row-specific verification reviewed.","Partial","Desired auth methods and policy descriptions; enforcement absent.","not_applicable","E02 || E03#DAT-007","committed_scope_not_completion","2026-09-25"
"TST-001","baseline","Repository-native lint type and unit tests","Testing","Enhanced","Developers","P0","Functional-lite","S03-S13","Provide repository-native lint type and unit tests for developers. Run actual repo lint/type/unit commands on a recorded revision with exit codes and complete logs.","QA || Developer || PM","J05 || J03","SC11","QA owns sign-off; execution uses permitted test environment and latest build.","EC01 || EC02 || EC03 || EC11 || EC08 || EC10","not_verified_in_this_pass","No new application or integration run performed in this documentation pass.","Record implementation revision, environment, actor/role/workspace, inputs, actual execution mode, expected/actual outcome, dated raw result and artifact links; execute listed EC cases. A screenshot or source code alone is insufficient.","Run actual repo lint/type/unit commands on a recorded revision with exit codes and complete logs. || Exercise the linked edge cases (EC01, EC02, EC03, EC11, EC08, EC10); preserve drafts on recoverable failure and enforce the permission contract server-side. || Apply expanded acceptance in COR-011; these requirements supplement or correct this row.","COR-011","pending","E03 historical row reports Pending: No verified implementation in this revision. No newer row-specific verification reviewed.","Pending","No verified implementation in this revision.","not_applicable","E02 || E03#TST-001","committed_scope_not_completion","2026-09-25"
"TST-002","baseline","API integration and contract tests","Testing","New","Developers","P0","Simulated","S04;S07;S13","Provide api integration and contract tests for developers. Execute real API/contract tests between intended services; mocks and skipped cases are separately reported.","QA || Developer || PM","J05 || J03","SC11","QA owns sign-off; execution uses permitted test environment and latest build.","EC01 || EC02 || EC03 || EC11 || EC08 || EC10","not_verified_in_this_pass","No new application or integration run performed in this documentation pass.","Record implementation revision, environment, actor/role/workspace, inputs, actual execution mode, expected/actual outcome, dated raw result and artifact links; execute listed EC cases. A screenshot or source code alone is insufficient.","Execute real API/contract tests between intended services; mocks and skipped cases are separately reported. || Exercise the linked edge cases (EC01, EC02, EC03, EC11, EC08, EC10); preserve drafts on recoverable failure and enforce the permission contract server-side. || Apply expanded acceptance in COR-011; these requirements supplement or correct this row.","COR-011","pending","E03 historical row reports Pending: No verified implementation in this revision. No newer row-specific verification reviewed.","Pending","No verified implementation in this revision.","not_applicable","E02 || E03#TST-002","committed_scope_not_completion","2026-09-25"
"TST-003","baseline","Multi-browser end-to-end testing","Testing","Enhanced","Developers and QA","P0","Functional-lite","S01-S06;S13","Provide multi-browser end-to-end testing for developers and qa. Execute generated-app journeys across required browser engines; viewport-only Chromium tests do not prove cross-browser support.","QA || Developer || PM","J05 || J03","SC11","QA owns sign-off; execution uses permitted test environment and latest build.","EC01 || EC02 || EC03 || EC11 || EC08 || EC10","not_verified_in_this_pass","No new application or integration run performed in this documentation pass.","Record implementation revision, environment, actor/role/workspace, inputs, actual execution mode, expected/actual outcome, dated raw result and artifact links; execute listed EC cases. A screenshot or source code alone is insufficient.","Execute generated-app journeys across required browser engines; viewport-only Chromium tests do not prove cross-browser support. || Exercise the linked edge cases (EC01, EC02, EC03, EC11, EC08, EC10); preserve drafts on recoverable failure and enforce the permission contract server-side. || Apply expanded acceptance in COR-011; these requirements supplement or correct this row.","COR-011","pending","E03 historical row reports Pending: No verified implementation in this revision. No newer row-specific verification reviewed.","Pending","No verified implementation in this revision.","not_applicable","E02 || E03#TST-003","committed_scope_not_completion","2026-09-25"
"TST-004","baseline","Responsive visual-regression and accessibility tests","Testing","New","Design and QA","P0","Simulated","S01;S02;S06;S13","Provide responsive visual-regression and accessibility tests for design and qa. Compare responsive screenshots and run accessibility checks with manual focus review; failures block required gates.","QA || Developer || PM","J05 || J03","SC11","QA owns sign-off; execution uses permitted test environment and latest build.","EC01 || EC02 || EC03 || EC11 || EC08 || EC10","not_verified_in_this_pass","No new application or integration run performed in this documentation pass.","Record implementation revision, environment, actor/role/workspace, inputs, actual execution mode, expected/actual outcome, dated raw result and artifact links; execute listed EC cases. A screenshot or source code alone is insufficient.","Compare responsive screenshots and run accessibility checks with manual focus review; failures block required gates. || Exercise the linked edge cases (EC01, EC02, EC03, EC11, EC08, EC10); preserve drafts on recoverable failure and enforce the permission contract server-side.","","pending","E03 historical row reports Pending: No verified implementation in this revision. No newer row-specific verification reviewed.","Pending","No verified implementation in this revision.","not_applicable","E02 || E03#TST-004","committed_scope_not_completion","2026-09-25"
"TST-005","baseline","Acceptance-criteria-to-test generation","Testing","New","Product and QA","P0","Simulated","S01;S02;S13","Provide acceptance-criteria-to-test generation for product and qa. Map each acceptance criterion to executable/manual checks; untested criteria remain uncovered.","QA || Developer || PM","J05 || J03","SC11","QA owns sign-off; execution uses permitted test environment and latest build.","EC01 || EC02 || EC03 || EC11 || EC08 || EC10","not_verified_in_this_pass","No new application or integration run performed in this documentation pass.","Record implementation revision, environment, actor/role/workspace, inputs, actual execution mode, expected/actual outcome, dated raw result and artifact links; execute listed EC cases. A screenshot or source code alone is insufficient.","Map each acceptance criterion to executable/manual checks; untested criteria remain uncovered. || Exercise the linked edge cases (EC01, EC02, EC03, EC11, EC08, EC10); preserve drafts on recoverable failure and enforce the permission contract server-side.","","pending","E03 historical row reports Pending: No verified implementation in this revision. No newer row-specific verification reviewed.","Pending","No verified implementation in this revision.","not_applicable","E02 || E03#TST-005","committed_scope_not_completion","2026-09-25"
"TST-006","baseline","Affected-test selection for monorepos and upgrades","Testing","New","Developers","P1","Simulated","S04;S11","Provide affected-test selection for monorepos and upgrades for developers. Select affected tests from dependency changes and disclose uncertainty; mandatory baseline checks cannot be silently skipped.","QA || Developer || PM","J05 || J03","SC11","QA owns sign-off; execution uses permitted test environment and latest build.","EC01 || EC02 || EC03 || EC11 || EC08 || EC10","not_verified_in_this_pass","No new application or integration run performed in this documentation pass.","Record implementation revision, environment, actor/role/workspace, inputs, actual execution mode, expected/actual outcome, dated raw result and artifact links; execute listed EC cases. A screenshot or source code alone is insufficient.","Select affected tests from dependency changes and disclose uncertainty; mandatory baseline checks cannot be silently skipped. || Exercise the linked edge cases (EC01, EC02, EC03, EC11, EC08, EC10); preserve drafts on recoverable failure and enforce the permission contract server-side.","","pending","E03 historical row reports Pending: No verified implementation in this revision. No newer row-specific verification reviewed.","Pending","No verified implementation in this revision.","not_applicable","E02 || E03#TST-006","committed_scope_not_completion","2026-09-25"
"TST-007","baseline","QA manual checklist evidence and sign-off","Testing","New","QA teams","P0","Functional-lite","S02;S13","Provide qa manual checklist evidence and sign-off for qa teams. Record QA-owned manual results, evidence and revision-bound sign-off; Bot output cannot self-approve QA.","QA || Developer || PM","J05 || J03","SC11","QA owns sign-off; execution uses permitted test environment and latest build.","EC01 || EC02 || EC03 || EC11 || EC08 || EC10","not_verified_in_this_pass","No new application or integration run performed in this documentation pass.","Record implementation revision, environment, actor/role/workspace, inputs, actual execution mode, expected/actual outcome, dated raw result and artifact links; execute listed EC cases. A screenshot or source code alone is insufficient.","Record QA-owned manual results, evidence and revision-bound sign-off; Bot output cannot self-approve QA. || Exercise the linked edge cases (EC01, EC02, EC03, EC11, EC08, EC10); preserve drafts on recoverable failure and enforce the permission contract server-side. || Apply expanded acceptance in SUP-10; these requirements supplement or correct this row.","SUP-10","partial","E03 historical row reports Partial: Local configuration evidence export; no manual QA checklist. No newer row-specific verification reviewed.","Partial","Local configuration evidence export; no manual QA checklist.","not_applicable","E02 || E03#TST-007","committed_scope_not_completion","2026-09-25"
"TST-008","baseline","Failure capture with screenshot video log and trace","Testing","New","Developers and QA","P0","Simulated","S05;S13","Provide failure capture with screenshot video log and trace for developers and qa. Attach failure screenshots/video/logs/traces to exact build/test; redact secrets and retain repro steps.","QA || Developer || PM","J05 || J03","SC11","QA owns sign-off; execution uses permitted test environment and latest build.","EC01 || EC02 || EC03 || EC11 || EC08 || EC10","not_verified_in_this_pass","No new application or integration run performed in this documentation pass.","Record implementation revision, environment, actor/role/workspace, inputs, actual execution mode, expected/actual outcome, dated raw result and artifact links; execute listed EC cases. A screenshot or source code alone is insufficient.","Attach failure screenshots/video/logs/traces to exact build/test; redact secrets and retain repro steps. || Exercise the linked edge cases (EC01, EC02, EC03, EC11, EC08, EC10); preserve drafts on recoverable failure and enforce the permission contract server-side.","","pending","E03 historical row reports Pending: No verified implementation in this revision. No newer row-specific verification reviewed.","Pending","No verified implementation in this revision.","not_applicable","E02 || E03#TST-008","committed_scope_not_completion","2026-09-25"
"GIT-001","baseline","GitHub GitLab Bitbucket and Azure Repos connections","Git","Enhanced","Developers","P0","Simulated","S02-S14","Provide github gitlab bitbucket and azure repos connections for developers. Connect each supported Git provider with scoped repo grants and revoke access; unsupported providers remain explicit.","Developer || QA","J03","SC12","Repository contributor subject to CODEOWNERS/branch protection; merge grant separate.","EC01 || EC02 || EC03 || EC11 || EC06 || EC04 || EC09","not_verified_in_this_pass","No new application or integration run performed in this documentation pass.","Record implementation revision, environment, actor/role/workspace, inputs, actual execution mode, expected/actual outcome, dated raw result and artifact links; execute listed EC cases. A screenshot or source code alone is insufficient.","Connect each supported Git provider with scoped repo grants and revoke access; unsupported providers remain explicit. || Exercise the linked edge cases (EC01, EC02, EC03, EC11, EC06, EC04, EC09); preserve drafts on recoverable failure and enforce the permission contract server-side.","","pending","E03 historical row reports Pending: No verified implementation in this revision. No newer row-specific verification reviewed.","Pending","No verified implementation in this revision.","not_applicable","E02 || E03#GIT-001","committed_scope_not_completion","2026-09-25"
"GIT-002","baseline","Policy-compliant branch-name generation","Git","New","Developers","P0","Functional-lite","S03;S04;S12","Provide policy-compliant branch-name generation for developers. Generate and create a valid branch matching org/repo policy; reject protected or invalid names.","Developer || QA","J03","SC12","Repository contributor subject to CODEOWNERS/branch protection; merge grant separate.","EC01 || EC02 || EC03 || EC11 || EC06 || EC04 || EC09","not_verified_in_this_pass","No new application or integration run performed in this documentation pass.","Record implementation revision, environment, actor/role/workspace, inputs, actual execution mode, expected/actual outcome, dated raw result and artifact links; execute listed EC cases. A screenshot or source code alone is insufficient.","Generate and create a valid branch matching org/repo policy; reject protected or invalid names. || Exercise the linked edge cases (EC01, EC02, EC03, EC11, EC06, EC04, EC09); preserve drafts on recoverable failure and enforce the permission contract server-side.","","partial","E03 historical row reports Partial: User-entered working/base branch; no generated policy enforcement. No newer row-specific verification reviewed.","Partial","User-entered working/base branch; no generated policy enforcement.","not_applicable","E02 || E03#GIT-002","committed_scope_not_completion","2026-09-25"
"GIT-003","baseline","Diff staging selective commit and conventional messages","Git","New","Developers","P0","Simulated","S03-S12","Provide diff staging selective commit and conventional messages for developers. Inspect actual diff, stage selected hunks and commit with validation; excluded changes remain untouched.","Developer || QA","J03","SC12","Repository contributor subject to CODEOWNERS/branch protection; merge grant separate.","EC01 || EC02 || EC03 || EC11 || EC06 || EC04 || EC09","not_verified_in_this_pass","No new application or integration run performed in this documentation pass.","Record implementation revision, environment, actor/role/workspace, inputs, actual execution mode, expected/actual outcome, dated raw result and artifact links; execute listed EC cases. A screenshot or source code alone is insufficient.","Inspect actual diff, stage selected hunks and commit with validation; excluded changes remain untouched. || Exercise the linked edge cases (EC01, EC02, EC03, EC11, EC06, EC04, EC09); preserve drafts on recoverable failure and enforce the permission contract server-side.","","pending","E03 historical row reports Pending: No verified implementation in this revision. No newer row-specific verification reviewed.","Pending","No verified implementation in this revision.","not_applicable","E02 || E03#GIT-003","committed_scope_not_completion","2026-09-25"
"GIT-004","baseline","Pull or merge request generation and update","Git","Enhanced","Developers","P0","Simulated","S02-S13","Provide pull or merge request generation and update for developers. Create/update a real provider PR with idempotency and link; a saved draft document is not a PR.","Developer || QA","J03","SC12","Repository contributor subject to CODEOWNERS/branch protection; merge grant separate.","EC01 || EC02 || EC03 || EC11 || EC06 || EC04 || EC09","not_verified_in_this_pass","No new application or integration run performed in this documentation pass.","Record implementation revision, environment, actor/role/workspace, inputs, actual execution mode, expected/actual outcome, dated raw result and artifact links; execute listed EC cases. A screenshot or source code alone is insufficient.","Create/update a real provider PR with idempotency and link; a saved draft document is not a PR. || Exercise the linked edge cases (EC01, EC02, EC03, EC11, EC06, EC04, EC09); preserve drafts on recoverable failure and enforce the permission contract server-side.","","partial","E03 historical row reports Partial: Export PR markdown draft; no GitHub PR creation. No newer row-specific verification reviewed.","Partial","Export PR markdown draft; no GitHub PR creation.","not_applicable","E02 || E03#GIT-004","committed_scope_not_completion","2026-09-25"
"GIT-005","baseline","PR readiness bundle with evidence risk and rollback","Git","New","Teams","P0","Functional-lite","S02-S13","Provide pr readiness bundle with evidence risk and rollback for teams. Assemble exact-revision diff, test evidence, risks and recovery plan; stale evidence blocks readiness.","Developer || QA","J03","SC12","Repository contributor subject to CODEOWNERS/branch protection; merge grant separate.","EC01 || EC02 || EC03 || EC11 || EC06 || EC04 || EC09","not_verified_in_this_pass","No new application or integration run performed in this documentation pass.","Record implementation revision, environment, actor/role/workspace, inputs, actual execution mode, expected/actual outcome, dated raw result and artifact links; execute listed EC cases. A screenshot or source code alone is insufficient.","Assemble exact-revision diff, test evidence, risks and recovery plan; stale evidence blocks readiness. || Exercise the linked edge cases (EC01, EC02, EC03, EC11, EC06, EC04, EC09); preserve drafts on recoverable failure and enforce the permission contract server-side.","","partial","E03 historical row reports Partial: Local approval and configuration evidence; no real source diff or rollback. No newer row-specific verification reviewed.","Partial","Local approval and configuration evidence; no real source diff or rollback.","not_applicable","E02 || E03#GIT-005","committed_scope_not_completion","2026-09-25"
"GIT-006","baseline","Linked pull requests and merge-order planning","Git","New","Technical teams","P0","Simulated","S04","Provide linked pull requests and merge-order planning for technical teams. Link coordinated PRs and derive merge order; failed prerequisite merges block dependent merges.","Developer || QA","J03","SC12","Repository contributor subject to CODEOWNERS/branch protection; merge grant separate.","EC01 || EC02 || EC03 || EC11 || EC06 || EC04 || EC09","not_verified_in_this_pass","No new application or integration run performed in this documentation pass.","Record implementation revision, environment, actor/role/workspace, inputs, actual execution mode, expected/actual outcome, dated raw result and artifact links; execute listed EC cases. A screenshot or source code alone is insufficient.","Link coordinated PRs and derive merge order; failed prerequisite merges block dependent merges. || Exercise the linked edge cases (EC01, EC02, EC03, EC11, EC06, EC04, EC09); preserve drafts on recoverable failure and enforce the permission contract server-side.","","pending","E03 historical row reports Pending: No verified implementation in this revision. No newer row-specific verification reviewed.","Pending","No verified implementation in this revision.","not_applicable","E02 || E03#GIT-006","committed_scope_not_completion","2026-09-25"
"GIT-007","baseline","Code-owner reviewer and approval routing","Git","New","Teams","P1","Simulated","S02-S14","Provide code-owner reviewer and approval routing for teams. Route review to effective code owners and validate approvals on latest revision.","Developer || QA","J03","SC12","Repository contributor subject to CODEOWNERS/branch protection; merge grant separate.","EC01 || EC02 || EC03 || EC11 || EC06 || EC04 || EC09","not_verified_in_this_pass","No new application or integration run performed in this documentation pass.","Record implementation revision, environment, actor/role/workspace, inputs, actual execution mode, expected/actual outcome, dated raw result and artifact links; execute listed EC cases. A screenshot or source code alone is insufficient.","Route review to effective code owners and validate approvals on latest revision. || Exercise the linked edge cases (EC01, EC02, EC03, EC11, EC06, EC04, EC09); preserve drafts on recoverable failure and enforce the permission contract server-side.","","pending","E03 historical row reports Pending: No verified implementation in this revision. No newer row-specific verification reviewed.","Pending","No verified implementation in this revision.","not_applicable","E02 || E03#GIT-007","committed_scope_not_completion","2026-09-25"
"GIT-008","baseline","Rich Git provider checks annotations and reruns","Git","New","Developers","P1","Simulated","S03-S13","Provide rich git provider checks annotations and reruns for developers. Publish/read actual provider checks and annotations; reruns produce new evidence rather than toggling green.","Developer || QA","J03","SC12","Repository contributor subject to CODEOWNERS/branch protection; merge grant separate.","EC01 || EC02 || EC03 || EC11 || EC06 || EC04 || EC09","not_verified_in_this_pass","No new application or integration run performed in this documentation pass.","Record implementation revision, environment, actor/role/workspace, inputs, actual execution mode, expected/actual outcome, dated raw result and artifact links; execute listed EC cases. A screenshot or source code alone is insufficient.","Publish/read actual provider checks and annotations; reruns produce new evidence rather than toggling green. || Exercise the linked edge cases (EC01, EC02, EC03, EC11, EC06, EC04, EC09); preserve drafts on recoverable failure and enforce the permission contract server-side.","","pending","E03 historical row reports Pending: No verified implementation in this revision. No newer row-specific verification reviewed.","Pending","No verified implementation in this revision.","not_applicable","E02 || E03#GIT-008","committed_scope_not_completion","2026-09-25"
"REL-001","baseline","Preview environment per change","Release","Enhanced","All","P0","Functional-lite","S01-S13","Provide preview environment per change for all. Provision an isolated preview per change and verify its revision/access policy; sample preview is insufficient.","Developer || QA || Admin","J14 || J05","SC15","Designated release approver and target credentials required; QA/PR readiness enforced.","EC01 || EC02 || EC03 || EC11 || EC17 || EC08 || EC05","not_verified_in_this_pass","No new application or integration run performed in this documentation pass.","Record implementation revision, environment, actor/role/workspace, inputs, actual execution mode, expected/actual outcome, dated raw result and artifact links; execute listed EC cases. A screenshot or source code alone is insufficient.","Provision an isolated preview per change and verify its revision/access policy; sample preview is insufficient. || Exercise the linked edge cases (EC01, EC02, EC03, EC11, EC17, EC08, EC05); preserve drafts on recoverable failure and enforce the permission contract server-side.","","partial","E04 reports isolated generated HTML preview and a fixture-driven parent-access test; this is not a full repository runtime or deployed per-change preview.","Pending","No verified implementation in this revision.","not_applicable","E02 || E03#REL-001 || E04","committed_scope_not_completion","2026-09-25"
"REL-002","baseline","Development staging and production promotion","Release","New","Technical teams","P0","Simulated","S02-S14","Provide development staging and production promotion for technical teams. Promote the same immutable artifact through environments with separate credentials and approvals.","Developer || QA || Admin","J14 || J05","SC15","Designated release approver and target credentials required; QA/PR readiness enforced.","EC01 || EC02 || EC03 || EC11 || EC17 || EC08 || EC05","not_verified_in_this_pass","No new application or integration run performed in this documentation pass.","Record implementation revision, environment, actor/role/workspace, inputs, actual execution mode, expected/actual outcome, dated raw result and artifact links; execute listed EC cases. A screenshot or source code alone is insufficient.","Promote the same immutable artifact through environments with separate credentials and approvals. || Exercise the linked edge cases (EC01, EC02, EC03, EC11, EC17, EC08, EC05); preserve drafts on recoverable failure and enforce the permission contract server-side.","","partial","E03 historical row reports Partial: Environment choice only. No newer row-specific verification reviewed.","Partial","Environment choice only.","not_applicable","E02 || E03#REL-002","committed_scope_not_completion","2026-09-25"
"REL-003","baseline","Deployment readiness checklist and approvals","Release","Enhanced","All","P0","Functional-lite","S01;S02;S12-S15","Provide deployment readiness checklist and approvals for all. Evaluate release readiness from current tests, permissions, dependencies and approvals; unknowns block required gates.","Developer || QA || Admin","J14 || J05","SC15","Designated release approver and target credentials required; QA/PR readiness enforced.","EC01 || EC02 || EC03 || EC11 || EC17 || EC08 || EC05","not_verified_in_this_pass","No new application or integration run performed in this documentation pass.","Record implementation revision, environment, actor/role/workspace, inputs, actual execution mode, expected/actual outcome, dated raw result and artifact links; execute listed EC cases. A screenshot or source code alone is insufficient.","Evaluate release readiness from current tests, permissions, dependencies and approvals; unknowns block required gates. || Exercise the linked edge cases (EC01, EC02, EC03, EC11, EC17, EC08, EC05); preserve drafts on recoverable failure and enforce the permission contract server-side.","","partial","E03 historical row reports Partial: Local verification and review gates; no external deployment validation. No newer row-specific verification reviewed.","Partial","Local verification and review gates; no external deployment validation.","not_applicable","E02 || E03#REL-003","committed_scope_not_completion","2026-09-25"
"REL-004","baseline","Vercel AWS Azure GCP Kubernetes and custom deployment targets","Release","Enhanced","Technical teams","P1","Simulated","S01-S15","Provide vercel aws azure gcp kubernetes and custom deployment targets for technical teams. Deploy to explicitly supported target adapters and verify live health; planned cloud names do not imply support.","Developer || QA || Admin","J14 || J05","SC15","Designated release approver and target credentials required; QA/PR readiness enforced.","EC01 || EC02 || EC03 || EC11 || EC17 || EC08 || EC05","not_verified_in_this_pass","No new application or integration run performed in this documentation pass.","Record implementation revision, environment, actor/role/workspace, inputs, actual execution mode, expected/actual outcome, dated raw result and artifact links; execute listed EC cases. A screenshot or source code alone is insufficient.","Deploy to explicitly supported target adapters and verify live health; planned cloud names do not imply support. || Exercise the linked edge cases (EC01, EC02, EC03, EC11, EC17, EC08, EC05); preserve drafts on recoverable failure and enforce the permission contract server-side. || Apply expanded acceptance in SUP-15, COR-002; these requirements supplement or correct this row.","SUP-15 || COR-002","pending","E03 historical row reports Pending: No verified implementation in this revision. No newer row-specific verification reviewed.","Pending","No verified implementation in this revision.","not_applicable","E02 || E03#REL-004","committed_scope_not_completion","2026-09-25"
"REL-005","baseline","Immutable release artifact and provenance","Release","New","Technical teams","P1","Simulated","S02-S14","Provide immutable release artifact and provenance for technical teams. Persist immutable artifact digest and provenance linked to code, build, tests and approvals.","Developer || QA || Admin","J14 || J05","SC15","Designated release approver and target credentials required; QA/PR readiness enforced.","EC01 || EC02 || EC03 || EC11 || EC17 || EC08 || EC05","not_verified_in_this_pass","No new application or integration run performed in this documentation pass.","Record implementation revision, environment, actor/role/workspace, inputs, actual execution mode, expected/actual outcome, dated raw result and artifact links; execute listed EC cases. A screenshot or source code alone is insufficient.","Persist immutable artifact digest and provenance linked to code, build, tests and approvals. || Exercise the linked edge cases (EC01, EC02, EC03, EC11, EC17, EC08, EC05); preserve drafts on recoverable failure and enforce the permission contract server-side.","","partial","E03 historical row reports Partial: Exported local JSON snapshot, not a built application artifact. No newer row-specific verification reviewed.","Partial","Exported local JSON snapshot, not a built application artifact.","not_applicable","E02 || E03#REL-005","committed_scope_not_completion","2026-09-25"
"REL-006","baseline","Deployment history health checks rollback and redeploy","Release","Enhanced","All","P0","Simulated","S01;S02;S05;S12;S16","Provide deployment history health checks rollback and redeploy for all. Inspect deployment history, failed health checks and real rollback/redeploy outcomes; preserve prior healthy release.","Developer || QA || Admin","J14 || J05","SC15","Designated release approver and target credentials required; QA/PR readiness enforced.","EC01 || EC02 || EC03 || EC11 || EC17 || EC08 || EC05","not_verified_in_this_pass","No new application or integration run performed in this documentation pass.","Record implementation revision, environment, actor/role/workspace, inputs, actual execution mode, expected/actual outcome, dated raw result and artifact links; execute listed EC cases. A screenshot or source code alone is insufficient.","Inspect deployment history, failed health checks and real rollback/redeploy outcomes; preserve prior healthy release. || Exercise the linked edge cases (EC01, EC02, EC03, EC11, EC17, EC08, EC05); preserve drafts on recoverable failure and enforce the permission contract server-side.","","pending","E03 historical row reports Pending: No verified implementation in this revision. No newer row-specific verification reviewed.","Pending","No verified implementation in this revision.","not_applicable","E02 || E03#REL-006","committed_scope_not_completion","2026-09-25"
"REL-007","baseline","Automated release notes changelog and work-item update","Release","New","Teams","P1","Simulated","S02;S12;S16","Provide automated release notes changelog and work-item update for teams. Generate accurate changelog/work-item updates from shipped revisions and retry without duplicate publication.","Developer || QA || Admin","J14 || J05","SC15","Designated release approver and target credentials required; QA/PR readiness enforced.","EC01 || EC02 || EC03 || EC11 || EC17 || EC08 || EC05","not_verified_in_this_pass","No new application or integration run performed in this documentation pass.","Record implementation revision, environment, actor/role/workspace, inputs, actual execution mode, expected/actual outcome, dated raw result and artifact links; execute listed EC cases. A screenshot or source code alone is insufficient.","Generate accurate changelog/work-item updates from shipped revisions and retry without duplicate publication. || Exercise the linked edge cases (EC01, EC02, EC03, EC11, EC17, EC08, EC05); preserve drafts on recoverable failure and enforce the permission contract server-side.","","pending","E03 historical row reports Pending: No verified implementation in this revision. No newer row-specific verification reviewed.","Pending","No verified implementation in this revision.","not_applicable","E02 || E03#REL-007","committed_scope_not_completion","2026-09-25"
"OPS-001","baseline","Unified app service agent and integration health center","Operations","New","Operations","P1","Simulated","S05;S09;S16","Provide unified app service agent and integration health center for operations. Show observed app/service/Bot/integration health with timestamps; stale or missing telemetry is unknown.","Developer || PM || Admin","J14 || J04","SC18","Operator reads scoped telemetry; PM approves scope changes; release authority controls production.","EC01 || EC02 || EC03 || EC11 || EC17 || EC08","not_verified_in_this_pass","No new application or integration run performed in this documentation pass.","Record implementation revision, environment, actor/role/workspace, inputs, actual execution mode, expected/actual outcome, dated raw result and artifact links; execute listed EC cases. A screenshot or source code alone is insufficient.","Show observed app/service/Bot/integration health with timestamps; stale or missing telemetry is unknown. || Exercise the linked edge cases (EC01, EC02, EC03, EC11, EC17, EC08); preserve drafts on recoverable failure and enforce the permission contract server-side. || Apply expanded acceptance in SUP-08; these requirements supplement or correct this row.","SUP-08","pending","E03 historical row reports Pending: No verified implementation in this revision. No newer row-specific verification reviewed.","Pending","No verified implementation in this revision.","not_applicable","E02 || E03#OPS-001","committed_scope_not_completion","2026-09-25"
"OPS-002","baseline","Logs metrics traces and deployment correlation","Operations","New","Technical teams","P1","Simulated","S05;S16","Provide logs metrics traces and deployment correlation for technical teams. Correlate redacted logs/metrics/traces to exact deployment and requirement, not synthetic dashboard totals.","Developer || PM || Admin","J14 || J04","SC18","Operator reads scoped telemetry; PM approves scope changes; release authority controls production.","EC01 || EC02 || EC03 || EC11 || EC17 || EC08","not_verified_in_this_pass","No new application or integration run performed in this documentation pass.","Record implementation revision, environment, actor/role/workspace, inputs, actual execution mode, expected/actual outcome, dated raw result and artifact links; execute listed EC cases. A screenshot or source code alone is insufficient.","Correlate redacted logs/metrics/traces to exact deployment and requirement, not synthetic dashboard totals. || Exercise the linked edge cases (EC01, EC02, EC03, EC11, EC17, EC08); preserve drafts on recoverable failure and enforce the permission contract server-side. || Apply expanded acceptance in SUP-08; these requirements supplement or correct this row.","SUP-08","pending","E03 historical row reports Pending: No verified implementation in this revision. No newer row-specific verification reviewed.","Pending","No verified implementation in this revision.","not_applicable","E02 || E03#OPS-002","committed_scope_not_completion","2026-09-25"
"OPS-003","baseline","Production issue reproduction and replay","Operations","New","Developers","P1","Simulated","S05","Provide production issue reproduction and replay for developers. Reproduce an observed production issue in isolation using permitted sanitized inputs and a regression test.","Developer || PM || Admin","J14 || J04","SC18","Operator reads scoped telemetry; PM approves scope changes; release authority controls production.","EC01 || EC02 || EC03 || EC11 || EC17 || EC08","not_verified_in_this_pass","No new application or integration run performed in this documentation pass.","Record implementation revision, environment, actor/role/workspace, inputs, actual execution mode, expected/actual outcome, dated raw result and artifact links; execute listed EC cases. A screenshot or source code alone is insufficient.","Reproduce an observed production issue in isolation using permitted sanitized inputs and a regression test. || Exercise the linked edge cases (EC01, EC02, EC03, EC11, EC17, EC08); preserve drafts on recoverable failure and enforce the permission contract server-side. || Apply expanded acceptance in SUP-08; these requirements supplement or correct this row.","SUP-08","pending","E03 historical row reports Pending: No verified implementation in this revision. No newer row-specific verification reviewed.","Pending","No verified implementation in this revision.","not_applicable","E02 || E03#OPS-003","committed_scope_not_completion","2026-09-25"
"OPS-004","baseline","Per-agent per-run token latency tool and cost ledger","Operations","Enhanced","Technical and finance","P0","Functional-lite","S09;S16","Provide per-agent per-run token latency tool and cost ledger for technical and finance. Record provider-reported tokens/cost and reservations per task/model; keep estimates/demo balances distinct.","Individual || Admin","J10 || J01","SC03 || SC17","Individual owns personal demo balance; company purchase needs explicit billing grant.","EC01 || EC02 || EC03 || EC11 || EC05 || EC09 || EC10","not_verified_in_this_pass","No new application or integration run performed in this documentation pass.","Record implementation revision, environment, actor/role/workspace, inputs, actual execution mode, expected/actual outcome, dated raw result and artifact links; execute listed EC cases. A screenshot or source code alone is insufficient.","Record provider-reported tokens/cost and reservations per task/model; keep estimates/demo balances distinct. || Exercise the linked edge cases (EC01, EC02, EC03, EC11, EC05, EC09, EC10); preserve drafts on recoverable failure and enforce the permission contract server-side. || Apply expanded acceptance in SUP-17, COR-004, COR-005, COR-006; these requirements supplement or correct this row.","SUP-17 || COR-004 || COR-005 || COR-006","partial","E04 reports a simulated credit ledger and checkout. Real provider spend is not synchronized; per-model settlement, hard currency caps and requested profile placement are not established.","Pending","No verified implementation in this revision.","not_applicable","E02 || E03#OPS-004 || E04","committed_scope_not_completion","2026-09-25"
"OPS-005","baseline","Project and public-app budgets alerts and hard caps","Operations","New","Owners","P0","Simulated","S01;S09;S15;S16","Provide project and public-app budgets alerts and hard caps for owners. Enforce budget hard stops server-side including concurrent runs and public visitors; request counts alone are not currency caps.","Individual || Admin","J10 || J01","SC03 || SC17","Individual owns personal demo balance; company purchase needs explicit billing grant.","EC01 || EC02 || EC03 || EC11 || EC05 || EC09 || EC10","not_verified_in_this_pass","No new application or integration run performed in this documentation pass.","Record implementation revision, environment, actor/role/workspace, inputs, actual execution mode, expected/actual outcome, dated raw result and artifact links; execute listed EC cases. A screenshot or source code alone is insufficient.","Enforce budget hard stops server-side including concurrent runs and public visitors; request counts alone are not currency caps. || Exercise the linked edge cases (EC01, EC02, EC03, EC11, EC05, EC09, EC10); preserve drafts on recoverable failure and enforce the permission contract server-side. || Apply expanded acceptance in SUP-17, COR-004, COR-005, COR-006; these requirements supplement or correct this row.","SUP-17 || COR-004 || COR-005 || COR-006","partial","E04 reports a simulated credit ledger and checkout. Real provider spend is not synchronized; per-model settlement, hard currency caps and requested profile placement are not established.","Pending","No verified implementation in this revision.","not_applicable","E02 || E03#OPS-005 || E04","committed_scope_not_completion","2026-09-25"
"OPS-006","baseline","Feedback and analytics to backlog loop","Operations","New","Product teams","P2","Simulated","S16","Provide feedback and analytics to backlog loop for product teams. Turn connected feedback/analytics into reviewable backlog proposals with provenance; no automatic scope expansion.","Developer || PM || Admin","J14 || J04","SC18","Operator reads scoped telemetry; PM approves scope changes; release authority controls production.","EC01 || EC02 || EC03 || EC11 || EC17 || EC08","not_verified_in_this_pass","No new application or integration run performed in this documentation pass.","Record implementation revision, environment, actor/role/workspace, inputs, actual execution mode, expected/actual outcome, dated raw result and artifact links; execute listed EC cases. A screenshot or source code alone is insufficient.","Turn connected feedback/analytics into reviewable backlog proposals with provenance; no automatic scope expansion. || Exercise the linked edge cases (EC01, EC02, EC03, EC11, EC17, EC08); preserve drafts on recoverable failure and enforce the permission contract server-side. || Apply expanded acceptance in SUP-08; these requirements supplement or correct this row.","SUP-08","pending","E03 historical row reports Pending: No verified implementation in this revision. No newer row-specific verification reviewed.","Pending","No verified implementation in this revision.","not_applicable","E02 || E03#OPS-006","committed_scope_not_completion","2026-09-25"
"COL-001","baseline","Role-based project access and responsibilities","Collaboration","Enhanced","Teams","P0","Functional-lite","S02-S16","Provide role-based project access and responsibilities for teams. Enforce project roles on server reads/writes and deep links; hidden buttons alone cannot enforce permissions.","PM || Developer || QA || Admin || Client","J04 || J05 || J07","SC06 || SC20","Membership/project grants enforced on reads, writes, notifications and deep links.","EC01 || EC02 || EC03 || EC11 || EC04 || EC08","not_verified_in_this_pass","No new application or integration run performed in this documentation pass.","Record implementation revision, environment, actor/role/workspace, inputs, actual execution mode, expected/actual outcome, dated raw result and artifact links; execute listed EC cases. A screenshot or source code alone is insufficient.","Enforce project roles on server reads/writes and deep links; hidden buttons alone cannot enforce permissions. || Exercise the linked edge cases (EC01, EC02, EC03, EC11, EC04, EC08); preserve drafts on recoverable failure and enforce the permission contract server-side. || Apply expanded acceptance in SUP-13; these requirements supplement or correct this row.","SUP-13","partial","E04 reports cloud-backed personal/company membership, scoped invitations and owner protection; invitation delivery is absent. Fixture browser checks and rollback-only live SQL isolation checks are reported, not rerun here; complete member lifecycle remains unproven.","Partial","Draft member roles only.","not_applicable","E02 || E03#COL-001 || E04","committed_scope_not_completion","2026-09-25"
"COL-002","baseline","Comments mentions and screen or code annotations","Collaboration","New","Teams","P1","Functional-lite","S02;S06;S13","Provide comments mentions and screen or code annotations for teams. Persist anchored comments/mentions with authorized notifications; stale source anchors are identified.","PM || Developer || QA || Admin || Client","J04 || J05 || J07","SC06 || SC20","Membership/project grants enforced on reads, writes, notifications and deep links.","EC01 || EC02 || EC03 || EC11 || EC04 || EC08","not_verified_in_this_pass","No new application or integration run performed in this documentation pass.","Record implementation revision, environment, actor/role/workspace, inputs, actual execution mode, expected/actual outcome, dated raw result and artifact links; execute listed EC cases. A screenshot or source code alone is insufficient.","Persist anchored comments/mentions with authorized notifications; stale source anchors are identified. || Exercise the linked edge cases (EC01, EC02, EC03, EC11, EC04, EC08); preserve drafts on recoverable failure and enforce the permission contract server-side.","","pending","E03 historical row reports Pending: No verified implementation in this revision. No newer row-specific verification reviewed.","Pending","No verified implementation in this revision.","not_applicable","E02 || E03#COL-002","committed_scope_not_completion","2026-09-25"
"COL-003","baseline","PM design engineering QA and release approval gates","Collaboration","New","Teams","P0","Functional-lite","S02;S12-S14","Provide pm design engineering qa and release approval gates for teams. Require accountable PM/technical/QA/code/release approvals tied to artifact versions; role changes revoke invalid authority.","PM || Developer || QA || Admin || Client","J04 || J05 || J07","SC06 || SC20","Membership/project grants enforced on reads, writes, notifications and deep links.","EC01 || EC02 || EC03 || EC11 || EC04 || EC08","not_verified_in_this_pass","No new application or integration run performed in this documentation pass.","Record implementation revision, environment, actor/role/workspace, inputs, actual execution mode, expected/actual outcome, dated raw result and artifact links; execute listed EC cases. A screenshot or source code alone is insufficient.","Require accountable PM/technical/QA/code/release approvals tied to artifact versions; role changes revoke invalid authority. || Exercise the linked edge cases (EC01, EC02, EC03, EC11, EC04, EC08); preserve drafts on recoverable failure and enforce the permission contract server-side. || Apply expanded acceptance in SUP-11, SUP-12, COR-010, COR-011, COR-012; these requirements supplement or correct this row.","SUP-11 || SUP-12 || COR-010 || COR-011 || COR-012","partial","E04 reports editable template PRD/TRD and PM/developer approval; these are templates, not autonomous drafting. Notion publishing and complete revision-bound lifecycle gates remain unconnected or unproven.","Partial","Plan and change approval locally; no identity-enforced cross-role gates.","not_applicable","E02 || E03#COL-003 || E04","committed_scope_not_completion","2026-09-25"
"COL-004","baseline","Bidirectional Jira ClickUp Linear and Azure status sync","Collaboration","New","Product teams","P1","Simulated","S02;S05;S16","Provide bidirectional jira clickup linear and azure status sync for product teams. Synchronize authorized destination status with loop/duplicate/conflict handling; Notion first, Jira optional later.","PM || Developer || QA || Admin || Client","J04 || J05 || J07","SC06 || SC20","Membership/project grants enforced on reads, writes, notifications and deep links.","EC01 || EC02 || EC03 || EC11 || EC04 || EC08","not_verified_in_this_pass","No new application or integration run performed in this documentation pass.","Record implementation revision, environment, actor/role/workspace, inputs, actual execution mode, expected/actual outcome, dated raw result and artifact links; execute listed EC cases. A screenshot or source code alone is insufficient.","Synchronize authorized destination status with loop/duplicate/conflict handling; Notion first, Jira optional later. || Exercise the linked edge cases (EC01, EC02, EC03, EC11, EC04, EC08); preserve drafts on recoverable failure and enforce the permission contract server-side. || Apply expanded acceptance in SUP-12, COR-010; these requirements supplement or correct this row.","SUP-12 || COR-010","pending","E03 historical row reports Pending: No verified implementation in this revision. No newer row-specific verification reviewed.","Pending","No verified implementation in this revision.","not_applicable","E02 || E03#COL-004","committed_scope_not_completion","2026-09-25"
"COL-005","baseline","Requirement design code test deployment traceability","Collaboration","New","Teams","P0","Functional-lite","S02-S16","Provide requirement design code test deployment traceability for teams. Follow requirement-to-design/code/test/deployment links both ways and surface stale source versions.","PM || Developer || QA || Admin || Client","J04 || J05 || J07","SC06 || SC20","Membership/project grants enforced on reads, writes, notifications and deep links.","EC01 || EC02 || EC03 || EC11 || EC04 || EC08","not_verified_in_this_pass","No new application or integration run performed in this documentation pass.","Record implementation revision, environment, actor/role/workspace, inputs, actual execution mode, expected/actual outcome, dated raw result and artifact links; execute listed EC cases. A screenshot or source code alone is insufficient.","Follow requirement-to-design/code/test/deployment links both ways and surface stale source versions. || Exercise the linked edge cases (EC01, EC02, EC03, EC11, EC04, EC08); preserve drafts on recoverable failure and enforce the permission contract server-side. || Apply expanded acceptance in SUP-02, SUP-09, SUP-12, COR-010; these requirements supplement or correct this row.","SUP-02 || SUP-09 || SUP-12 || COR-010","pending","E03 historical row reports Pending: No verified implementation in this revision. No newer row-specific verification reviewed.","Pending","No verified implementation in this revision.","not_applicable","E02 || E03#COL-005","committed_scope_not_completion","2026-09-25"
"COL-006","baseline","Audit log for changes approvals exceptions and production actions","Governance","New","Enterprise","P1","Simulated","S02-S16","Provide audit log for changes approvals exceptions and production actions for enterprise. Record actor, scope, action, decision and outcome in tamper-resistant audits with redaction and retention.","Admin || Developer","J06 || J15","SC16 || SC18","Owner/Admin configures policy; controlled overrides and audited exceptions only.","EC01 || EC02 || EC03 || EC11 || EC07","not_verified_in_this_pass","No new application or integration run performed in this documentation pass.","Record implementation revision, environment, actor/role/workspace, inputs, actual execution mode, expected/actual outcome, dated raw result and artifact links; execute listed EC cases. A screenshot or source code alone is insufficient.","Record actor, scope, action, decision and outcome in tamper-resistant audits with redaction and retention. || Exercise the linked edge cases (EC01, EC02, EC03, EC11, EC07); preserve drafts on recoverable failure and enforce the permission contract server-side. || Apply expanded acceptance in SUP-14, COR-012; these requirements supplement or correct this row.","SUP-14 || COR-012","partial","E03 historical row reports Partial: Local activity history, not tamper-resistant audit storage. No newer row-specific verification reviewed.","Partial","Local activity history, not tamper-resistant audit storage.","not_applicable","E02 || E03#COL-006","committed_scope_not_completion","2026-09-25"
"COL-007","baseline","Self-hosted runner VPC and private-network execution","Governance","New","Enterprise","P1","Simulated","S14","Provide self-hosted runner vpc and private-network execution for enterprise. Pair an isolated private runner with scoped credentials; prove networking/egress controls before enabling jobs.","Admin || Developer","J06 || J15","SC16 || SC18","Owner/Admin configures policy; controlled overrides and audited exceptions only.","EC01 || EC02 || EC03 || EC11 || EC07","not_verified_in_this_pass","No new application or integration run performed in this documentation pass.","Record implementation revision, environment, actor/role/workspace, inputs, actual execution mode, expected/actual outcome, dated raw result and artifact links; execute listed EC cases. A screenshot or source code alone is insufficient.","Pair an isolated private runner with scoped credentials; prove networking/egress controls before enabling jobs. || Exercise the linked edge cases (EC01, EC02, EC03, EC11, EC07); preserve drafts on recoverable failure and enforce the permission contract server-side. || Apply expanded acceptance in SUP-14, SUP-15, COR-002, COR-012; these requirements supplement or correct this row.","SUP-14 || SUP-15 || COR-002 || COR-012","pending","E03 historical row reports Pending: No verified implementation in this revision. No newer row-specific verification reviewed.","Pending","No verified implementation in this revision.","not_applicable","E02 || E03#COL-007","retained_later_scope_current_override_applies","2026-09-25"
"MKT-001","baseline","Verified app agent workflow tool and component templates","Marketplace","Enhanced","All","P1","Simulated","S15","Provide verified app agent workflow tool and component templates for all. Publish reviewed templates with versioned verification scope; a listing badge requires retrievable evidence.","Individual || Nontechnical || Developer || Client","J11","SC19","Browse permitted listings; owner approves publish/clone costs and dependency grants.","EC01 || EC02 || EC03 || EC11 || EC14 || EC05 || EC07","not_verified_in_this_pass","No new application or integration run performed in this documentation pass.","Record implementation revision, environment, actor/role/workspace, inputs, actual execution mode, expected/actual outcome, dated raw result and artifact links; execute listed EC cases. A screenshot or source code alone is insufficient.","Publish reviewed templates with versioned verification scope; a listing badge requires retrievable evidence. || Exercise the linked edge cases (EC01, EC02, EC03, EC11, EC14, EC05, EC07); preserve drafts on recoverable failure and enforce the permission contract server-side.","","partial","E03 historical row reports Partial: Three local starter briefs, not verified executable templates. No newer row-specific verification reviewed.","Partial","Three local starter briefs, not verified executable templates.","not_applicable","E02 || E03#MKT-001","committed_scope_not_completion","2026-09-25"
"MKT-002","baseline","Framework dependency security and cost metadata","Marketplace","New","All","P1","Simulated","S15","Provide framework dependency security and cost metadata for all. Show dependency/framework/security/cost metadata with source/date and unknown fields explicitly.","Individual || Nontechnical || Developer || Client","J11","SC19","Browse permitted listings; owner approves publish/clone costs and dependency grants.","EC01 || EC02 || EC03 || EC11 || EC14 || EC05 || EC07","not_verified_in_this_pass","No new application or integration run performed in this documentation pass.","Record implementation revision, environment, actor/role/workspace, inputs, actual execution mode, expected/actual outcome, dated raw result and artifact links; execute listed EC cases. A screenshot or source code alone is insufficient.","Show dependency/framework/security/cost metadata with source/date and unknown fields explicitly. || Exercise the linked edge cases (EC01, EC02, EC03, EC11, EC14, EC05, EC07); preserve drafts on recoverable failure and enforce the permission contract server-side.","","pending","E03 historical row reports Pending: No verified implementation in this revision. No newer row-specific verification reviewed.","Pending","No verified implementation in this revision.","not_applicable","E02 || E03#MKT-002","committed_scope_not_completion","2026-09-25"
"MKT-003","baseline","Clone-to-owned-project setup wizard","Marketplace","Enhanced","All","P1","Functional-lite","S15","Provide clone-to-owned-project setup wizard for all. Clone into user ownership and guide missing setup contextually; credentials and billing grants are never cloned.","Individual || Nontechnical || Developer || Client","J11","SC19","Browse permitted listings; owner approves publish/clone costs and dependency grants.","EC01 || EC02 || EC03 || EC11 || EC14 || EC05 || EC07","not_verified_in_this_pass","No new application or integration run performed in this documentation pass.","Record implementation revision, environment, actor/role/workspace, inputs, actual execution mode, expected/actual outcome, dated raw result and artifact links; execute listed EC cases. A screenshot or source code alone is insufficient.","Clone into user ownership and guide missing setup contextually; credentials and billing grants are never cloned. || Exercise the linked edge cases (EC01, EC02, EC03, EC11, EC14, EC05, EC07); preserve drafts on recoverable failure and enforce the permission contract server-side.","","partial","E03 historical row reports Partial: Template-to-project creation flow. No newer row-specific verification reviewed.","Partial","Template-to-project creation flow.","not_applicable","E02 || E03#MKT-003","committed_scope_not_completion","2026-09-25"
"MKT-004","baseline","Build-readiness score and blocking checklist","Experience","New","All","P0","Functional-lite","S01-S15","Provide build-readiness score and blocking checklist for all. Derive readiness from explicit blockers and current evidence; a model score cannot override required checks.","Individual || Nontechnical || Developer || PM","J02 || J03","SC04","Project contributor within persisted task contract; external mutations follow policy.","EC01 || EC02 || EC03 || EC11 || EC09 || EC10 || EC18","not_verified_in_this_pass","No new application or integration run performed in this documentation pass.","Record implementation revision, environment, actor/role/workspace, inputs, actual execution mode, expected/actual outcome, dated raw result and artifact links; execute listed EC cases. A screenshot or source code alone is insufficient.","Derive readiness from explicit blockers and current evidence; a model score cannot override required checks. || Exercise the linked edge cases (EC01, EC02, EC03, EC11, EC09, EC10, EC18); preserve drafts on recoverable failure and enforce the permission contract server-side.","","partial","E03 historical row reports Partial: Local readiness checks, not execution readiness. No newer row-specific verification reviewed.","Partial","Local readiness checks, not execution readiness.","not_applicable","E02 || E03#MKT-004","committed_scope_not_completion","2026-09-25"
"MKT-005","baseline","Cost and time estimate before build test deploy and publish","Experience","New","All","P0","Functional-lite","S01-S16","Provide cost and time estimate before build test deploy and publish for all. Show bounded cost/time estimates before actions with uncertainty and source; material changes require consent.","Individual || Nontechnical || Developer || PM","J02 || J03","SC04","Project contributor within persisted task contract; external mutations follow policy.","EC01 || EC02 || EC03 || EC11 || EC09 || EC10 || EC18","not_verified_in_this_pass","No new application or integration run performed in this documentation pass.","Record implementation revision, environment, actor/role/workspace, inputs, actual execution mode, expected/actual outcome, dated raw result and artifact links; execute listed EC cases. A screenshot or source code alone is insufficient.","Show bounded cost/time estimates before actions with uncertainty and source; material changes require consent. || Exercise the linked edge cases (EC01, EC02, EC03, EC11, EC09, EC10, EC18); preserve drafts on recoverable failure and enforce the permission contract server-side.","","pending","E03 historical row reports Pending: No verified implementation in this revision. No newer row-specific verification reviewed.","Pending","No verified implementation in this revision.","not_applicable","E02 || E03#MKT-005","committed_scope_not_completion","2026-09-25"
"CMP-001","baseline","Native iOS and Android application build device preview and store-release workflow","Mobile","New","All","P1","Simulated","S01;S02;S06;S15","Provide native ios and android application build device preview and store-release workflow for all. Build supported native outputs, test on relevant devices and stage store submission under explicit account authority.","Nontechnical || Developer || PM || QA || Client","J12 || J02","SC07 || SC04","Project contributor edits; designated design/PM approver approves; Client only assigned reviews.","EC01 || EC02 || EC03 || EC11 || EC04 || EC14","not_verified_in_this_pass","No new application or integration run performed in this documentation pass.","Record implementation revision, environment, actor/role/workspace, inputs, actual execution mode, expected/actual outcome, dated raw result and artifact links; execute listed EC cases. A screenshot or source code alone is insufficient.","Build supported native outputs, test on relevant devices and stage store submission under explicit account authority. || Exercise the linked edge cases (EC01, EC02, EC03, EC11, EC04, EC14); preserve drafts on recoverable failure and enforce the permission contract server-side.","","pending","E03 historical row reports Pending: No verified implementation in this revision. No newer row-specific verification reviewed.","Pending","No verified implementation in this revision.","not_applicable","E02 || E03#CMP-001","committed_scope_not_completion","2026-09-25"
"CMP-002","baseline","Multi-artifact project with web mobile presentation video and data experiences sharing one backend","Project","New","All","P2","Vision","S01;S02;S15","Provide multi-artifact project with web mobile presentation video and data experiences sharing one backend for all. Coordinate web/mobile/docs/media/data outputs on shared contracts; distinguish runnable artifacts from files.","Individual || Nontechnical || Developer || PM || QA || Admin || Client","J01 || J02","SC02","Read authorized projects; project owner or granted editor for mutations.","EC01 || EC02 || EC03 || EC11 || EC04 || EC13","not_verified_in_this_pass","No new application or integration run performed in this documentation pass.","Record implementation revision, environment, actor/role/workspace, inputs, actual execution mode, expected/actual outcome, dated raw result and artifact links; execute listed EC cases. A screenshot or source code alone is insufficient.","Coordinate web/mobile/docs/media/data outputs on shared contracts; distinguish runnable artifacts from files. || Exercise the linked edge cases (EC01, EC02, EC03, EC11, EC04, EC13); preserve drafts on recoverable failure and enforce the permission contract server-side.","","pending","E03 historical row reports Pending: No verified implementation in this revision. No newer row-specific verification reviewed.","Pending","No verified implementation in this revision.","not_applicable","E02 || E03#CMP-002","committed_scope_not_completion","2026-09-25"
"CMP-003","baseline","Background task queue with priority dependencies pause resume and reprioritization","Orchestration","New","All","P0","Functional-lite","S01-S16","Provide background task queue with priority dependencies pause resume and reprioritization for all. Queue dependent jobs, reprioritize/pause/resume/cancel and recover after restart without duplicate effects.","Individual || Developer || Admin","J08 || J03","SC13 || SC14 || SC04","Definition editor configures; run actor and every child stay within parent grant; human gates enforced.","EC01 || EC02 || EC03 || EC11 || EC09 || EC10 || EC16","not_verified_in_this_pass","No new application or integration run performed in this documentation pass.","Record implementation revision, environment, actor/role/workspace, inputs, actual execution mode, expected/actual outcome, dated raw result and artifact links; execute listed EC cases. A screenshot or source code alone is insufficient.","Queue dependent jobs, reprioritize/pause/resume/cancel and recover after restart without duplicate effects. || Exercise the linked edge cases (EC01, EC02, EC03, EC11, EC09, EC10, EC16); preserve drafts on recoverable failure and enforce the permission contract server-side. || Apply expanded acceptance in SUP-05; these requirements supplement or correct this row.","SUP-05","partial","E04 reports approval-gated simulated Bot modes, pause/resume/cancel and failure/retry; no distributed runtime, durable general task queue or complete join/recovery proof.","Pending","No verified implementation in this revision.","not_applicable","E02 || E03#CMP-003 || E04","committed_scope_not_completion","2026-09-25"
"CMP-004","baseline","Parallel solution drafts with side-by-side comparison and selective merge","Orchestration","New","All","P0","Functional-lite","S01-S13","Provide parallel solution drafts with side-by-side comparison and selective merge for all. Compare parallel outputs, select changes and resolve overlapping edits before merging.","Individual || Developer || Admin","J08 || J03","SC13 || SC14 || SC04","Definition editor configures; run actor and every child stay within parent grant; human gates enforced.","EC01 || EC02 || EC03 || EC11 || EC09 || EC10 || EC16","not_verified_in_this_pass","No new application or integration run performed in this documentation pass.","Record implementation revision, environment, actor/role/workspace, inputs, actual execution mode, expected/actual outcome, dated raw result and artifact links; execute listed EC cases. A screenshot or source code alone is insufficient.","Compare parallel outputs, select changes and resolve overlapping edits before merging. || Exercise the linked edge cases (EC01, EC02, EC03, EC11, EC09, EC10, EC16); preserve drafts on recoverable failure and enforce the permission contract server-side. || Apply expanded acceptance in SUP-04; these requirements supplement or correct this row.","SUP-04","pending","E03 historical row reports Pending: No verified implementation in this revision. No newer row-specific verification reviewed.","Pending","No verified implementation in this revision.","not_applicable","E02 || E03#CMP-004","committed_scope_not_completion","2026-09-25"
"CMP-005","baseline","Full-state checkpoints covering code conversation environment and optional database","Recovery","New","All","P0","Functional-lite","S01-S16","Provide full-state checkpoints covering code conversation environment and optional database for all. Restore a durable checkpoint of supported code/chat/environment/data; list excluded external effects and recovery limits.","Individual || Nontechnical || Developer || PM","J02 || J03","SC04","Project contributor within persisted task contract; external mutations follow policy.","EC01 || EC02 || EC03 || EC11 || EC09 || EC10 || EC18","not_verified_in_this_pass","No new application or integration run performed in this documentation pass.","Record implementation revision, environment, actor/role/workspace, inputs, actual execution mode, expected/actual outcome, dated raw result and artifact links; execute listed EC cases. A screenshot or source code alone is insufficient.","Restore a durable checkpoint of supported code/chat/environment/data; list excluded external effects and recovery limits. || Exercise the linked edge cases (EC01, EC02, EC03, EC11, EC09, EC10, EC18); preserve drafts on recoverable failure and enforce the permission contract server-side. || Apply expanded acceptance in SUP-05; these requirements supplement or correct this row.","SUP-05","pending","E03 historical row reports Pending: No verified implementation in this revision. No newer row-specific verification reviewed.","Pending","No verified implementation in this revision.","not_applicable","E02 || E03#CMP-005","committed_scope_not_completion","2026-09-25"
"CMP-006","baseline","Character-level file history playback and point-in-time restore","Workspace","New","Developers","P2","Simulated","S03-S12","Provide character-level file history playback and point-in-time restore for developers. Inspect per-file edit history and restore a selected point without silently overwriting concurrent edits.","Developer","J03","SC08 || SC09","Developer with repository grant and branch policy; no production credential inheritance.","EC01 || EC02 || EC03 || EC11 || EC06 || EC04 || EC14","not_verified_in_this_pass","No new application or integration run performed in this documentation pass.","Record implementation revision, environment, actor/role/workspace, inputs, actual execution mode, expected/actual outcome, dated raw result and artifact links; execute listed EC cases. A screenshot or source code alone is insufficient.","Inspect per-file edit history and restore a selected point without silently overwriting concurrent edits. || Exercise the linked edge cases (EC01, EC02, EC03, EC11, EC06, EC04, EC14); preserve drafts on recoverable failure and enforce the permission contract server-side.","","pending","E03 historical row reports Pending: No verified implementation in this revision. No newer row-specific verification reviewed.","Pending","No verified implementation in this revision.","not_applicable","E02 || E03#CMP-006","committed_scope_not_completion","2026-09-25"
"CMP-007","baseline","Direct visual property inspector with multi-select batch edits undo redo reset and before-after review","Design","New","All","P0","Functional-lite","S01;S02;S06","Provide direct visual property inspector with multi-select batch edits undo redo reset and before-after review for all. Select multiple elements, edit properties, undo/redo/reset and inspect actual source diff before accepting.","Nontechnical || Developer || PM || QA || Client","J12 || J02","SC07 || SC04","Project contributor edits; designated design/PM approver approves; Client only assigned reviews.","EC01 || EC02 || EC03 || EC11 || EC04 || EC14","not_verified_in_this_pass","No new application or integration run performed in this documentation pass.","Record implementation revision, environment, actor/role/workspace, inputs, actual execution mode, expected/actual outcome, dated raw result and artifact links; execute listed EC cases. A screenshot or source code alone is insufficient.","Select multiple elements, edit properties, undo/redo/reset and inspect actual source diff before accepting. || Exercise the linked edge cases (EC01, EC02, EC03, EC11, EC04, EC14); preserve drafts on recoverable failure and enforce the permission contract server-side.","","pending","E03 historical row reports Pending: No verified implementation in this revision. No newer row-specific verification reviewed.","Pending","No verified implementation in this revision.","not_applicable","E02 || E03#CMP-007","committed_scope_not_completion","2026-09-25"
"CMP-008","baseline","AI image generation editing and project asset library","Design","New","All","P1","Simulated","S01;S02;S06;S15","Provide ai image generation editing and project asset library for all. Generate/edit assets with provenance and variants; replacing an asset updates intended references only.","Nontechnical || Developer || PM || QA || Client","J12 || J02","SC07 || SC04","Project contributor edits; designated design/PM approver approves; Client only assigned reviews.","EC01 || EC02 || EC03 || EC11 || EC04 || EC14","not_verified_in_this_pass","No new application or integration run performed in this documentation pass.","Record implementation revision, environment, actor/role/workspace, inputs, actual execution mode, expected/actual outcome, dated raw result and artifact links; execute listed EC cases. A screenshot or source code alone is insufficient.","Generate/edit assets with provenance and variants; replacing an asset updates intended references only. || Exercise the linked edge cases (EC01, EC02, EC03, EC11, EC04, EC14); preserve drafts on recoverable failure and enforce the permission contract server-side.","","pending","E03 historical row reports Pending: No verified implementation in this revision. No newer row-specific verification reviewed.","Pending","No verified implementation in this revision.","not_applicable","E02 || E03#CMP-008","committed_scope_not_completion","2026-09-25"
"CMP-009","baseline","Build execution profiles for fast balanced and deep work with cost-time tradeoffs","Execution","New","All","P0","Functional-lite","S01-S16","Provide build execution profiles for fast balanced and deep work with cost-time tradeoffs for all. Select Fast/Balanced/Deep and show actual execution policy, cost/time estimate and effective limits.","Individual || Developer || Admin","J08 || J03","SC13 || SC14 || SC04","Definition editor configures; run actor and every child stay within parent grant; human gates enforced.","EC01 || EC02 || EC03 || EC11 || EC09 || EC10 || EC16","not_verified_in_this_pass","No new application or integration run performed in this documentation pass.","Record implementation revision, environment, actor/role/workspace, inputs, actual execution mode, expected/actual outcome, dated raw result and artifact links; execute listed EC cases. A screenshot or source code alone is insufficient.","Select Fast/Balanced/Deep and show actual execution policy, cost/time estimate and effective limits. || Exercise the linked edge cases (EC01, EC02, EC03, EC11, EC09, EC10, EC16); preserve drafts on recoverable failure and enforce the permission contract server-side.","","pending","E03 historical row reports Pending: No verified implementation in this revision. No newer row-specific verification reviewed.","Pending","No verified implementation in this revision.","not_applicable","E02 || E03#CMP-009","committed_scope_not_completion","2026-09-25"
"CMP-010","baseline","Agent autonomy permissions with Ask Auto and Full modes","Governance","New","All","P0","Functional-lite","S01-S16","Provide agent autonomy permissions with ask auto and full modes for all. Apply Ask/Auto/Full within company policy and task grants; Full never grants unlimited external authority.","Admin || Developer","J06 || J15","SC16 || SC18","Owner/Admin configures policy; controlled overrides and audited exceptions only.","EC01 || EC02 || EC03 || EC11 || EC07","not_verified_in_this_pass","No new application or integration run performed in this documentation pass.","Record implementation revision, environment, actor/role/workspace, inputs, actual execution mode, expected/actual outcome, dated raw result and artifact links; execute listed EC cases. A screenshot or source code alone is insufficient.","Apply Ask/Auto/Full within company policy and task grants; Full never grants unlimited external authority. || Exercise the linked edge cases (EC01, EC02, EC03, EC11, EC07); preserve drafts on recoverable failure and enforce the permission contract server-side.","","pending","E03 historical row reports Pending: No verified implementation in this revision. No newer row-specific verification reviewed.","Pending","No verified implementation in this revision.","not_applicable","E02 || E03#CMP-010","committed_scope_not_completion","2026-09-25"
"CMP-011","baseline","Multiple scoped chats and tasks contributing safely to one shared project","Collaboration","New","Teams","P1","Functional-lite","S01-S16","Provide multiple scoped chats and tasks contributing safely to one shared project for teams. Use scoped chats against shared project state with ownership/contracts and conflict-safe reconciliation.","PM || Developer || QA || Admin || Client","J04 || J05 || J07","SC06 || SC20","Membership/project grants enforced on reads, writes, notifications and deep links.","EC01 || EC02 || EC03 || EC11 || EC04 || EC08","not_verified_in_this_pass","No new application or integration run performed in this documentation pass.","Record implementation revision, environment, actor/role/workspace, inputs, actual execution mode, expected/actual outcome, dated raw result and artifact links; execute listed EC cases. A screenshot or source code alone is insufficient.","Use scoped chats against shared project state with ownership/contracts and conflict-safe reconciliation. || Exercise the linked edge cases (EC01, EC02, EC03, EC11, EC04, EC08); preserve drafts on recoverable failure and enforce the permission contract server-side. || Apply expanded acceptance in SUP-04, COR-012; these requirements supplement or correct this row.","SUP-04 || COR-012","pending","E03 historical row reports Pending: No verified implementation in this revision. No newer row-specific verification reviewed.","Pending","No verified implementation in this revision.","not_applicable","E02 || E03#CMP-011","committed_scope_not_completion","2026-09-25"
"CMP-012","baseline","Reusable organization and workspace build rules skills and conventions","Knowledge","New","Teams","P0","Functional-lite","S02-S16","Provide reusable organization and workspace build rules skills and conventions for teams. Version inherited build rules with approval and source; stale or conflicting rules require resolution.","Developer || PM || Admin","J08 || J04","SC14","Approved memory editor manages decisions; consumers read only authorized current versions.","EC01 || EC02 || EC03 || EC11 || EC15 || EC16","not_verified_in_this_pass","No new application or integration run performed in this documentation pass.","Record implementation revision, environment, actor/role/workspace, inputs, actual execution mode, expected/actual outcome, dated raw result and artifact links; execute listed EC cases. A screenshot or source code alone is insufficient.","Version inherited build rules with approval and source; stale or conflicting rules require resolution. || Exercise the linked edge cases (EC01, EC02, EC03, EC11, EC15, EC16); preserve drafts on recoverable failure and enforce the permission contract server-side. || Apply expanded acceptance in SUP-03, COR-013; these requirements supplement or correct this row.","SUP-03 || COR-013","pending","E03 historical row reports Pending: No verified implementation in this revision. No newer row-specific verification reviewed.","Pending","No verified implementation in this revision.","not_applicable","E02 || E03#CMP-012","committed_scope_not_completion","2026-09-25"
"CMP-013","baseline","Pre-publish source dependency secret permission and configuration security scan","Security","New","All","P0","Functional-lite","S01-S15","Provide pre-publish source dependency secret permission and configuration security scan for all. Scan actual source/dependencies/secrets/permissions/config and show findings; required critical issues block publishing.","Admin || Developer || QA","J15 || J06","SC16","Owner/Admin changes security policy; sessions/tokens have explicit scope and revocation.","EC01 || EC02 || EC03 || EC11 || EC07 || EC12 || EC16","not_verified_in_this_pass","No new application or integration run performed in this documentation pass.","Record implementation revision, environment, actor/role/workspace, inputs, actual execution mode, expected/actual outcome, dated raw result and artifact links; execute listed EC cases. A screenshot or source code alone is insufficient.","Scan actual source/dependencies/secrets/permissions/config and show findings; required critical issues block publishing. || Exercise the linked edge cases (EC01, EC02, EC03, EC11, EC07, EC12, EC16); preserve drafts on recoverable failure and enforce the permission contract server-side.","","pending","E03 historical row reports Pending: No verified implementation in this revision. No newer row-specific verification reviewed.","Pending","No verified implementation in this revision.","not_applicable","E02 || E03#CMP-013","committed_scope_not_completion","2026-09-25"
"CMP-014","baseline","Agent web and site research with source citations captured into project context","Research","New","All","P1","Simulated","S01;S02;S05;S10","Provide agent web and site research with source citations captured into project context for all. Capture cited research with date and relevance in authorized context; imported pages cannot issue tool instructions.","PM || Developer || Nontechnical","J04 || J03","SC04 || SC05 || SC06","PM owns business scope; Developer owns technical approval; approval bound to version.","EC01 || EC02 || EC03 || EC11 || EC08 || EC04","not_verified_in_this_pass","No new application or integration run performed in this documentation pass.","Record implementation revision, environment, actor/role/workspace, inputs, actual execution mode, expected/actual outcome, dated raw result and artifact links; execute listed EC cases. A screenshot or source code alone is insufficient.","Capture cited research with date and relevance in authorized context; imported pages cannot issue tool instructions. || Exercise the linked edge cases (EC01, EC02, EC03, EC11, EC08, EC04); preserve drafts on recoverable failure and enforce the permission contract server-side.","","pending","E03 historical row reports Pending: No verified implementation in this revision. No newer row-specific verification reviewed.","Pending","No verified implementation in this revision.","not_applicable","E02 || E03#CMP-014","committed_scope_not_completion","2026-09-25"
"CMP-015","baseline","Preview First versus Full Build execution policy","Experience","New","All","P0","Functional-lite","S01-S15","Provide preview first versus full build execution policy for all. Choose Preview First or Full Build fidelity and disclose omissions; this is independent of Direct/Full Delivery route.","Individual || Nontechnical || Developer || PM","J02 || J03","SC04","Project contributor within persisted task contract; external mutations follow policy.","EC01 || EC02 || EC03 || EC11 || EC09 || EC10 || EC18","not_verified_in_this_pass","No new application or integration run performed in this documentation pass.","Record implementation revision, environment, actor/role/workspace, inputs, actual execution mode, expected/actual outcome, dated raw result and artifact links; execute listed EC cases. A screenshot or source code alone is insufficient.","Choose Preview First or Full Build fidelity and disclose omissions; this is independent of Direct/Full Delivery route. || Exercise the linked edge cases (EC01, EC02, EC03, EC11, EC09, EC10, EC18); preserve drafts on recoverable failure and enforce the permission contract server-side.","","pending","E03 historical row reports Pending: No verified implementation in this revision. No newer row-specific verification reviewed.","Pending","No verified implementation in this revision.","not_applicable","E02 || E03#CMP-015","committed_scope_not_completion","2026-09-25"
"CMP-016","baseline","Freeform design canvas for screens components flows and design-system exploration","Design","New","Design and product","P1","Simulated","S01;S02;S06","Provide freeform design canvas for screens components flows and design-system exploration for design and product. Create and connect screens/components on a canvas with responsive states and persisted edits.","Nontechnical || Developer || PM || QA || Client","J12 || J02","SC07 || SC04","Project contributor edits; designated design/PM approver approves; Client only assigned reviews.","EC01 || EC02 || EC03 || EC11 || EC04 || EC14","not_verified_in_this_pass","No new application or integration run performed in this documentation pass.","Record implementation revision, environment, actor/role/workspace, inputs, actual execution mode, expected/actual outcome, dated raw result and artifact links; execute listed EC cases. A screenshot or source code alone is insufficient.","Create and connect screens/components on a canvas with responsive states and persisted edits. || Exercise the linked edge cases (EC01, EC02, EC03, EC11, EC04, EC14); preserve drafts on recoverable failure and enforce the permission contract server-side.","","pending","E03 historical row reports Pending: No verified implementation in this revision. No newer row-specific verification reviewed.","Pending","No verified implementation in this revision.","not_applicable","E02 || E03#CMP-016","committed_scope_not_completion","2026-09-25"
"CMP-017","baseline","Embeddable live prototype and contextual review surface for work-management and design tools","Collaboration","New","Teams","P1","Simulated","S02;S06;S13","Provide embeddable live prototype and contextual review surface for work-management and design tools for teams. Embed authorized prototypes with contextual comments; expired/revoked embeds cannot reveal project data.","PM || Developer || QA || Admin || Client","J04 || J05 || J07","SC06 || SC20","Membership/project grants enforced on reads, writes, notifications and deep links.","EC01 || EC02 || EC03 || EC11 || EC04 || EC08","not_verified_in_this_pass","No new application or integration run performed in this documentation pass.","Record implementation revision, environment, actor/role/workspace, inputs, actual execution mode, expected/actual outcome, dated raw result and artifact links; execute listed EC cases. A screenshot or source code alone is insufficient.","Embed authorized prototypes with contextual comments; expired/revoked embeds cannot reveal project data. || Exercise the linked edge cases (EC01, EC02, EC03, EC11, EC04, EC08); preserve drafts on recoverable failure and enforce the permission contract server-side.","","pending","E03 historical row reports Pending: No verified implementation in this revision. No newer row-specific verification reviewed.","Pending","No verified implementation in this revision.","not_applicable","E02 || E03#CMP-017","committed_scope_not_completion","2026-09-25"
"CMP-018","baseline","Real-time multiplayer editing with presence cursors and conflict-safe updates","Collaboration","New","Teams","P1","Vision","S02-S16","Provide real-time multiplayer editing with presence cursors and conflict-safe updates for teams. Show presence and concurrent cursors with conflict-safe persisted edits; disconnect/reconnect loses no acknowledged work.","PM || Developer || QA || Admin || Client","J04 || J05 || J07","SC06 || SC20","Membership/project grants enforced on reads, writes, notifications and deep links.","EC01 || EC02 || EC03 || EC11 || EC04 || EC08","not_verified_in_this_pass","No new application or integration run performed in this documentation pass.","Record implementation revision, environment, actor/role/workspace, inputs, actual execution mode, expected/actual outcome, dated raw result and artifact links; execute listed EC cases. A screenshot or source code alone is insufficient.","Show presence and concurrent cursors with conflict-safe persisted edits; disconnect/reconnect loses no acknowledged work. || Exercise the linked edge cases (EC01, EC02, EC03, EC11, EC04, EC08); preserve drafts on recoverable failure and enforce the permission contract server-side.","","pending","E03 historical row reports Pending: No verified implementation in this revision. No newer row-specific verification reviewed.","Pending","No verified implementation in this revision.","not_applicable","E02 || E03#CMP-018","committed_scope_not_completion","2026-09-25"
"CMP-019","baseline","One-click application primitives for payments email file storage and background jobs","Application Services","New","All","P1","Simulated","S01;S07;S08;S15","Provide one-click application primitives for payments email file storage and background jobs for all. Configure real app payment/email/storage/job adapters with scoped authority; fixtures and billing effects are explicit.","Developer || QA || Admin","J13 || J03","SC10","Granted developer role; separate migration approver for destructive impact.","EC01 || EC02 || EC03 || EC11 || EC13 || EC07","not_verified_in_this_pass","No new application or integration run performed in this documentation pass.","Record implementation revision, environment, actor/role/workspace, inputs, actual execution mode, expected/actual outcome, dated raw result and artifact links; execute listed EC cases. A screenshot or source code alone is insufficient.","Configure real app payment/email/storage/job adapters with scoped authority; fixtures and billing effects are explicit. || Exercise the linked edge cases (EC01, EC02, EC03, EC11, EC13, EC07); preserve drafts on recoverable failure and enforce the permission contract server-side.","","pending","E03 historical row reports Pending: No verified implementation in this revision. No newer row-specific verification reviewed.","Pending","No verified implementation in this revision.","not_applicable","E02 || E03#CMP-019","committed_scope_not_completion","2026-09-25"
"CMP-020","baseline","CLI SDK and local roundtrip with optional codebase eject","Developer Experience","New","Developers","P1","Simulated","S03;S04;S10-S12","Provide cli sdk and local roundtrip with optional codebase eject for developers. Export/eject supported source/docs/workflows/context with manifest and validate local roundtrip without secrets.","Individual || Developer || Admin || Client","J16 || J07","SC21","Owner/granted exporter; secrets and unauthorized client/workspace data excluded.","EC01 || EC02 || EC03 || EC11 || EC07 || EC13","not_verified_in_this_pass","No new application or integration run performed in this documentation pass.","Record implementation revision, environment, actor/role/workspace, inputs, actual execution mode, expected/actual outcome, dated raw result and artifact links; execute listed EC cases. A screenshot or source code alone is insufficient.","Export/eject supported source/docs/workflows/context with manifest and validate local roundtrip without secrets. || Exercise the linked edge cases (EC01, EC02, EC03, EC11, EC07, EC13); preserve drafts on recoverable failure and enforce the permission contract server-side. || Apply expanded acceptance in SUP-09; these requirements supplement or correct this row.","SUP-09","pending","E03 historical row reports Pending: No verified implementation in this revision. No newer row-specific verification reviewed.","Pending","No verified implementation in this revision.","not_applicable","E02 || E03#CMP-020","committed_scope_not_completion","2026-09-25"
"CMP-021","baseline","Continuous two-way repository synchronization with drift detection and conflict resolution","Git","New","Developers","P0","Simulated","S02-S14","Provide continuous two-way repository synchronization with drift detection and conflict resolution for developers. Detect remote drift, fetch changes and reconcile conflicts both ways without overwriting uncommitted work.","Developer || QA","J03","SC12","Repository contributor subject to CODEOWNERS/branch protection; merge grant separate.","EC01 || EC02 || EC03 || EC11 || EC06 || EC04 || EC09","not_verified_in_this_pass","No new application or integration run performed in this documentation pass.","Record implementation revision, environment, actor/role/workspace, inputs, actual execution mode, expected/actual outcome, dated raw result and artifact links; execute listed EC cases. A screenshot or source code alone is insufficient.","Detect remote drift, fetch changes and reconcile conflicts both ways without overwriting uncommitted work. || Exercise the linked edge cases (EC01, EC02, EC03, EC11, EC06, EC04, EC09); preserve drafts on recoverable failure and enforce the permission contract server-side. || Apply expanded acceptance in SUP-04; these requirements supplement or correct this row.","SUP-04","pending","E03 historical row reports Pending: No verified implementation in this revision. No newer row-specific verification reviewed.","Pending","No verified implementation in this revision.","not_applicable","E02 || E03#CMP-021","committed_scope_not_completion","2026-09-25"
"CMP-022","baseline","Reusable team skills rules and workflow-template marketplace","Marketplace","Enhanced","All","P1","Simulated","S01;S09;S15","Provide reusable team skills rules and workflow-template marketplace for all. Version/share reviewed team skills/rules/workflows with permissions, provenance and compatibility checks.","Individual || Nontechnical || Developer || Client","J11","SC19","Browse permitted listings; owner approves publish/clone costs and dependency grants.","EC01 || EC02 || EC03 || EC11 || EC14 || EC05 || EC07","not_verified_in_this_pass","No new application or integration run performed in this documentation pass.","Record implementation revision, environment, actor/role/workspace, inputs, actual execution mode, expected/actual outcome, dated raw result and artifact links; execute listed EC cases. A screenshot or source code alone is insufficient.","Version/share reviewed team skills/rules/workflows with permissions, provenance and compatibility checks. || Exercise the linked edge cases (EC01, EC02, EC03, EC11, EC14, EC05, EC07); preserve drafts on recoverable failure and enforce the permission contract server-side. || Apply expanded acceptance in SUP-06; these requirements supplement or correct this row.","SUP-06","pending","E03 historical row reports Pending: No verified implementation in this revision. No newer row-specific verification reviewed.","Pending","No verified implementation in this revision.","not_applicable","E02 || E03#CMP-022","committed_scope_not_completion","2026-09-25"
"UNI-001","baseline","Kova Context Lens to click or lasso anything and Ask Change Diagnose Test Trace or Measure it","Interaction","New","All","P0","Functional-lite","S01-S16","Provide kova context lens to click or lasso anything and ask change diagnose test trace or measure it for all. Select/click/lasso actual app objects and invoke Ask/Change/Diagnose/Test/Trace/Measure with source mapping.","Nontechnical || Developer || PM || QA","J12 || J05","SC07 || SC11","Inspection follows source permissions; proposed changes need scope and execution grants.","EC01 || EC02 || EC03 || EC11 || EC08","not_verified_in_this_pass","No new application or integration run performed in this documentation pass.","Record implementation revision, environment, actor/role/workspace, inputs, actual execution mode, expected/actual outcome, dated raw result and artifact links; execute listed EC cases. A screenshot or source code alone is insufficient.","Select/click/lasso actual app objects and invoke Ask/Change/Diagnose/Test/Trace/Measure with source mapping. || Exercise the linked edge cases (EC01, EC02, EC03, EC11, EC08); preserve drafts on recoverable failure and enforce the permission contract server-side.","","partial","E03 historical row reports Partial: Click selection and scoped prompt; lasso/diagnose/trace/measure absent. No newer row-specific verification reviewed.","Partial","Click selection and scoped prompt; lasso/diagnose/trace/measure absent.","not_applicable","E02 || E03#UNI-001","committed_scope_not_completion","2026-09-25"
"UNI-002","baseline","Change Scope Dial for this instance shared component page journey role or whole product","Interaction","New","All","P0","Functional-lite","S01-S16","Provide change scope dial for this instance shared component page journey role or whole product for all. Choose instance/component/page/journey/role/product scope and show affected objects before mutation.","Nontechnical || Developer || PM || QA","J12 || J05","SC07 || SC11","Inspection follows source permissions; proposed changes need scope and execution grants.","EC01 || EC02 || EC03 || EC11 || EC08","not_verified_in_this_pass","No new application or integration run performed in this documentation pass.","Record implementation revision, environment, actor/role/workspace, inputs, actual execution mode, expected/actual outcome, dated raw result and artifact links; execute listed EC cases. A screenshot or source code alone is insufficient.","Choose instance/component/page/journey/role/product scope and show affected objects before mutation. || Exercise the linked edge cases (EC01, EC02, EC03, EC11, EC08); preserve drafts on recoverable failure and enforce the permission contract server-side.","","partial","E03 historical row reports Partial: Element/component/journey prompt scope only. No newer row-specific verification reviewed.","Partial","Element/component/journey prompt scope only.","not_applicable","E02 || E03#UNI-002","committed_scope_not_completion","2026-09-25"
"UNI-003","baseline","Selection Dependency X-Ray across code repositories APIs data agents tests owners and deployments","Traceability","New","All","P0","Functional-lite","S02-S16","Provide selection dependency x-ray across code repositories apis data agents tests owners and deployments for all. Inspect linked code/API/data/Bot/test/owner/deployment dependencies for a selection; unknown links stay unknown.","Nontechnical || Developer || PM || QA","J12 || J05","SC07 || SC11","Inspection follows source permissions; proposed changes need scope and execution grants.","EC01 || EC02 || EC03 || EC11 || EC08","not_verified_in_this_pass","No new application or integration run performed in this documentation pass.","Record implementation revision, environment, actor/role/workspace, inputs, actual execution mode, expected/actual outcome, dated raw result and artifact links; execute listed EC cases. A screenshot or source code alone is insufficient.","Inspect linked code/API/data/Bot/test/owner/deployment dependencies for a selection; unknown links stay unknown. || Exercise the linked edge cases (EC01, EC02, EC03, EC11, EC08); preserve drafts on recoverable failure and enforce the permission contract server-side.","","pending","E03 historical row reports Pending: No verified implementation in this revision. No newer row-specific verification reviewed.","Pending","No verified implementation in this revision.","not_applicable","E02 || E03#UNI-003","committed_scope_not_completion","2026-09-25"
"UNI-004","baseline","Why and provenance view linking selected behavior to requirements designs decisions commits and owners","Traceability","New","All","P0","Functional-lite","S02-S16","Provide why and provenance view linking selected behavior to requirements designs decisions commits and owners for all. Trace visible behavior to versioned requirement/design/decision/commit/owner evidence.","Nontechnical || Developer || PM || QA","J12 || J05","SC07 || SC11","Inspection follows source permissions; proposed changes need scope and execution grants.","EC01 || EC02 || EC03 || EC11 || EC08","not_verified_in_this_pass","No new application or integration run performed in this documentation pass.","Record implementation revision, environment, actor/role/workspace, inputs, actual execution mode, expected/actual outcome, dated raw result and artifact links; execute listed EC cases. A screenshot or source code alone is insufficient.","Trace visible behavior to versioned requirement/design/decision/commit/owner evidence. || Exercise the linked edge cases (EC01, EC02, EC03, EC11, EC08); preserve drafts on recoverable failure and enforce the permission contract server-side.","","pending","E03 historical row reports Pending: No verified implementation in this revision. No newer row-specific verification reviewed.","Pending","No verified implementation in this revision.","not_applicable","E02 || E03#UNI-004","committed_scope_not_completion","2026-09-25"
"UNI-005","baseline","Selection-based cross-layer change contract with impact plan cost risk and coordinated resources","Planning","New","All","P0","Simulated","S02-S14","Provide selection-based cross-layer change contract with impact plan cost risk and coordinated resources for all. Approve a selection-specific UI/API/data/test/document change contract with impact, cost and allowed resources.","PM || Developer || Nontechnical","J04 || J03","SC04 || SC05 || SC06","PM owns business scope; Developer owns technical approval; approval bound to version.","EC01 || EC02 || EC03 || EC11 || EC08 || EC04","not_verified_in_this_pass","No new application or integration run performed in this documentation pass.","Record implementation revision, environment, actor/role/workspace, inputs, actual execution mode, expected/actual outcome, dated raw result and artifact links; execute listed EC cases. A screenshot or source code alone is insufficient.","Approve a selection-specific UI/API/data/test/document change contract with impact, cost and allowed resources. || Exercise the linked edge cases (EC01, EC02, EC03, EC11, EC08, EC04); preserve drafts on recoverable failure and enforce the permission contract server-side.","","pending","E03 historical row reports Pending: No verified implementation in this revision. No newer row-specific verification reviewed.","Pending","No verified implementation in this revision.","not_applicable","E02 || E03#UNI-005","committed_scope_not_completion","2026-09-25"
"UNI-006","baseline","Journey Lasso to record or select a multi-screen flow and change or test it as one unit","Experience","New","All","P0","Functional-lite","S01;S02;S05;S06;S13","Provide journey lasso to record or select a multi-screen flow and change or test it as one unit for all. Record/select a multi-screen journey and verify changes/checks across the entire selected path.","Individual || Nontechnical || Developer || PM","J02 || J03","SC04","Project contributor within persisted task contract; external mutations follow policy.","EC01 || EC02 || EC03 || EC11 || EC09 || EC10 || EC18","not_verified_in_this_pass","No new application or integration run performed in this documentation pass.","Record implementation revision, environment, actor/role/workspace, inputs, actual execution mode, expected/actual outcome, dated raw result and artifact links; execute listed EC cases. A screenshot or source code alone is insufficient.","Record/select a multi-screen journey and verify changes/checks across the entire selected path. || Exercise the linked edge cases (EC01, EC02, EC03, EC11, EC09, EC10, EC18); preserve drafts on recoverable failure and enforce the permission contract server-side.","","pending","E03 historical row reports Pending: No verified implementation in this revision. No newer row-specific verification reviewed.","Pending","No verified implementation in this revision.","not_applicable","E02 || E03#UNI-006","committed_scope_not_completion","2026-09-25"
"UNI-007","baseline","Persona and condition reality switch across roles devices locales accessibility networks permissions and data states","Validation","New","All","P1","Simulated","S01;S02;S06;S08;S13","Provide persona and condition reality switch across roles devices locales accessibility networks permissions and data states for all. Switch test persona/device/locale/network/data conditions without granting the tester that persona's production authority.","QA || Developer || PM","J05 || J03","SC11","QA owns sign-off; execution uses permitted test environment and latest build.","EC01 || EC02 || EC03 || EC11 || EC08 || EC10","not_verified_in_this_pass","No new application or integration run performed in this documentation pass.","Record implementation revision, environment, actor/role/workspace, inputs, actual execution mode, expected/actual outcome, dated raw result and artifact links; execute listed EC cases. A screenshot or source code alone is insufficient.","Switch test persona/device/locale/network/data conditions without granting the tester that persona's production authority. || Exercise the linked edge cases (EC01, EC02, EC03, EC11, EC08, EC10); preserve drafts on recoverable failure and enforce the permission contract server-side.","","pending","E03 historical row reports Pending: No verified implementation in this revision. No newer row-specific verification reviewed.","Pending","No verified implementation in this revision.","not_applicable","E02 || E03#UNI-007","committed_scope_not_completion","2026-09-25"
"UNI-008","baseline","Capability Truth Overlay showing Proposed Mocked Connected Tested Verified and Deployed states with evidence","Trust","New","All","P0","Functional-lite","S01-S16","Provide capability truth overlay showing proposed mocked connected tested verified and deployed states with evidence for all. Show Proposed/Mocked/Connected/Tested/Verified/Deployed separately with scoped dated evidence; no inferred completion.","Nontechnical || Developer || PM || QA","J12 || J05","SC07 || SC11","Inspection follows source permissions; proposed changes need scope and execution grants.","EC01 || EC02 || EC03 || EC11 || EC08","not_verified_in_this_pass","No new application or integration run performed in this documentation pass.","Record implementation revision, environment, actor/role/workspace, inputs, actual execution mode, expected/actual outcome, dated raw result and artifact links; execute listed EC cases. A screenshot or source code alone is insufficient.","Show Proposed/Mocked/Connected/Tested/Verified/Deployed separately with scoped dated evidence; no inferred completion. || Exercise the linked edge cases (EC01, EC02, EC03, EC11, EC08); preserve drafts on recoverable failure and enforce the permission contract server-side.","","partial","E03 historical row reports Partial: Explicit local/prototype/pending labels; no comprehensive overlay. No newer row-specific verification reviewed.","Partial","Explicit local/prototype/pending labels; no comprehensive overlay.","not_applicable","E02 || E03#UNI-008","committed_scope_not_completion","2026-09-25"
"UNI-009","baseline","Agent Output Lens tracing a selected response to model prompt tool knowledge memory source cost and latency","Agents","New","Agent teams","P0","Functional-lite","S01;S05;S09;S13;S16","Provide agent output lens tracing a selected response to model prompt tool knowledge memory source cost and latency for agent teams. Trace a selected response to actual model/prompt/tool/knowledge/memory/cost/latency with secrets redacted.","Individual || Developer || Admin","J08 || J03","SC13 || SC14 || SC04","Definition editor configures; run actor and every child stay within parent grant; human gates enforced.","EC01 || EC02 || EC03 || EC11 || EC09 || EC10 || EC16","not_verified_in_this_pass","No new application or integration run performed in this documentation pass.","Record implementation revision, environment, actor/role/workspace, inputs, actual execution mode, expected/actual outcome, dated raw result and artifact links; execute listed EC cases. A screenshot or source code alone is insufficient.","Trace a selected response to actual model/prompt/tool/knowledge/memory/cost/latency with secrets redacted. || Exercise the linked edge cases (EC01, EC02, EC03, EC11, EC09, EC10, EC16); preserve drafts on recoverable failure and enforce the permission contract server-side.","","pending","E03 historical row reports Pending: No verified implementation in this revision. No newer row-specific verification reviewed.","Pending","No verified implementation in this revision.","not_applicable","E02 || E03#UNI-009","committed_scope_not_completion","2026-09-25"
"UNI-010","baseline","Data Lineage Lens tracing a selected value through UI API transformation schema source and access policy","Data","New","Technical teams","P1","Simulated","S02;S04;S07;S08;S14","Provide data lineage lens tracing a selected value through ui api transformation schema source and access policy for technical teams. Trace a value through UI/API/transformation/schema/source/access rule and disclose unknown lineage.","Developer || QA || Admin","J13 || J03","SC10","Granted developer role; separate migration approver for destructive impact.","EC01 || EC02 || EC03 || EC11 || EC13 || EC07","not_verified_in_this_pass","No new application or integration run performed in this documentation pass.","Record implementation revision, environment, actor/role/workspace, inputs, actual execution mode, expected/actual outcome, dated raw result and artifact links; execute listed EC cases. A screenshot or source code alone is insufficient.","Trace a value through UI/API/transformation/schema/source/access rule and disclose unknown lineage. || Exercise the linked edge cases (EC01, EC02, EC03, EC11, EC13, EC07); preserve drafts on recoverable failure and enforce the permission contract server-side.","","pending","E03 historical row reports Pending: No verified implementation in this revision. No newer row-specific verification reviewed.","Pending","No verified implementation in this revision.","not_applicable","E02 || E03#UNI-010","committed_scope_not_completion","2026-09-25"
"UNI-011","baseline","Requirement and verification heatmap directly over the live application preview","Quality","New","All","P0","Functional-lite","S01;S02;S06;S13","Provide requirement and verification heatmap directly over the live application preview for all. Overlay requirement/test coverage on actual preview elements and expose missing or stale verification.","QA || Developer || PM","J05 || J03","SC11","QA owns sign-off; execution uses permitted test environment and latest build.","EC01 || EC02 || EC03 || EC11 || EC08 || EC10","not_verified_in_this_pass","No new application or integration run performed in this documentation pass.","Record implementation revision, environment, actor/role/workspace, inputs, actual execution mode, expected/actual outcome, dated raw result and artifact links; execute listed EC cases. A screenshot or source code alone is insufficient.","Overlay requirement/test coverage on actual preview elements and expose missing or stale verification. || Exercise the linked edge cases (EC01, EC02, EC03, EC11, EC08, EC10); preserve drafts on recoverable failure and enforce the permission contract server-side.","","pending","E03 historical row reports Pending: No verified implementation in this revision. No newer row-specific verification reviewed.","Pending","No verified implementation in this revision.","not_applicable","E02 || E03#UNI-011","committed_scope_not_completion","2026-09-25"
"UNI-012","baseline","Constraint Pins that protect approved behavior design contracts and security invariants from later builds","Governance","New","All","P0","Functional-lite","S01-S16","Provide constraint pins that protect approved behavior design contracts and security invariants from later builds for all. Enforce approved invariants during later changes and require authorized reapproval for exceptions.","Admin || Developer","J06 || J15","SC16 || SC18","Owner/Admin configures policy; controlled overrides and audited exceptions only.","EC01 || EC02 || EC03 || EC11 || EC07","not_verified_in_this_pass","No new application or integration run performed in this documentation pass.","Record implementation revision, environment, actor/role/workspace, inputs, actual execution mode, expected/actual outcome, dated raw result and artifact links; execute listed EC cases. A screenshot or source code alone is insufficient.","Enforce approved invariants during later changes and require authorized reapproval for exceptions. || Exercise the linked edge cases (EC01, EC02, EC03, EC11, EC07); preserve drafts on recoverable failure and enforce the permission contract server-side. || Apply expanded acceptance in SUP-02; these requirements supplement or correct this row.","SUP-02","pending","E03 historical row reports Pending: No verified implementation in this revision. No newer row-specific verification reviewed.","Pending","No verified implementation in this revision.","not_applicable","E02 || E03#UNI-012","committed_scope_not_completion","2026-09-25"
"UNI-013","baseline","Cross-role feedback reconciliation for conflicting PM design engineering QA and stakeholder requests","Collaboration","New","Teams","P1","Simulated","S02;S06;S13;S14","Provide cross-role feedback reconciliation for conflicting pm design engineering qa and stakeholder requests for teams. Present conflicting stakeholder requests as alternatives and record accountable resolution without last-message wins.","PM || Developer || QA || Admin || Client","J04 || J05 || J07","SC06 || SC20","Membership/project grants enforced on reads, writes, notifications and deep links.","EC01 || EC02 || EC03 || EC11 || EC04 || EC08","not_verified_in_this_pass","No new application or integration run performed in this documentation pass.","Record implementation revision, environment, actor/role/workspace, inputs, actual execution mode, expected/actual outcome, dated raw result and artifact links; execute listed EC cases. A screenshot or source code alone is insufficient.","Present conflicting stakeholder requests as alternatives and record accountable resolution without last-message wins. || Exercise the linked edge cases (EC01, EC02, EC03, EC11, EC04, EC08); preserve drafts on recoverable failure and enforce the permission contract server-side.","","pending","E03 historical row reports Pending: No verified implementation in this revision. No newer row-specific verification reviewed.","Pending","No verified implementation in this revision.","not_applicable","E02 || E03#UNI-013","committed_scope_not_completion","2026-09-25"
"UNI-014","baseline","Risk-adaptive autonomy that escalates approval based on blast radius environment and policy","Governance","New","All","P0","Functional-lite","S01-S16","Provide risk-adaptive autonomy that escalates approval based on blast radius environment and policy for all. Escalate approval for material scope/environment/risk changes under deterministic policy.","Admin || Developer","J06 || J15","SC16 || SC18","Owner/Admin configures policy; controlled overrides and audited exceptions only.","EC01 || EC02 || EC03 || EC11 || EC07","not_verified_in_this_pass","No new application or integration run performed in this documentation pass.","Record implementation revision, environment, actor/role/workspace, inputs, actual execution mode, expected/actual outcome, dated raw result and artifact links; execute listed EC cases. A screenshot or source code alone is insufficient.","Escalate approval for material scope/environment/risk changes under deterministic policy. || Exercise the linked edge cases (EC01, EC02, EC03, EC11, EC07); preserve drafts on recoverable failure and enforce the permission contract server-side.","","pending","E03 historical row reports Pending: No verified implementation in this revision. No newer row-specific verification reviewed.","Pending","No verified implementation in this revision.","not_applicable","E02 || E03#UNI-014","committed_scope_not_completion","2026-09-25"
"UNI-015","baseline","Reverse Product Map from an imported repository or live app with observed and inferred behavior separated","Intake","New","All","P1","Simulated","S03;S05;S10;S11","Provide reverse product map from an imported repository or live app with observed and inferred behavior separated for all. Reconstruct product map from inspected repo/live evidence; separate observations, inferences and developer corrections.","PM || Developer || Nontechnical","J04 || J03","SC04 || SC05 || SC06","PM owns business scope; Developer owns technical approval; approval bound to version.","EC01 || EC02 || EC03 || EC11 || EC08 || EC04","not_verified_in_this_pass","No new application or integration run performed in this documentation pass.","Record implementation revision, environment, actor/role/workspace, inputs, actual execution mode, expected/actual outcome, dated raw result and artifact links; execute listed EC cases. A screenshot or source code alone is insufficient.","Reconstruct product map from inspected repo/live evidence; separate observations, inferences and developer corrections. || Exercise the linked edge cases (EC01, EC02, EC03, EC11, EC08, EC04); preserve drafts on recoverable failure and enforce the permission contract server-side. || Apply expanded acceptance in SUP-01; these requirements supplement or correct this row.","SUP-01","pending","E03 historical row reports Pending: No verified implementation in this revision. No newer row-specific verification reviewed.","Pending","No verified implementation in this revision.","not_applicable","E02 || E03#UNI-015","committed_scope_not_completion","2026-09-25"
"UNI-016","baseline","Selection-to-experiment workflow with variants feature flags success metrics rollout and rollback","Experimentation","New","Product teams","P1","Simulated","S01;S02;S06;S12;S16","Provide selection-to-experiment workflow with variants feature flags success metrics rollout and rollback for product teams. Create approved variants/flags/metrics/rollout plan and evaluate real signals; rollback follows deployment/data limits.","Developer || PM || Admin","J14 || J04","SC18","Operator reads scoped telemetry; PM approves scope changes; release authority controls production.","EC01 || EC02 || EC03 || EC11 || EC17 || EC08","not_verified_in_this_pass","No new application or integration run performed in this documentation pass.","Record implementation revision, environment, actor/role/workspace, inputs, actual execution mode, expected/actual outcome, dated raw result and artifact links; execute listed EC cases. A screenshot or source code alone is insufficient.","Create approved variants/flags/metrics/rollout plan and evaluate real signals; rollback follows deployment/data limits. || Exercise the linked edge cases (EC01, EC02, EC03, EC11, EC17, EC08); preserve drafts on recoverable failure and enforce the permission contract server-side. || Apply expanded acceptance in SUP-08; these requirements supplement or correct this row.","SUP-08","pending","E03 historical row reports Pending: No verified implementation in this revision. No newer row-specific verification reviewed.","Pending","No verified implementation in this revision.","not_applicable","E02 || E03#UNI-016","committed_scope_not_completion","2026-09-25"
"UNI-017","baseline","Safe Removal Mode for feature cleanup across UI code APIs data flags tests documentation and release plans","Maintenance","New","Technical teams","P1","Simulated","S03-S12","Provide safe removal mode for feature cleanup across ui code apis data flags tests documentation and release plans for technical teams. Preview dependent UI/code/API/data/test/doc removal, require impact approval and validate no dangling references.","Developer","J03","SC08 || SC09","Developer with repository grant and branch policy; no production credential inheritance.","EC01 || EC02 || EC03 || EC11 || EC06 || EC04 || EC14","not_verified_in_this_pass","No new application or integration run performed in this documentation pass.","Record implementation revision, environment, actor/role/workspace, inputs, actual execution mode, expected/actual outcome, dated raw result and artifact links; execute listed EC cases. A screenshot or source code alone is insufficient.","Preview dependent UI/code/API/data/test/doc removal, require impact approval and validate no dangling references. || Exercise the linked edge cases (EC01, EC02, EC03, EC11, EC06, EC04, EC14); preserve drafts on recoverable failure and enforce the permission contract server-side.","","pending","E03 historical row reports Pending: No verified implementation in this revision. No newer row-specific verification reviewed.","Pending","No verified implementation in this revision.","not_applicable","E02 || E03#UNI-017","committed_scope_not_completion","2026-09-25"
"UNI-018","baseline","Accepted-change learning capture into a reusable token rule skill test pattern or organization convention","Knowledge","New","Teams","P1","Simulated","S01-S16","Provide accepted-change learning capture into a reusable token rule skill test pattern or organization convention for teams. Promote accepted changes into versioned reusable rules/tests with owner approval and supersession tracking.","Developer || PM || Admin","J08 || J04","SC14","Approved memory editor manages decisions; consumers read only authorized current versions.","EC01 || EC02 || EC03 || EC11 || EC15 || EC16","not_verified_in_this_pass","No new application or integration run performed in this documentation pass.","Record implementation revision, environment, actor/role/workspace, inputs, actual execution mode, expected/actual outcome, dated raw result and artifact links; execute listed EC cases. A screenshot or source code alone is insufficient.","Promote accepted changes into versioned reusable rules/tests with owner approval and supersession tracking. || Exercise the linked edge cases (EC01, EC02, EC03, EC11, EC15, EC16); preserve drafts on recoverable failure and enforce the permission contract server-side. || Apply expanded acceptance in SUP-03, COR-013; these requirements supplement or correct this row.","SUP-03 || COR-013","pending","E03 historical row reports Pending: No verified implementation in this revision. No newer row-specific verification reviewed.","Pending","No verified implementation in this revision.","not_applicable","E02 || E03#UNI-018","committed_scope_not_completion","2026-09-25"
"UNI-019","baseline","Role Handoff Capsules with completed work evidence open questions approvals and next actions from shared state","Collaboration","New","Teams","P0","Functional-lite","S02;S06;S13;S14","Provide role handoff capsules with completed work evidence open questions approvals and next actions from shared state for teams. Hand off versioned artifacts, evidence, open questions, permissions and next owner in one durable capsule.","PM || Developer || QA || Admin || Client","J04 || J05 || J07","SC06 || SC20","Membership/project grants enforced on reads, writes, notifications and deep links.","EC01 || EC02 || EC03 || EC11 || EC04 || EC08","not_verified_in_this_pass","No new application or integration run performed in this documentation pass.","Record implementation revision, environment, actor/role/workspace, inputs, actual execution mode, expected/actual outcome, dated raw result and artifact links; execute listed EC cases. A screenshot or source code alone is insufficient.","Hand off versioned artifacts, evidence, open questions, permissions and next owner in one durable capsule. || Exercise the linked edge cases (EC01, EC02, EC03, EC11, EC04, EC08); preserve drafts on recoverable failure and enforce the permission contract server-side.","","pending","E03 historical row reports Pending: No verified implementation in this revision. No newer row-specific verification reviewed.","Pending","No verified implementation in this revision.","not_applicable","E02 || E03#UNI-019","committed_scope_not_completion","2026-09-25"
"MOD-001","baseline","Prompt-composer model selector with per-prompt provider and model switching","Model Control","New","All","P0","Functional-lite","S01-S16","Provide prompt-composer model selector with per-prompt provider and model switching for all. Select provider/model per prompt and record actual model in run history; fallback is explicit.","Individual || Developer || Admin","J09 || J06","SC16 || SC04","Connection owner/Admin grants use; authorized users see metadata, never raw stored key.","EC01 || EC02 || EC03 || EC11 || EC06 || EC07 || EC05","not_verified_in_this_pass","No new application or integration run performed in this documentation pass.","Record implementation revision, environment, actor/role/workspace, inputs, actual execution mode, expected/actual outcome, dated raw result and artifact links; execute listed EC cases. A screenshot or source code alone is insufficient.","Select provider/model per prompt and record actual model in run history; fallback is explicit. || Exercise the linked edge cases (EC01, EC02, EC03, EC11, EC06, EC07, EC05); preserve drafts on recoverable failure and enforce the permission contract server-side. || Apply expanded acceptance in COR-003, COR-004; these requirements supplement or correct this row.","COR-003 || COR-004","partial","E04 reports authenticated OpenRouter generation and Jev decisions wiring; Auto remains a conservative default and full cross-provider routing is absent. Provider browser tests use fixtures.","Partial","Searchable live catalog, per-prompt selection; live provider execution requires key.","not_applicable","E02 || E03#MOD-001 || E04","committed_scope_not_completion","2026-09-25"
"MOD-002","baseline","Task-aware Auto model router for UI backend data agent research debugging and testing work","Model Control","New","All","P0","Functional-lite","S01-S16","Provide task-aware auto model router for ui backend data agent research debugging and testing work for all. Benchmark task classification/routing against fixtures; Jev failure falls back within allowlist/budget or manual review.","Individual || Developer || Admin","J09 || J06","SC16 || SC04","Connection owner/Admin grants use; authorized users see metadata, never raw stored key.","EC01 || EC02 || EC03 || EC11 || EC06 || EC07 || EC05","not_verified_in_this_pass","No new application or integration run performed in this documentation pass.","Record implementation revision, environment, actor/role/workspace, inputs, actual execution mode, expected/actual outcome, dated raw result and artifact links; execute listed EC cases. A screenshot or source code alone is insufficient.","Benchmark task classification/routing against fixtures; Jev failure falls back within allowlist/budget or manual review. || Exercise the linked edge cases (EC01, EC02, EC03, EC11, EC06, EC07, EC05); preserve drafts on recoverable failure and enforce the permission contract server-side. || Apply expanded acceptance in SUP-10; these requirements supplement or correct this row.","SUP-10","partial","E04 reports authenticated OpenRouter generation and Jev decisions wiring; Auto remains a conservative default and full cross-provider routing is absent. Provider browser tests use fixtures.","Partial","Auto uses one configured default; task-aware routing not implemented.","not_applicable","E02 || E03#MOD-002 || E04","committed_scope_not_completion","2026-09-25"
"MOD-003","baseline","Provider Hub with Kova-managed models and secure bring-your-own-key model families","Model Control","New","All","P0","Functional-lite","S01-S16","Provide provider hub with kova-managed models and secure bring-your-own-key model families for all. Add/test/discover/default/rotate/disconnect workspace-scoped encrypted BYOK; no raw keys in browser/chat/logs.","Individual || Developer || Admin","J09 || J06","SC16 || SC04","Connection owner/Admin grants use; authorized users see metadata, never raw stored key.","EC01 || EC02 || EC03 || EC11 || EC06 || EC07 || EC05","not_verified_in_this_pass","No new application or integration run performed in this documentation pass.","Record implementation revision, environment, actor/role/workspace, inputs, actual execution mode, expected/actual outcome, dated raw result and artifact links; execute listed EC cases. A screenshot or source code alone is insufficient.","Add/test/discover/default/rotate/disconnect workspace-scoped encrypted BYOK; no raw keys in browser/chat/logs. || Exercise the linked edge cases (EC01, EC02, EC03, EC11, EC06, EC07, EC05); preserve drafts on recoverable failure and enforce the permission contract server-side. || Apply expanded acceptance in SUP-14, COR-001, COR-002, COR-003, COR-004, COR-012; these requirements supplement or correct this row.","SUP-14 || COR-001 || COR-002 || COR-003 || COR-004 || COR-012","partial","E04 explicitly reports no BYOK secret vault. Provider information/configured server credentials do not satisfy encrypted workspace key management. E10 latest user/parent progress reports rootpersistent, DirectBuilder, BotPortal, BYOKPanel, MemoryPanel and organisation-intent sign-in implemented, currently under verification; row-level acceptance and run evidence are not yet supplied.","Partial","Provider setup information only; encrypted BYOK management absent.","not_applicable","E02 || E03#MOD-003 || E04 || E10","committed_scope_not_completion","2026-09-25"
"BSC-001","baseline","Prompt draft autosave and cross-session restore","Prompting","New","All","P0","Functional-lite","S01-S16","Provide prompt draft autosave and cross-session restore for all. Autosave unsent prompt per project/user and restore after reload without sending it.","Individual || Nontechnical || Developer || PM","J02 || J03","SC04","Project contributor within persisted task contract; external mutations follow policy.","EC01 || EC02 || EC03 || EC11 || EC09 || EC10 || EC18","not_verified_in_this_pass","No new application or integration run performed in this documentation pass.","Record implementation revision, environment, actor/role/workspace, inputs, actual execution mode, expected/actual outcome, dated raw result and artifact links; execute listed EC cases. A screenshot or source code alone is insufficient.","Autosave unsent prompt per project/user and restore after reload without sending it. || Exercise the linked edge cases (EC01, EC02, EC03, EC11, EC09, EC10, EC18); preserve drafts on recoverable failure and enforce the permission contract server-side. || Apply expanded acceptance in COR-007; these requirements supplement or correct this row.","COR-007","working_locally_reported","E03 historical row reports Working locally: Draft autosave and reload restoration. No newer row-specific verification reviewed.","Working locally","Draft autosave and reload restoration.","not_applicable","E02 || E03#BSC-001","committed_scope_not_completion","2026-09-25"
"BSC-002","baseline","Edit resend stop retry regenerate continue and branch conversation controls","Prompting","New","All","P0","Functional-lite","S01-S16","Provide edit resend stop retry regenerate continue and branch conversation controls for all. Edit/resend/stop/retry/regenerate/continue/branch with distinct run IDs; branching preserves the source conversation.","Individual || Nontechnical || Developer || PM","J02 || J03","SC04","Project contributor within persisted task contract; external mutations follow policy.","EC01 || EC02 || EC03 || EC11 || EC09 || EC10 || EC18","not_verified_in_this_pass","No new application or integration run performed in this documentation pass.","Record implementation revision, environment, actor/role/workspace, inputs, actual execution mode, expected/actual outcome, dated raw result and artifact links; execute listed EC cases. A screenshot or source code alone is insufficient.","Edit/resend/stop/retry/regenerate/continue/branch with distinct run IDs; branching preserves the source conversation. || Exercise the linked edge cases (EC01, EC02, EC03, EC11, EC09, EC10, EC18); preserve drafts on recoverable failure and enforce the permission contract server-side.","","partial","E03 historical row reports Partial: Stop, retry, draft restore, resend; no branch/continue controls. No newer row-specific verification reviewed.","Partial","Stop, retry, draft restore, resend; no branch/continue controls.","not_applicable","E02 || E03#BSC-002","committed_scope_not_completion","2026-09-25"
"BSC-003","baseline","Context picker and at-mentions for files screens requirements repositories agents and integrations","Prompting","New","All","P0","Functional-lite","S01-S16","Provide context picker and at-mentions for files screens requirements repositories agents and integrations for all. Resolve at-mentions to permitted versioned resource content; stale/inaccessible sources are visible before send.","Individual || Nontechnical || Developer || PM","J02 || J03","SC04","Project contributor within persisted task contract; external mutations follow policy.","EC01 || EC02 || EC03 || EC11 || EC09 || EC10 || EC18","not_verified_in_this_pass","No new application or integration run performed in this documentation pass.","Record implementation revision, environment, actor/role/workspace, inputs, actual execution mode, expected/actual outcome, dated raw result and artifact links; execute listed EC cases. A screenshot or source code alone is insufficient.","Resolve at-mentions to permitted versioned resource content; stale/inaccessible sources are visible before send. || Exercise the linked edge cases (EC01, EC02, EC03, EC11, EC09, EC10, EC18); preserve drafts on recoverable failure and enforce the permission contract server-side.","","partial","E03 historical row reports Partial: Context list and selection references; no resource retrieval. No newer row-specific verification reviewed.","Partial","Context list and selection references; no resource retrieval.","not_applicable","E02 || E03#BSC-003","committed_scope_not_completion","2026-09-25"
"BSC-004","baseline","Personal prompt history with search reuse and favorites","Prompting","New","All","P1","Functional-lite","S01-S16","Provide personal prompt history with search reuse and favorites for all. Search/reuse/favorite personal prompt history without exposing another member's prompts.","Individual || Nontechnical || Developer || PM","J02 || J03","SC04","Project contributor within persisted task contract; external mutations follow policy.","EC01 || EC02 || EC03 || EC11 || EC09 || EC10 || EC18","not_verified_in_this_pass","No new application or integration run performed in this documentation pass.","Record implementation revision, environment, actor/role/workspace, inputs, actual execution mode, expected/actual outcome, dated raw result and artifact links; execute listed EC cases. A screenshot or source code alone is insufficient.","Search/reuse/favorite personal prompt history without exposing another member's prompts. || Exercise the linked edge cases (EC01, EC02, EC03, EC11, EC09, EC10, EC18); preserve drafts on recoverable failure and enforce the permission contract server-side.","","partial","E03 historical row reports Partial: Prompt reuse/history; no favorites or search. No newer row-specific verification reviewed.","Partial","Prompt reuse/history; no favorites or search.","not_applicable","E02 || E03#BSC-004","committed_scope_not_completion","2026-09-25"
"BSC-005","baseline","Context inspector with window meter and pin or remove source controls","Prompting","New","All","P0","Functional-lite","S01-S16","Provide context inspector with window meter and pin or remove source controls for all. Inspect token/window estimates and all sources; pin/remove changes the next request and flags unavailable context.","Individual || Nontechnical || Developer || PM","J02 || J03","SC04","Project contributor within persisted task contract; external mutations follow policy.","EC01 || EC02 || EC03 || EC11 || EC09 || EC10 || EC18","not_verified_in_this_pass","No new application or integration run performed in this documentation pass.","Record implementation revision, environment, actor/role/workspace, inputs, actual execution mode, expected/actual outcome, dated raw result and artifact links; execute listed EC cases. A screenshot or source code alone is insufficient.","Inspect token/window estimates and all sources; pin/remove changes the next request and flags unavailable context. || Exercise the linked edge cases (EC01, EC02, EC03, EC11, EC09, EC10, EC18); preserve drafts on recoverable failure and enforce the permission contract server-side.","","partial","E03 historical row reports Partial: Context list and remove; no token meter or pin. No newer row-specific verification reviewed.","Partial","Context list and remove; no token meter or pin.","not_applicable","E02 || E03#BSC-005","committed_scope_not_completion","2026-09-25"
"BSC-006","baseline","Voice dictation with editable transcription before send","Prompting","New","All","P1","Functional-lite","S01-S16","Provide voice dictation with editable transcription before send for all. Request microphone permission, transcribe then edit before sending; denial and unsupported devices retain text entry.","Individual || Nontechnical || Developer || PM","J02 || J03","SC04","Project contributor within persisted task contract; external mutations follow policy.","EC01 || EC02 || EC03 || EC11 || EC09 || EC10 || EC18","not_verified_in_this_pass","No new application or integration run performed in this documentation pass.","Record implementation revision, environment, actor/role/workspace, inputs, actual execution mode, expected/actual outcome, dated raw result and artifact links; execute listed EC cases. A screenshot or source code alone is insufficient.","Request microphone permission, transcribe then edit before sending; denial and unsupported devices retain text entry. || Exercise the linked edge cases (EC01, EC02, EC03, EC11, EC09, EC10, EC18); preserve drafts on recoverable failure and enforce the permission contract server-side.","","pending","E03 historical row reports Pending: No verified implementation in this revision. No newer row-specific verification reviewed.","Pending","No verified implementation in this revision.","not_applicable","E02 || E03#BSC-006","committed_scope_not_completion","2026-09-25"
"BSC-007","baseline","Response copy share feedback report and citation source actions","Conversation","New","All","P1","Functional-lite","S01-S16","Provide response copy share feedback report and citation source actions for all. Copy/share/report/feedback and open source citations with permission filtering; sharing omits secrets.","Individual || Nontechnical || Developer || PM","J02 || J03","SC04","Project contributor within persisted task contract; external mutations follow policy.","EC01 || EC02 || EC03 || EC11 || EC09 || EC10 || EC18","not_verified_in_this_pass","No new application or integration run performed in this documentation pass.","Record implementation revision, environment, actor/role/workspace, inputs, actual execution mode, expected/actual outcome, dated raw result and artifact links; execute listed EC cases. A screenshot or source code alone is insufficient.","Copy/share/report/feedback and open source citations with permission filtering; sharing omits secrets. || Exercise the linked edge cases (EC01, EC02, EC03, EC11, EC09, EC10, EC18); preserve drafts on recoverable failure and enforce the permission contract server-side.","","partial","E03 historical row reports Partial: Copy response; remaining actions absent. No newer row-specific verification reviewed.","Partial","Copy response; remaining actions absent.","not_applicable","E02 || E03#BSC-007","committed_scope_not_completion","2026-09-25"
"BSC-008","baseline","Project folders tags favorites archive restore and bulk organization","Projects","New","All","P1","Functional-lite","S01-S16","Provide project folders tags favorites archive restore and bulk organization for all. Create folders/tags/favorites, archive/restore and bulk organize; delete remains a separate confirmed operation.","Individual || Nontechnical || Developer || PM || QA || Admin || Client","J01 || J02","SC02","Read authorized projects; project owner or granted editor for mutations.","EC01 || EC02 || EC03 || EC11 || EC04 || EC13","not_verified_in_this_pass","No new application or integration run performed in this documentation pass.","Record implementation revision, environment, actor/role/workspace, inputs, actual execution mode, expected/actual outcome, dated raw result and artifact links; execute listed EC cases. A screenshot or source code alone is insufficient.","Create folders/tags/favorites, archive/restore and bulk organize; delete remains a separate confirmed operation. || Exercise the linked edge cases (EC01, EC02, EC03, EC11, EC04, EC13); preserve drafts on recoverable failure and enforce the permission contract server-side.","","partial","E04 reports cloud project persistence, search and archive/restore. This supports a partial slice only; full baseline subcontrols require individual verification.","Partial","Archive/restore and search; no folders, tags, favorites, bulk actions.","not_applicable","E02 || E03#BSC-008 || E04","committed_scope_not_completion","2026-09-25"
"BSC-009","baseline","Unified notification and approval inbox with in-app and email preferences","Notifications","New","All","P0","Functional-lite","S01-S16","Provide unified notification and approval inbox with in-app and email preferences for all. Deliver authorized approval/failure/completion notifications with preferences; inbox state survives reload and retries deduplicate.","PM || Developer || QA || Admin || Client","J04 || J05 || J07","SC06 || SC20","Membership/project grants enforced on reads, writes, notifications and deep links.","EC01 || EC02 || EC03 || EC11 || EC04 || EC08","not_verified_in_this_pass","No new application or integration run performed in this documentation pass.","Record implementation revision, environment, actor/role/workspace, inputs, actual execution mode, expected/actual outcome, dated raw result and artifact links; execute listed EC cases. A screenshot or source code alone is insufficient.","Deliver authorized approval/failure/completion notifications with preferences; inbox state survives reload and retries deduplicate. || Exercise the linked edge cases (EC01, EC02, EC03, EC11, EC04, EC08); preserve drafts on recoverable failure and enforce the permission contract server-side. || Apply expanded acceptance in SUP-12, COR-010; these requirements supplement or correct this row.","SUP-12 || COR-010","partial","E04 reports an approval inbox; notification delivery, preferences and complete cross-role routing are not established.","Pending","No verified implementation in this revision.","not_applicable","E02 || E03#BSC-009 || E04","committed_scope_not_completion","2026-09-25"
"BSC-010","baseline","Preview toolbar with device presets zoom rotate fullscreen open-tab and copy-URL actions","Preview","New","All","P0","Functional-lite","S01-S16","Provide preview toolbar with device presets zoom rotate fullscreen open-tab and copy-url actions for all. Use viewport/zoom/rotate/fullscreen/open/copy controls without changing app data or losing chat state.","Nontechnical || Developer || PM || QA || Client","J12 || J02","SC07 || SC04","Project contributor edits; designated design/PM approver approves; Client only assigned reviews.","EC01 || EC02 || EC03 || EC11 || EC04 || EC14","not_verified_in_this_pass","No new application or integration run performed in this documentation pass.","Record implementation revision, environment, actor/role/workspace, inputs, actual execution mode, expected/actual outcome, dated raw result and artifact links; execute listed EC cases. A screenshot or source code alone is insufficient.","Use viewport/zoom/rotate/fullscreen/open/copy controls without changing app data or losing chat state. || Exercise the linked edge cases (EC01, EC02, EC03, EC11, EC04, EC14); preserve drafts on recoverable failure and enforce the permission contract server-side.","","partial","E03 historical row reports Partial: Device presets, refresh, and expanded preview; other controls absent. No newer row-specific verification reviewed.","Partial","Device presets, refresh, and expanded preview; other controls absent.","not_applicable","E02 || E03#BSC-010","committed_scope_not_completion","2026-09-25"
"BSC-011","baseline","Browser IDE file operations tabs split view search replace autocomplete diagnostics formatting and navigation","Developer Experience","New","Developers","P0","Functional-lite","S03-S12","Provide browser ide file operations tabs split view search replace autocomplete diagnostics formatting and navigation for developers. Perform file operations/tabs/splits/search/replace/completion/diagnostics/format/navigation on actual source with conflict recovery.","Developer","J03","SC08 || SC09","Developer with repository grant and branch policy; no production credential inheritance.","EC01 || EC02 || EC03 || EC11 || EC06 || EC04 || EC14","not_verified_in_this_pass","No new application or integration run performed in this documentation pass.","Record implementation revision, environment, actor/role/workspace, inputs, actual execution mode, expected/actual outcome, dated raw result and artifact links; execute listed EC cases. A screenshot or source code alone is insufficient.","Perform file operations/tabs/splits/search/replace/completion/diagnostics/format/navigation on actual source with conflict recovery. || Exercise the linked edge cases (EC01, EC02, EC03, EC11, EC06, EC04, EC14); preserve drafts on recoverable failure and enforce the permission contract server-side.","","pending","E03 historical row reports Pending: No verified implementation in this revision. No newer row-specific verification reviewed.","Pending","No verified implementation in this revision.","not_applicable","E02 || E03#BSC-011","committed_scope_not_completion","2026-09-25"
"BSC-012","baseline","Visual package and dependency manager with install update remove audit license and lockfile controls","Developer Experience","New","Developers","P0","Functional-lite","S03-S12","Provide visual package and dependency manager with install update remove audit license and lockfile controls for developers. Install/update/remove packages, inspect audit/license/lockfile diff and revert failed dependency changes.","Developer","J03","SC08 || SC09","Developer with repository grant and branch policy; no production credential inheritance.","EC01 || EC02 || EC03 || EC11 || EC06 || EC04 || EC14","not_verified_in_this_pass","No new application or integration run performed in this documentation pass.","Record implementation revision, environment, actor/role/workspace, inputs, actual execution mode, expected/actual outcome, dated raw result and artifact links; execute listed EC cases. A screenshot or source code alone is insufficient.","Install/update/remove packages, inspect audit/license/lockfile diff and revert failed dependency changes. || Exercise the linked edge cases (EC01, EC02, EC03, EC11, EC06, EC04, EC14); preserve drafts on recoverable failure and enforce the permission contract server-side.","","pending","E03 historical row reports Pending: No verified implementation in this revision. No newer row-specific verification reviewed.","Pending","No verified implementation in this revision.","not_applicable","E02 || E03#BSC-012","committed_scope_not_completion","2026-09-25"
"BSC-013","baseline","Test explorer with suites filters watch coverage rerun and failure navigation","Testing","New","Developers and QA","P1","Functional-lite","S03-S14","Provide test explorer with suites filters watch coverage rerun and failure navigation for developers and qa. Discover/filter/run/watch tests and navigate coverage/failures from real runner evidence.","QA || Developer || PM","J05 || J03","SC11","QA owns sign-off; execution uses permitted test environment and latest build.","EC01 || EC02 || EC03 || EC11 || EC08 || EC10","not_verified_in_this_pass","No new application or integration run performed in this documentation pass.","Record implementation revision, environment, actor/role/workspace, inputs, actual execution mode, expected/actual outcome, dated raw result and artifact links; execute listed EC cases. A screenshot or source code alone is insufficient.","Discover/filter/run/watch tests and navigate coverage/failures from real runner evidence. || Exercise the linked edge cases (EC01, EC02, EC03, EC11, EC08, EC10); preserve drafts on recoverable failure and enforce the permission contract server-side.","","partial","E03 historical row reports Partial: Configuration checks and filter; no external runner/watch/coverage. No newer row-specific verification reviewed.","Partial","Configuration checks and filter; no external runner/watch/coverage.","not_applicable","E02 || E03#BSC-013","committed_scope_not_completion","2026-09-25"
"BSC-014","baseline","Email verification password recovery MFA passkeys and session or device management","Account Security","New","All","P0","Simulated","S01-S16","Provide email verification password recovery mfa passkeys and session or device management for all. Verify/recover account, enroll supported MFA/passkeys and revoke sessions; recovery cannot bypass workspace authorization.","Individual || Admin","J01 || J06","SC01 || SC02 || SC03","Account owner for own settings; Admin for membership, never self-escalation.","EC01 || EC02 || EC03 || EC11 || EC12","not_verified_in_this_pass","No new application or integration run performed in this documentation pass.","Record implementation revision, environment, actor/role/workspace, inputs, actual execution mode, expected/actual outcome, dated raw result and artifact links; execute listed EC cases. A screenshot or source code alone is insufficient.","Verify/recover account, enroll supported MFA/passkeys and revoke sessions; recovery cannot bypass workspace authorization. || Exercise the linked edge cases (EC01, EC02, EC03, EC11, EC12); preserve drafts on recoverable failure and enforce the permission contract server-side. || Apply expanded acceptance in SUP-13; these requirements supplement or correct this row.","SUP-13","partial","E04 reports email/Google sign-in, signup validation, recovery and sign-out; E05 records a historical live Google test-user login. Public OAuth launch, MFA/passkeys/session management and a fresh end-to-end replay are not established.","Pending","No verified implementation in this revision.","not_applicable","E02 || E03#BSC-014 || E04","committed_scope_not_completion","2026-09-25"
"BSC-015","baseline","Consent preferences and account data export or deletion","Privacy","New","All","P1","Simulated","S01-S16","Provide consent preferences and account data export or deletion for all. Manage consent and export/delete permitted account data with retention/ownership effects disclosed.","Individual || Developer || Admin || Client","J16 || J07","SC21","Owner/granted exporter; secrets and unauthorized client/workspace data excluded.","EC01 || EC02 || EC03 || EC11 || EC07 || EC13","not_verified_in_this_pass","No new application or integration run performed in this documentation pass.","Record implementation revision, environment, actor/role/workspace, inputs, actual execution mode, expected/actual outcome, dated raw result and artifact links; execute listed EC cases. A screenshot or source code alone is insufficient.","Manage consent and export/delete permitted account data with retention/ownership effects disclosed. || Exercise the linked edge cases (EC01, EC02, EC03, EC11, EC07, EC13); preserve drafts on recoverable failure and enforce the permission contract server-side. || Apply expanded acceptance in SUP-09; these requirements supplement or correct this row.","SUP-09","pending","E03 historical row reports Pending: No verified implementation in this revision. No newer row-specific verification reviewed.","Pending","No verified implementation in this revision.","not_applicable","E02 || E03#BSC-015","committed_scope_not_completion","2026-09-25"
"BSC-016","baseline","Workspace member invite directory role change suspension and removal","Collaboration","New","Teams","P0","Functional-lite","S02-S16","Provide workspace member invite directory role change suspension and removal for teams. Invite/change/suspend/remove members, preserve last owner and invalidate revoked access across active sessions.","PM || Developer || QA || Admin || Client","J04 || J05 || J07","SC06 || SC20","Membership/project grants enforced on reads, writes, notifications and deep links.","EC01 || EC02 || EC03 || EC11 || EC04 || EC08","not_verified_in_this_pass","No new application or integration run performed in this documentation pass.","Record implementation revision, environment, actor/role/workspace, inputs, actual execution mode, expected/actual outcome, dated raw result and artifact links; execute listed EC cases. A screenshot or source code alone is insufficient.","Invite/change/suspend/remove members, preserve last owner and invalidate revoked access across active sessions. || Exercise the linked edge cases (EC01, EC02, EC03, EC11, EC04, EC08); preserve drafts on recoverable failure and enforce the permission contract server-side. || Apply expanded acceptance in SUP-13; these requirements supplement or correct this row.","SUP-13","partial","E04 reports cloud-backed personal/company membership, scoped invitations and owner protection; invitation delivery is absent. Fixture browser checks and rollback-only live SQL isolation checks are reported, not rerun here; complete member lifecycle remains unproven.","Partial","Invitation drafts; no email, authorization, or live membership.","not_applicable","E02 || E03#BSC-016 || E04","committed_scope_not_completion","2026-09-25"
"BSC-017","baseline","Platform API keys service accounts scoped tokens and webhook subscriptions","Platform API","New","Technical teams","P1","Simulated","S03-S16","Provide platform api keys service accounts scoped tokens and webhook subscriptions for technical teams. Create/rotate/revoke scoped service tokens and validate signed webhook deliveries with replay protection.","Admin || Developer || QA","J15 || J06","SC16","Owner/Admin changes security policy; sessions/tokens have explicit scope and revocation.","EC01 || EC02 || EC03 || EC11 || EC07 || EC12 || EC16","not_verified_in_this_pass","No new application or integration run performed in this documentation pass.","Record implementation revision, environment, actor/role/workspace, inputs, actual execution mode, expected/actual outcome, dated raw result and artifact links; execute listed EC cases. A screenshot or source code alone is insufficient.","Create/rotate/revoke scoped service tokens and validate signed webhook deliveries with replay protection. || Exercise the linked edge cases (EC01, EC02, EC03, EC11, EC07, EC12, EC16); preserve drafts on recoverable failure and enforce the permission contract server-side.","","pending","E03 historical row reports Pending: No verified implementation in this revision. No newer row-specific verification reviewed.","Pending","No verified implementation in this revision.","not_applicable","E02 || E03#BSC-017","committed_scope_not_completion","2026-09-25"
"BSC-018","baseline","Private password-protected expiring preview links with viewer access controls","Preview Security","New","All","P0","Simulated","S01-S16","Provide private password-protected expiring preview links with viewer access controls for all. Enforce private/password/expiry preview access at serving layer; revoked links and guessed IDs fail.","Nontechnical || Developer || PM || QA || Client","J12 || J02","SC07 || SC04","Project contributor edits; designated design/PM approver approves; Client only assigned reviews.","EC01 || EC02 || EC03 || EC11 || EC04 || EC14","not_verified_in_this_pass","No new application or integration run performed in this documentation pass.","Record implementation revision, environment, actor/role/workspace, inputs, actual execution mode, expected/actual outcome, dated raw result and artifact links; execute listed EC cases. A screenshot or source code alone is insufficient.","Enforce private/password/expiry preview access at serving layer; revoked links and guessed IDs fail. || Exercise the linked edge cases (EC01, EC02, EC03, EC11, EC04, EC14); preserve drafts on recoverable failure and enforce the permission contract server-side.","","pending","E03 historical row reports Pending: No verified implementation in this revision. No newer row-specific verification reviewed.","Pending","No verified implementation in this revision.","not_applicable","E02 || E03#BSC-018","committed_scope_not_completion","2026-09-25"
"BSC-019","baseline","Builder keyboard screen-reader reduced-motion high-contrast and focus preferences","Accessibility","New","All","P0","Functional-lite","S01-S16","Provide builder keyboard screen-reader reduced-motion high-contrast and focus preferences for all. Complete keyboard and screen-reader journeys with focus restoration, reduced motion and contrast checks.","Individual || Admin","J01 || J06","SC01 || SC02 || SC03","Account owner for own settings; Admin for membership, never self-escalation.","EC01 || EC02 || EC03 || EC11 || EC12","not_verified_in_this_pass","No new application or integration run performed in this documentation pass.","Record implementation revision, environment, actor/role/workspace, inputs, actual execution mode, expected/actual outcome, dated raw result and artifact links; execute listed EC cases. A screenshot or source code alone is insufficient.","Complete keyboard and screen-reader journeys with focus restoration, reduced motion and contrast checks. || Exercise the linked edge cases (EC01, EC02, EC03, EC11, EC12); preserve drafts on recoverable failure and enforce the permission contract server-side. || Apply expanded acceptance in SUP-16, COR-014; these requirements supplement or correct this row.","SUP-16 || COR-014","partial","E03 historical row reports Partial: Focus styles, native dialog keyboard behavior, reduced motion; no complete accessibility audit. No newer row-specific verification reviewed.","Partial","Focus styles, native dialog keyboard behavior, reduced motion; no complete accessibility audit.","not_applicable","E02 || E03#BSC-019","committed_scope_not_completion","2026-09-25"
"BSC-020","baseline","Builder language locale timezone and date or number format preferences","Localization","New","All","P1","Simulated","S01-S16","Provide builder language locale timezone and date or number format preferences for all. Persist locale/language/timezone preferences and render translated text/dates/numbers without clipping.","Individual || Admin","J01 || J06","SC01 || SC02 || SC03","Account owner for own settings; Admin for membership, never self-escalation.","EC01 || EC02 || EC03 || EC11 || EC12","not_verified_in_this_pass","No new application or integration run performed in this documentation pass.","Record implementation revision, environment, actor/role/workspace, inputs, actual execution mode, expected/actual outcome, dated raw result and artifact links; execute listed EC cases. A screenshot or source code alone is insufficient.","Persist locale/language/timezone preferences and render translated text/dates/numbers without clipping. || Exercise the linked edge cases (EC01, EC02, EC03, EC11, EC12); preserve drafts on recoverable failure and enforce the permission contract server-side.","","pending","E03 historical row reports Pending: No verified implementation in this revision. No newer row-specific verification reviewed.","Pending","No verified implementation in this revision.","not_applicable","E02 || E03#BSC-020","committed_scope_not_completion","2026-09-25"
"BSC-021","baseline","Autosave and crash or reconnect recovery for forms PRDs designs and code","Recovery","New","All","P0","Functional-lite","S01-S16","Provide autosave and crash or reconnect recovery for forms prds designs and code for all. Recover unsent forms/docs/code after disconnect/crash without automatically replaying external actions.","Individual || Nontechnical || Developer || PM","J02 || J03","SC04","Project contributor within persisted task contract; external mutations follow policy.","EC01 || EC02 || EC03 || EC11 || EC09 || EC10 || EC18","not_verified_in_this_pass","No new application or integration run performed in this documentation pass.","Record implementation revision, environment, actor/role/workspace, inputs, actual execution mode, expected/actual outcome, dated raw result and artifact links; execute listed EC cases. A screenshot or source code alone is insufficient.","Recover unsent forms/docs/code after disconnect/crash without automatically replaying external actions. || Exercise the linked edge cases (EC01, EC02, EC03, EC11, EC09, EC10, EC18); preserve drafts on recoverable failure and enforce the permission contract server-side. || Apply expanded acceptance in SUP-05, COR-007; these requirements supplement or correct this row.","SUP-05 || COR-007","partial","E04 reports explicit cloud editor saves with revision conflicts and some browser-local state. Full source editing, autosave and distributed crash recovery remain partial.","Partial","Local project state and graph persistence; no distributed recovery.","not_applicable","E02 || E03#BSC-021 || E04","committed_scope_not_completion","2026-09-25"
"BSC-022","baseline","Debugger breakpoint process port and live-reload manager with restart controls","Developer Experience","New","Developers","P1","Simulated","S03-S12","Provide debugger breakpoint process port and live-reload manager with restart controls for developers. Set breakpoints, inspect processes/ports and restart live reload in isolated runtime with resource cleanup.","Developer","J03","SC08 || SC09","Developer with repository grant and branch policy; no production credential inheritance.","EC01 || EC02 || EC03 || EC11 || EC06 || EC04 || EC14","not_verified_in_this_pass","No new application or integration run performed in this documentation pass.","Record implementation revision, environment, actor/role/workspace, inputs, actual execution mode, expected/actual outcome, dated raw result and artifact links; execute listed EC cases. A screenshot or source code alone is insufficient.","Set breakpoints, inspect processes/ports and restart live reload in isolated runtime with resource cleanup. || Exercise the linked edge cases (EC01, EC02, EC03, EC11, EC06, EC04, EC14); preserve drafts on recoverable failure and enforce the permission contract server-side.","","pending","E03 historical row reports Pending: No verified implementation in this revision. No newer row-specific verification reviewed.","Pending","No verified implementation in this revision.","not_applicable","E02 || E03#BSC-022","committed_scope_not_completion","2026-09-25"
"SUP-01","approved_supplement","Developer-approved repository understanding","Developer","Expanded acceptance","See mapped baseline and journey personas","not_assigned","not_applicable","See mapped baseline","Import maps services, dependencies, APIs, owners and existing tests. Distinguish observations from inference; developer can correct and approve the map before execution. Verify with a multi-service fixture and corrected findings.","Developer","J03","SC08 || SC09","Developer with repository grant and branch policy; no production credential inheritance.","EC01 || EC02 || EC03 || EC11 || EC06 || EC04 || EC14","not_verified_in_this_pass","No new application or integration run performed in this documentation pass.","Record implementation revision, environment, actor/role/workspace, inputs, actual execution mode, expected/actual outcome, dated raw result and artifact links; execute listed EC cases. A screenshot or source code alone is insufficient.","Import maps services, dependencies, APIs, owners and existing tests. Distinguish observations from inference; developer can correct and approve the map before execution. Verify with a multi-service fixture and corrected findings. || Run EC01, EC02, EC03, EC11, EC06, EC04, EC14 with the same actor/artifact evidence contract.","REP-001 || REP-003 || REP-005 || REP-006 || UNI-015","pending","E04: GitHub import stores only a reference; no clone, analyzed service map or corrected fixture evidence.","not_individually_audited","Supplement is additional acceptance, not a completed baseline capability.","not_applicable","E09 || E04","mandatory_expansion","2026-09-25"
"SUP-02","approved_supplement","Versioned change impact and approval invalidation","Technical","Expanded acceptance","See mapped baseline and journey personas","not_assigned","not_applicable","See mapped baseline","Requirement changes identify affected PRD/TRD sections, services, tests and approvals. Show impact before execution, version artifacts and invalidate affected approvals. Verify a scope edit blocks an outdated approved release.","PM || Developer || Nontechnical","J04 || J03","SC04 || SC05 || SC06","PM owns business scope; Developer owns technical approval; approval bound to version.","EC01 || EC02 || EC03 || EC11 || EC08 || EC04","not_verified_in_this_pass","No new application or integration run performed in this documentation pass.","Record implementation revision, environment, actor/role/workspace, inputs, actual execution mode, expected/actual outcome, dated raw result and artifact links; execute listed EC cases. A screenshot or source code alone is insufficient.","Requirement changes identify affected PRD/TRD sections, services, tests and approvals. Show impact before execution, version artifacts and invalidate affected approvals. Verify a scope edit blocks an outdated approved release. || Run EC01, EC02, EC03, EC11, EC08, EC04 with the same actor/artifact evidence contract.","PLN-005 || COL-005 || UNI-012","partial","E03: some local configuration changes invalidate checks; no complete requirement/service/test impact or stale-release proof.","not_individually_audited","Supplement is additional acceptance, not a completed baseline capability.","not_applicable","E09 || E04","mandatory_expansion","2026-09-25"
"SUP-03","approved_supplement","Approved shared project knowledge","Technical","Expanded acceptance","See mapped baseline and journey personas","not_assigned","not_applicable","See mapped baseline","Shared project knowledge stores approved decisions, vocabulary, constraints and evidence separately from suggestions. Enforce workspace access and flag stale or superseded context. Verify Bots use current approved context and cannot read another workspace.","Developer || PM || Admin","J08 || J04","SC14","Approved memory editor manages decisions; consumers read only authorized current versions.","EC01 || EC02 || EC03 || EC11 || EC15 || EC16","not_verified_in_this_pass","No new application or integration run performed in this documentation pass.","Record implementation revision, environment, actor/role/workspace, inputs, actual execution mode, expected/actual outcome, dated raw result and artifact links; execute listed EC cases. A screenshot or source code alone is insufficient.","Shared project knowledge stores approved decisions, vocabulary, constraints and evidence separately from suggestions. Enforce workspace access and flag stale or superseded context. Verify Bots use current approved context and cannot read another workspace. || Run EC01, EC02, EC03, EC11, EC15, EC16 with the same actor/artifact evidence contract.","PLN-007 || CMP-012 || UNI-018","partial","E03/E04 provide no verified shared approved-memory implementation. E10 latest user/parent progress reports rootpersistent, DirectBuilder, BotPortal, BYOKPanel, MemoryPanel and organisation-intent sign-in implemented, currently under verification; row-level acceptance and run evidence are not yet supplied.","not_individually_audited","Supplement is additional acceptance, not a completed baseline capability.","not_applicable","E09 || E04 || E10","mandatory_expansion","2026-09-25"
"SUP-04","approved_supplement","Isolated concurrent Bot work and explicit joins","Developer","Expanded acceptance","See mapped baseline and journey personas","not_assigned","not_applicable","See mapped baseline","Concurrent Bots use isolated workspaces, ownership and API contracts. Detect conflicting writes, reconcile outputs and join parallel tasks explicitly; never silently overwrite changes. Verify conflicting edits and a failed parallel branch.","Developer","J03","SC08 || SC09","Developer with repository grant and branch policy; no production credential inheritance.","EC01 || EC02 || EC03 || EC11 || EC06 || EC04 || EC14","not_verified_in_this_pass","No new application or integration run performed in this documentation pass.","Record implementation revision, environment, actor/role/workspace, inputs, actual execution mode, expected/actual outcome, dated raw result and artifact links; execute listed EC cases. A screenshot or source code alone is insufficient.","Concurrent Bots use isolated workspaces, ownership and API contracts. Detect conflicting writes, reconcile outputs and join parallel tasks explicitly; never silently overwrite changes. Verify conflicting edits and a failed parallel branch. || Run EC01, EC02, EC03, EC11, EC06, EC04, EC14 with the same actor/artifact evidence contract.","REP-002 || REP-004 || CMP-004 || CMP-011 || CMP-021","pending","E04: no real repository execution or parallel distributed engine; isolation/join/conflict checks remain absent.","not_individually_audited","Supplement is additional acceptance, not a completed baseline capability.","not_applicable","E09 || E04","mandatory_expansion","2026-09-25"
"SUP-05","approved_supplement","Durable checkpoints, takeover and retry safety","Experience","Expanded acceptance","See mapped baseline and journey personas","not_assigned","not_applicable","See mapped baseline","Pause, cancel, human takeover, edit and resume from durable checkpoints. Record completed external actions and prevent duplicate effects on retry. Verify recovery after a crash without duplicate Jira issues or PRs. Use Notion as current work tracker in the duplicate-side-effect recovery check; preserve Jira only as an optional future connector.","Individual || Nontechnical || Developer || PM","J02 || J03","SC04","Project contributor within persisted task contract; external mutations follow policy.","EC01 || EC02 || EC03 || EC11 || EC09 || EC10 || EC18","not_verified_in_this_pass","No new application or integration run performed in this documentation pass.","Record implementation revision, environment, actor/role/workspace, inputs, actual execution mode, expected/actual outcome, dated raw result and artifact links; execute listed EC cases. A screenshot or source code alone is insufficient.","Pause, cancel, human takeover, edit and resume from durable checkpoints. Record completed external actions and prevent duplicate effects on retry. Verify recovery after a crash without duplicate Jira issues or PRs. Use Notion as current work tracker in the duplicate-side-effect recovery check; preserve Jira only as an optional future connector. || Run EC01, EC02, EC03, EC11, EC09, EC10, EC18 with the same actor/artifact evidence contract.","CMP-003 || CMP-005 || BSC-021","partial","E04: simulated Bot pause/resume/cancel/retry and editor revision-conflict support; durable cross-system checkpoint recovery remains unproven.","not_individually_audited","Supplement is additional acceptance, not a completed baseline capability.","not_applicable","E09 || E04","mandatory_expansion","2026-09-25"
"SUP-06","approved_supplement","Workflow evaluation and definition rollback","Technical","Expanded acceptance","See mapped baseline and journey personas","not_assigned","not_applicable","See mapped baseline","Test Bot workflows on representative fixtures before activation. Version instructions, models, tools and schemas; compare quality, cost and latency; restore an earlier definition without undoing completed external actions. Verify regression detection and configuration rollback.","Individual || Developer || Admin","J08 || J03","SC13 || SC14 || SC04","Definition editor configures; run actor and every child stay within parent grant; human gates enforced.","EC01 || EC02 || EC03 || EC11 || EC09 || EC10 || EC16","not_verified_in_this_pass","No new application or integration run performed in this documentation pass.","Record implementation revision, environment, actor/role/workspace, inputs, actual execution mode, expected/actual outcome, dated raw result and artifact links; execute listed EC cases. A screenshot or source code alone is insufficient.","Test Bot workflows on representative fixtures before activation. Version instructions, models, tools and schemas; compare quality, cost and latency; restore an earlier definition without undoing completed external actions. Verify regression detection and configuration rollback. || Run EC01, EC02, EC03, EC11, EC09, EC10, EC16 with the same actor/artifact evidence contract.","AGT-007 || AGT-008 || CMP-022","pending","E04: labelled simulated Bot traces only; representative regression/version rollback evidence not supplied.","not_individually_audited","Supplement is additional acceptance, not a completed baseline capability.","not_applicable","E09 || E04","mandatory_expansion","2026-09-25"
"SUP-07","approved_supplement","Separate migration approval and recovery","Developer","Expanded acceptance","See mapped baseline and journey personas","not_assigned","not_applicable","See mapped baseline","Separate migration approval from code approval. Preview destructive impact, test with masked or synthetic data and validate permissions. Define backups, recovery or forward-fix procedures; never promise every migration is reversible. Verify a destructive migration is blocked pending approval.","Developer || QA || Admin","J13 || J03","SC10","Granted developer role; separate migration approver for destructive impact.","EC01 || EC02 || EC03 || EC11 || EC13 || EC07","not_verified_in_this_pass","No new application or integration run performed in this documentation pass.","Record implementation revision, environment, actor/role/workspace, inputs, actual execution mode, expected/actual outcome, dated raw result and artifact links; execute listed EC cases. A screenshot or source code alone is insufficient.","Separate migration approval from code approval. Preview destructive impact, test with masked or synthetic data and validate permissions. Define backups, recovery or forward-fix procedures; never promise every migration is reversible. Verify a destructive migration is blocked pending approval. || Run EC01, EC02, EC03, EC11, EC13, EC07 with the same actor/artifact evidence contract.","DAT-004 || DAT-005 || DEV-003 || DEV-005","pending","E04: generated-app migrations are not executed; migration approval/recovery acceptance remains pending.","not_individually_audited","Supplement is additional acceptance, not a completed baseline capability.","not_applicable","E09 || E04","mandatory_expansion","2026-09-25"
"SUP-08","approved_supplement","Evidence-led production improvement proposals","Technical","Expanded acceptance","See mapped baseline and journey personas","not_assigned","not_applicable","See mapped baseline","Link production failures and product metrics to requirements, suggest fixes or experiments and preserve evidence. Require approval before scope expansion or production changes. Verify telemetry creates a reviewable proposal, not an automatic production mutation.","Developer || PM || Admin","J14 || J04","SC18","Operator reads scoped telemetry; PM approves scope changes; release authority controls production.","EC01 || EC02 || EC03 || EC11 || EC17 || EC08","not_verified_in_this_pass","No new application or integration run performed in this documentation pass.","Record implementation revision, environment, actor/role/workspace, inputs, actual execution mode, expected/actual outcome, dated raw result and artifact links; execute listed EC cases. A screenshot or source code alone is insufficient.","Link production failures and product metrics to requirements, suggest fixes or experiments and preserve evidence. Require approval before scope expansion or production changes. Verify telemetry creates a reviewable proposal, not an automatic production mutation. || Run EC01, EC02, EC03, EC11, EC17, EC08 with the same actor/artifact evidence contract.","OPS-001 || OPS-002 || OPS-003 || OPS-006 || UNI-016","pending","E04: no deployed generated-app telemetry loop established; proposal-only production boundary remains required.","not_individually_audited","Supplement is additional acceptance, not a completed baseline capability.","not_applicable","E09 || E04","mandatory_expansion","2026-09-25"
"SUP-09","approved_supplement","Portable export and handover","Experience","Expanded acceptance","See mapped baseline and journey personas","not_assigned","not_applicable","See mapped baseline","Export source, docs, workflow definitions, approved decisions and permitted project data with a dependency manifest. Exclude secrets and disclose provider-specific dependencies. Verify an export can be inspected and supported components run outside Kova.","Individual || Developer || Admin || Client","J16 || J07","SC21","Owner/granted exporter; secrets and unauthorized client/workspace data excluded.","EC01 || EC02 || EC03 || EC11 || EC07 || EC13","not_verified_in_this_pass","No new application or integration run performed in this documentation pass.","Record implementation revision, environment, actor/role/workspace, inputs, actual execution mode, expected/actual outcome, dated raw result and artifact links; execute listed EC cases. A screenshot or source code alone is insufficient.","Export source, docs, workflow definitions, approved decisions and permitted project data with a dependency manifest. Exclude secrets and disclose provider-specific dependencies. Verify an export can be inspected and supported components run outside Kova. || Run EC01, EC02, EC03, EC11, EC07, EC13 with the same actor/artifact evidence contract.","CMP-020 || BSC-015 || COL-005","partial","E03/E04: local source/snapshot/credit exports exist; complete portable source/docs/workflow/decision/data manifest and outside-Kova run evidence absent.","not_individually_audited","Supplement is additional acceptance, not a completed baseline capability.","not_applicable","E09 || E04","mandatory_expansion","2026-09-25"
"SUP-10","approved_supplement","Optional replaceable Jev decision layer","Technical","Expanded acceptance","See mapped baseline and journey personas","not_assigned","not_applicable","See mapped baseline","Optional replaceable Jev evaluator for classification, question ownership/readiness, PRD/TRD consistency, routing inputs, QA triage and release-risk flags. Start with routing, clarification and triage. Benchmark decisions, support fallback/manual review, enforce privacy and budgets. Never replace authorization or actual tests with model scores. Approved integration choice: OpenRouter typesafe/jev-1.13 through /api/alpha/decisions, not chat completions; compatibility and authenticated behavior require fresh implementation verification. It is optional, replaceable, budgeted and never an authorization/test substitute.","Individual || Developer || Admin","J09 || J06","SC16 || SC04","Connection owner/Admin grants use; authorized users see metadata, never raw stored key.","EC01 || EC02 || EC03 || EC11 || EC06 || EC07 || EC05","not_verified_in_this_pass","No new application or integration run performed in this documentation pass.","Record implementation revision, environment, actor/role/workspace, inputs, actual execution mode, expected/actual outcome, dated raw result and artifact links; execute listed EC cases. A screenshot or source code alone is insufficient.","Optional replaceable Jev evaluator for classification, question ownership/readiness, PRD/TRD consistency, routing inputs, QA triage and release-risk flags. Start with routing, clarification and triage. Benchmark decisions, support fallback/manual review, enforce privacy and budgets. Never replace authorization or actual tests with model scores. Approved integration choice: OpenRouter typesafe/jev-1.13 through /api/alpha/decisions, not chat completions; compatibility and authenticated behavior require fresh implementation verification. It is optional, replaceable, budgeted and never an authorization/test substitute. || Run EC01, EC02, EC03, EC11, EC06, EC07, EC05 with the same actor/artifact evidence contract.","MOD-002 || PLN-003 || AGT-006 || TST-007","partial","E04: Jev decisions wiring reported, with conservative default model fallback; benchmarked routing/privacy/budget acceptance not supplied.","not_individually_audited","Supplement is additional acceptance, not a completed baseline capability.","not_applicable","E09 || E04","mandatory_expansion","2026-09-25"
"SUP-11","approved_supplement","Configurable delivery Bots and scoped adapters","Technical","Expanded acceptance","See mapped baseline and journey personas","not_assigned","not_applicable","See mapped baseline","User-facing delivery workers are Bots. Configure sequential, parallel, hierarchical and mixed teams; roles, models, tools, schemas, triggers, notifications, budgets and human gates. Integrate Lyzr agents/workflows and compatible custom APIs through scoped adapters. Keep delivery Bots separate from generated-app agents. Verify delegated permissions cannot exceed the parent grant. Current Lyzr execution must be visibly simulated with fixture success/failure/retry/cancel and sequential/parallel/hierarchical/mixed modes; real compatible external adapters remain additional work.","Individual || Developer || Admin","J08 || J03","SC13 || SC14 || SC04","Definition editor configures; run actor and every child stay within parent grant; human gates enforced.","EC01 || EC02 || EC03 || EC11 || EC09 || EC10 || EC16","not_verified_in_this_pass","No new application or integration run performed in this documentation pass.","Record implementation revision, environment, actor/role/workspace, inputs, actual execution mode, expected/actual outcome, dated raw result and artifact links; execute listed EC cases. A screenshot or source code alone is insufficient.","User-facing delivery workers are Bots. Configure sequential, parallel, hierarchical and mixed teams; roles, models, tools, schemas, triggers, notifications, budgets and human gates. Integrate Lyzr agents/workflows and compatible custom APIs through scoped adapters. Keep delivery Bots separate from generated-app agents. Verify delegated permissions cannot exceed the parent grant. Current Lyzr execution must be visibly simulated with fixture success/failure/retry/cancel and sequential/parallel/hierarchical/mixed modes; real compatible external adapters remain additional work. || Run EC01, EC02, EC03, EC11, EC09, EC10, EC16 with the same actor/artifact evidence contract.","AGT-001 || AGT-002 || AGT-004 || AGT-005 || AGT-007 || AGT-008 || COL-003","partial","E04: saved Bot definitions and simulated modes/approvals/recovery; real orchestration and complete delegated-permission proof absent.","not_individually_audited","Supplement is additional acceptance, not a completed baseline capability.","not_applicable","E09 || E04","mandatory_expansion","2026-09-25"
"SUP-12","approved_supplement","PM-to-developer Full Delivery and optional Direct Build","Experience","Expanded acceptance","See mapped baseline and journey personas","not_assigned","not_applicable","See mapped baseline","PM requirements and clarification produce a draft PRD; PM approval precedes Jira publication. Developer notification and review lead to technical questions and a TRD, not a duplicate PRD. Track questions, owners and answers. Technical approval precedes build, testing, QA, PR review and release. Also support direct build/import without mandatory enterprise stages. Notion replaces Jira as primary PRD publication/review/TRD/status destination. Publish only PM-approved PRD, notify developer, resolve owned questions, draft TRD and obtain technical approval. Direct Build bypasses compulsory PRD/TRD per COR-010.","PM || Developer || Nontechnical","J04 || J03","SC04 || SC05 || SC06","PM owns business scope; Developer owns technical approval; approval bound to version.","EC01 || EC02 || EC03 || EC11 || EC08 || EC04","not_verified_in_this_pass","No new application or integration run performed in this documentation pass.","Record implementation revision, environment, actor/role/workspace, inputs, actual execution mode, expected/actual outcome, dated raw result and artifact links; execute listed EC cases. A screenshot or source code alone is insufficient.","PM requirements and clarification produce a draft PRD; PM approval precedes Jira publication. Developer notification and review lead to technical questions and a TRD, not a duplicate PRD. Track questions, owners and answers. Technical approval precedes build, testing, QA, PR review and release. Also support direct build/import without mandatory enterprise stages. Notion replaces Jira as primary PRD publication/review/TRD/status destination. Publish only PM-approved PRD, notify developer, resolve owned questions, draft TRD and obtain technical approval. Direct Build bypasses compulsory PRD/TRD per COR-010. || Run EC01, EC02, EC03, EC11, EC08, EC04 with the same actor/artifact evidence contract.","INT-001 || INT-002 || PLN-003 || PLN-004 || PLN-006 || COL-003 || COL-004 || COL-005 || BSC-009","partial","E04: editable template PRD/TRD and approval controls; Notion runtime publication unconnected and corrected direct chat route pending. E10 latest user/parent progress reports rootpersistent, DirectBuilder, BotPortal, BYOKPanel, MemoryPanel and organisation-intent sign-in implemented, currently under verification; row-level acceptance and run evidence are not yet supplied.","not_individually_audited","Supplement is additional acceptance, not a completed baseline capability.","not_applicable","E09 || E04 || E10","mandatory_expansion","2026-09-25"
"SUP-13","approved_supplement","Personal/company identity and membership","Experience","Expanded acceptance","See mapped baseline and journey personas","not_assigned","not_applicable","See mapped baseline","One sign-in supports personal and multiple company workspaces. Signup requests name, email, password and confirmation. Support Google sign-in and recovery. Company admins manage invitations and Owner/Admin/PM/Developer/QA/Viewer roles with enforced permissions. After sign-in show Build from a prompt and Import a repository, without mandatory onboarding or a demo-workspace login option. No mandatory onboarding or demo-workspace bypass. Personal and company contexts share one identity with name/email/password/confirmation, Google sign-in and recovery.","Individual || Admin","J01 || J06","SC01 || SC02 || SC03","Account owner for own settings; Admin for membership, never self-escalation.","EC01 || EC02 || EC03 || EC11 || EC12","not_verified_in_this_pass","No new application or integration run performed in this documentation pass.","Record implementation revision, environment, actor/role/workspace, inputs, actual execution mode, expected/actual outcome, dated raw result and artifact links; execute listed EC cases. A screenshot or source code alone is insufficient.","One sign-in supports personal and multiple company workspaces. Signup requests name, email, password and confirmation. Support Google sign-in and recovery. Company admins manage invitations and Owner/Admin/PM/Developer/QA/Viewer roles with enforced permissions. After sign-in show Build from a prompt and Import a repository, without mandatory onboarding or a demo-workspace login option. No mandatory onboarding or demo-workspace bypass. Personal and company contexts share one identity with name/email/password/confirmation, Google sign-in and recovery. || Run EC01, EC02, EC03, EC11, EC12 with the same actor/artifact evidence contract.","FND-002 || FND-005 || COL-001 || BSC-014 || BSC-016","partial","E04/E05: partial cloud workspace/auth/membership slice with reported fixture tests and historical Google test-user sign-in; public OAuth and full member lifecycle incomplete. E10 latest user/parent progress reports rootpersistent, DirectBuilder, BotPortal, BYOKPanel, MemoryPanel and organisation-intent sign-in implemented, currently under verification; row-level acceptance and run evidence are not yet supplied.","not_individually_audited","Supplement is additional acceptance, not a completed baseline capability.","not_applicable","E09 || E04 || E10","mandatory_expansion","2026-09-25"
"SUP-14","approved_supplement","Company policy, clients and controlled overrides","Technical","Expanded acceptance","See mapped baseline and journey personas","not_assigned","not_applicable","See mapped baseline","Company configuration covers tools, branching, roles, workflow templates, approvals, secrets, model providers/BYOK, budgets, retention and audits. Service firms have isolated client projects and explicit handover. Policies inherit with controlled overrides; switching workspaces cannot leak data or credentials. Include client isolation/handover, delegated billing roles, provider/BYOK policies, retention and audited controlled overrides.","Admin || Developer","J06 || J15","SC16 || SC18","Owner/Admin configures policy; controlled overrides and audited exceptions only.","EC01 || EC02 || EC03 || EC11 || EC07","not_verified_in_this_pass","No new application or integration run performed in this documentation pass.","Record implementation revision, environment, actor/role/workspace, inputs, actual execution mode, expected/actual outcome, dated raw result and artifact links; execute listed EC cases. A screenshot or source code alone is insufficient.","Company configuration covers tools, branching, roles, workflow templates, approvals, secrets, model providers/BYOK, budgets, retention and audits. Service firms have isolated client projects and explicit handover. Policies inherit with controlled overrides; switching workspaces cannot leak data or credentials. Include client isolation/handover, delegated billing roles, provider/BYOK policies, retention and audited controlled overrides. || Run EC01, EC02, EC03, EC11, EC07 with the same actor/artifact evidence contract.","REP-007 || REP-008 || REP-009 || COL-006 || COL-007 || DEV-003 || DEV-005 || MOD-003","partial","E04: company settings and scoped membership reported; encrypted BYOK/enterprise policy/client handover incomplete.","not_individually_audited","Supplement is additional acceptance, not a completed baseline capability.","not_applicable","E09 || E04","mandatory_expansion","2026-09-25"
"SUP-15","approved_supplement","Free-only compute and later private runners","Developer","Expanded acceptance","See mapped baseline and journey personas","not_assigned","not_applicable","See mapped baseline","Cloud and company-private runners use capability checks, scoped pairing credentials, isolated jobs, controlled networking and versioned execution images. Provide custom connector contracts and installation diagnostics. Container packaging alone is not sufficient isolation. Enforce model-data egress policy. Full self-hosting remains a later implementation phase, not current availability. Free/included-only sandbox resources: enforce a verified spending boundary before compute, no paid upgrades/overages. Full self-hosting is later scope. Container packaging alone is not isolation.","Admin || Developer","J06 || J15","SC16 || SC18","Owner/Admin configures policy; controlled overrides and audited exceptions only.","EC01 || EC02 || EC03 || EC11 || EC07","not_verified_in_this_pass","No new application or integration run performed in this documentation pass.","Record implementation revision, environment, actor/role/workspace, inputs, actual execution mode, expected/actual outcome, dated raw result and artifact links; execute listed EC cases. A screenshot or source code alone is insufficient.","Cloud and company-private runners use capability checks, scoped pairing credentials, isolated jobs, controlled networking and versioned execution images. Provide custom connector contracts and installation diagnostics. Container packaging alone is not sufficient isolation. Enforce model-data egress policy. Full self-hosting remains a later implementation phase, not current availability. Free/included-only sandbox resources: enforce a verified spending boundary before compute, no paid upgrades/overages. Full self-hosting is later scope. Container packaging alone is not isolation. || Run EC01, EC02, EC03, EC11, EC07 with the same actor/artifact evidence contract.","COL-007 || REP-010 || DEV-001 || DEV-002 || REL-004","pending","E04: free-only sandbox disabled; private runners and full self-hosting not implemented.","not_individually_audited","Supplement is additional acceptance, not a completed baseline capability.","not_applicable","E09 || E04","retained_later_private_runner_scope_free_only_compute_boundary_now","2026-09-25"
"SUP-16","approved_supplement","Kova branding and coherent accessible journeys","Experience","Expanded acceptance","See mapped baseline and journey personas","not_assigned","not_applicable","See mapped baseline","Apply Kova branding without Architect 2.0 product copy, consistent premium design tokens, responsive layouts and IDE themes. Expose advanced controls progressively while preserving a coherent project journey and accessible loading, empty, error and recovery states. Verify signup, prompt, import, approval and release journeys at desktop and mobile sizes. Apply COR-007 through COR-010 to legacy lifecycle/navigation references; Direct Build cannot be forced into the old document wizard.","Nontechnical || Developer || PM || QA || Client","J12 || J02","SC07 || SC04","Project contributor edits; designated design/PM approver approves; Client only assigned reviews.","EC01 || EC02 || EC03 || EC11 || EC04 || EC14","not_verified_in_this_pass","No new application or integration run performed in this documentation pass.","Record implementation revision, environment, actor/role/workspace, inputs, actual execution mode, expected/actual outcome, dated raw result and artifact links; execute listed EC cases. A screenshot or source code alone is insufficient.","Apply Kova branding without Architect 2.0 product copy, consistent premium design tokens, responsive layouts and IDE themes. Expose advanced controls progressively while preserving a coherent project journey and accessible loading, empty, error and recovery states. Verify signup, prompt, import, approval and release journeys at desktop and mobile sizes. Apply COR-007 through COR-010 to legacy lifecycle/navigation references; Direct Build cannot be forced into the old document wizard. || Run EC01, EC02, EC03, EC11, EC04, EC14 with the same actor/artifact evidence contract.","DES-005 || FND-001 || FND-003 || BSC-019","partial","E04/E08: responsive Kova shell/themes present; latest interaction corrections and full accessibility/reference acceptance not verified.","not_individually_audited","Supplement is additional acceptance, not a completed baseline capability.","not_applicable","E09 || E04","mandatory_expansion","2026-09-25"
"SUP-17","approved_supplement","Credits, usage and simulated purchases","Experience and Technical","Expanded acceptance","See mapped baseline and journey personas","not_assigned","not_applicable","See mapped baseline","Show available/reserved/consumed credits and filtered ledger; estimate and reserve before runs, settle actual usage and release unused reservations idempotently. Simulated pack/custom-amount checkout persists demo receipts and transactions; invalid amount, cancel, failure and duplicate confirmation never add credits. Keep demo entitlements separate from real provider billing and free-only sandbox limits. Restrict company purchases to authorized billing roles and verify cross-workspace isolation.","Individual || Admin","J10 || J01","SC03 || SC17","Individual owns personal demo balance; company purchase needs explicit billing grant.","EC01 || EC02 || EC03 || EC11 || EC05 || EC09 || EC10","not_verified_in_this_pass","No new application or integration run performed in this documentation pass.","Record implementation revision, environment, actor/role/workspace, inputs, actual execution mode, expected/actual outcome, dated raw result and artifact links; execute listed EC cases. A screenshot or source code alone is insufficient.","Show available/reserved/consumed credits and filtered ledger; estimate and reserve before runs, settle actual usage and release unused reservations idempotently. Simulated pack/custom-amount checkout persists demo receipts and transactions; invalid amount, cancel, failure and duplicate confirmation never add credits. Keep demo entitlements separate from real provider billing and free-only sandbox limits. Restrict company purchases to authorized billing roles and verify cross-workspace isolation. || Run EC01, EC02, EC03, EC11, EC05, EC09, EC10 with the same actor/artifact evidence contract.","A006 || A007 || A170 || OPS-004 || OPS-005","partial","E04: simulated checkout/ledger/idempotency/exports and fixture tests reported; reservation/settlement, all filters, profile placement and complete isolation journey need proof.","not_individually_audited","Supplement is additional acceptance, not a completed baseline capability.","not_applicable","E09 || E04","mandatory_expansion","2026-09-25"
"COR-001","latest_correction","Cloud BYOK connection lifecycle","provider","Scoped correction","See mapped baseline and journey personas","not_assigned","not_applicable","See mapped baseline","Connect OpenAI, Anthropic/Claude, OpenRouter and supported additional providers through Settings > AI Providers; encrypt workspace-scoped credentials server-side.","Individual || Developer || Admin","J09 || J06","SC16 || SC04","Connection owner/Admin grants use; authorized users see metadata, never raw stored key.","EC01 || EC02 || EC03 || EC11 || EC06 || EC07 || EC05","not_verified_in_this_pass","No new application or integration run performed in this documentation pass.","Record implementation revision, environment, actor/role/workspace, inputs, actual execution mode, expected/actual outcome, dated raw result and artifact links; execute listed EC cases. A screenshot or source code alone is insufficient.","Add/test/discover models/set default/rotate/disconnect each supported provider; validate invalid/revoked keys, policy denial and log/browser/export redaction. || Run EC01, EC02, EC03, EC11, EC06, EC07, EC05 with the same actor/artifact evidence contract.","MOD-003 || DEV-003 || A074 || A121","partial","E06 06:58-06:59; E04 explicitly says no BYOK secret vault. E10 latest user/parent progress reports rootpersistent, DirectBuilder, BotPortal, BYOKPanel, MemoryPanel and organisation-intent sign-in implemented, currently under verification; row-level acceptance and run evidence are not yet supplied.","not_individually_audited","Latest requested behavior is not satisfied by legacy layout or a mock flow.","not_applicable","E06 || E04 || E10","mandatory_correction","2026-09-25"
"COR-002","latest_correction","Ollama local/private connectivity","provider","Scoped correction","See mapped baseline and journey personas","not_assigned","not_applicable","See mapped baseline","Use a reachable approved endpoint, usually without a cloud API key; hosted Kova needs a scoped secure connector to the user's local/private host.","Individual || Developer || Admin","J09 || J06","SC16 || SC04","Connection owner/Admin grants use; authorized users see metadata, never raw stored key.","EC01 || EC02 || EC03 || EC11 || EC06 || EC07 || EC05","not_verified_in_this_pass","No new application or integration run performed in this documentation pass.","Record implementation revision, environment, actor/role/workspace, inputs, actual execution mode, expected/actual outcome, dated raw result and artifact links; execute listed EC cases. A screenshot or source code alone is insufficient.","Pair connector with explicit grants, discover models and run an authorized request; offline host, bad URL, revoked pairing and forbidden network destinations fail without cloud fallback. || Run EC01, EC02, EC03, EC11, EC06, EC07, EC05 with the same actor/artifact evidence contract.","MOD-003 || COL-007 || SUP-15","pending","E06 06:58; no implementation or run evidence supplied.","not_individually_audited","Latest requested behavior is not satisfied by legacy layout or a mock flow.","not_applicable","E06","mandatory_correction","2026-09-25"
"COR-003","latest_correction","Complete supported model catalog","provider","Scoped correction","See mapped baseline and journey personas","not_assigned","not_applicable","See mapped baseline","Discover the full catalog supported by each authorized connection with capabilities and availability; avoid a fixed small hard-coded model list.","Individual || Developer || Admin","J09 || J06","SC16 || SC04","Connection owner/Admin grants use; authorized users see metadata, never raw stored key.","EC01 || EC02 || EC03 || EC11 || EC06 || EC07 || EC05","not_verified_in_this_pass","No new application or integration run performed in this documentation pass.","Record implementation revision, environment, actor/role/workspace, inputs, actual execution mode, expected/actual outcome, dated raw result and artifact links; execute listed EC cases. A screenshot or source code alone is insufficient.","Search/filter all returned models, handle pagination/stale results, distinguish unavailable/unsupported capabilities and record actual model for each run. || Run EC01, EC02, EC03, EC11, EC06, EC07, EC05 with the same actor/artifact evidence contract.","MOD-001 || MOD-003 || A074 || A077","partial","E06 07:05-07:06; E03 reports a searchable catalog but not complete provider coverage.","not_individually_audited","Latest requested behavior is not satisfied by legacy layout or a mock flow.","not_applicable","E06","mandatory_correction","2026-09-25"
"COR-004","latest_correction","Per-prompt funding and provider choice","provider","Scoped correction","See mapped baseline and journey personas","not_assigned","not_applicable","See mapped baseline","Composer selects Kova-managed credits or an authorized personal/company provider connection within active workspace policy.","Individual || Developer || Admin","J09 || J06","SC16 || SC04","Connection owner/Admin grants use; authorized users see metadata, never raw stored key.","EC01 || EC02 || EC03 || EC11 || EC06 || EC07 || EC05","not_verified_in_this_pass","No new application or integration run performed in this documentation pass.","Record implementation revision, environment, actor/role/workspace, inputs, actual execution mode, expected/actual outcome, dated raw result and artifact links; execute listed EC cases. A screenshot or source code alone is insufficient.","Switch model/connection before send, show effective payer and estimate; provider failure never silently charges another source or treats demo credits as paid entitlement. || Run EC01, EC02, EC03, EC11, EC06, EC07, EC05 with the same actor/artifact evidence contract.","MOD-001 || MOD-003 || SUP-17 || OPS-004","pending","E06 06:58; E04 separates provider billing from demo ledger; completed funding switch is not evidenced.","not_individually_audited","Latest requested behavior is not satisfied by legacy layout or a mock flow.","not_applicable","E06 || E04","mandatory_correction","2026-09-25"
"COR-005","latest_correction","Profile credit summary and progress","credits","Scoped correction","See mapped baseline and journey personas","not_assigned","not_applicable","See mapped baseline","Profile menu shows active-scope balance, used/remaining limit, progress bar, Add credits, profile and sign-out.","Individual || Admin","J10 || J01","SC03 || SC17","Individual owns personal demo balance; company purchase needs explicit billing grant.","EC01 || EC02 || EC03 || EC11 || EC05 || EC09 || EC10","not_verified_in_this_pass","No new application or integration run performed in this documentation pass.","Record implementation revision, environment, actor/role/workspace, inputs, actual execution mode, expected/actual outcome, dated raw result and artifact links; execute listed EC cases. A screenshot or source code alone is insufficient.","Open profile from every main surface; reconcile values to ledger and scope, handle zero/unlimited/unknown limits accessibly and link Add credits to labelled simulation. || Run EC01, EC02, EC03, EC11, EC05, EC09, EC10 with the same actor/artifact evidence contract.","A004 || A006 || A162 || SUP-17","pending","E06 06:59-07:00; requested placement/progress not verified.","not_individually_audited","Latest requested behavior is not satisfied by legacy layout or a mock flow.","not_applicable","E06","mandatory_correction","2026-09-25"
"COR-006","latest_correction","Separate Settings and Credits & Usage","credits","Scoped correction","See mapped baseline and journey personas","not_assigned","not_applicable","See mapped baseline","Settings holds configuration; Credits & Usage holds detailed history and simulated purchases; profile holds only a quick summary.","Individual || Admin","J10 || J01","SC03 || SC17","Individual owns personal demo balance; company purchase needs explicit billing grant.","EC01 || EC02 || EC03 || EC11 || EC05 || EC09 || EC10","not_verified_in_this_pass","No new application or integration run performed in this documentation pass.","Record implementation revision, environment, actor/role/workspace, inputs, actual execution mode, expected/actual outcome, dated raw result and artifact links; execute listed EC cases. A screenshot or source code alone is insufficient.","Reach both dedicated sections directly and from profile links; back navigation and workspace switching retain correct scope and no duplicate conflicting balances. || Run EC01, EC02, EC03, EC11, EC05, EC09, EC10 with the same actor/artifact evidence contract.","A006 || A162 || A170 || SUP-17","partial","E06 06:59-07:00; E04 reports settings/checkout but does not establish corrected separation.","not_individually_audited","Latest requested behavior is not satisfied by legacy layout or a mock flow.","not_applicable","E06 || E04","mandatory_correction","2026-09-25"
"COR-007","latest_correction","Persistent shell and smooth navigation","chat","Scoped correction","See mapped baseline and journey personas","not_assigned","not_applicable","See mapped baseline","Keep sidebar/header/workspace mounted during section changes; use section skeletons, preserving scroll and unsaved input.","Individual || Nontechnical || Developer || PM","J02 || J03","SC04","Project contributor within persisted task contract; external mutations follow policy.","EC01 || EC02 || EC03 || EC11 || EC09 || EC10 || EC18","not_verified_in_this_pass","No new application or integration run performed in this documentation pass.","Record implementation revision, environment, actor/role/workspace, inputs, actual execution mode, expected/actual outcome, dated raw result and artifact links; execute listed EC cases. A screenshot or source code alone is insufficient.","Navigate repeatedly among sections while editing/running, including browser back and mobile; full workspace loading occurs only on initial auth or real workspace switch; reduced motion works. || Run EC01, EC02, EC03, EC11, EC09, EC10, EC18 with the same actor/artifact evidence contract.","FND-001 || FND-003 || BSC-001 || BSC-021","partial","E06 07:00-07:01 reports disruptive loading; no corrected interaction evidence. E10 latest user/parent progress reports rootpersistent, DirectBuilder, BotPortal, BYOKPanel, MemoryPanel and organisation-intent sign-in implemented, currently under verification; row-level acceptance and run evidence are not yet supplied.","not_individually_audited","Latest requested behavior is not satisfied by legacy layout or a mock flow.","not_applicable","E06 || E10","mandatory_correction","2026-09-25"
"COR-008","latest_correction","Continuous split-pane project workspace","chat","Scoped correction","See mapped baseline and journey personas","not_assigned","not_applicable","See mapped baseline","Submitting a requirement opens one continuous chat with a live context-dependent right panel for requirements, output, code, preview or tests.","Individual || Nontechnical || Developer || PM","J02 || J03","SC04","Project contributor within persisted task contract; external mutations follow policy.","EC01 || EC02 || EC03 || EC11 || EC09 || EC10 || EC18","not_verified_in_this_pass","No new application or integration run performed in this documentation pass.","Record implementation revision, environment, actor/role/workspace, inputs, actual execution mode, expected/actual outcome, dated raw result and artifact links; execute listed EC cases. A screenshot or source code alone is insufficient.","Submit then ask/revise/approve/inspect without losing conversation; desktop split panes and mobile pane switch share one project/run/draft; reload restores context. || Run EC01, EC02, EC03, EC11, EC09, EC10, EC18 with the same actor/artifact evidence contract.","A061 || A062 || A063 || INT-001","partial","E06 07:01-07:05; E08 shows existing split structure only, not the requested autonomous flow. E10 latest user/parent progress reports rootpersistent, DirectBuilder, BotPortal, BYOKPanel, MemoryPanel and organisation-intent sign-in implemented, currently under verification; row-level acceptance and run evidence are not yet supplied.","not_individually_audited","Latest requested behavior is not satisfied by legacy layout or a mock flow.","not_applicable","E06 || E10","mandatory_correction","2026-09-25"
"COR-009","latest_correction","App-specific conversational questions","chat","Scoped correction","See mapped baseline and journey personas","not_assigned","not_applicable","See mapped baseline","Bots ask only necessary questions about the requested application within chat; no static generic questionnaire or Clarification heading.","Individual || Nontechnical || Developer || PM","J02 || J03","SC04","Project contributor within persisted task contract; external mutations follow policy.","EC01 || EC02 || EC03 || EC11 || EC09 || EC10 || EC18","not_verified_in_this_pass","No new application or integration run performed in this documentation pass.","Record implementation revision, environment, actor/role/workspace, inputs, actual execution mode, expected/actual outcome, dated raw result and artifact links; execute listed EC cases. A screenshot or source code alone is insufficient.","Compare a snake-game request and a support-system request; questions differ by unresolved need, already answered details are reused, and complete requests proceed with visible defaults. || Run EC01, EC02, EC03, EC11, EC09, EC10, EC18 with the same actor/artifact evidence contract.","A050 || PLN-003 || INT-001","partial","E06 07:02-07:05 explicitly rejects current static form. E10 latest user/parent progress reports rootpersistent, DirectBuilder, BotPortal, BYOKPanel, MemoryPanel and organisation-intent sign-in implemented, currently under verification; row-level acceptance and run evidence are not yet supplied.","not_individually_audited","Latest requested behavior is not satisfied by legacy layout or a mock flow.","not_applicable","E06 || E10","mandatory_correction","2026-09-25"
"COR-010","latest_correction","Direct Build route independent of full delivery","chat","Scoped correction","See mapped baseline and journey personas","not_assigned","not_applicable","See mapped baseline","Direct Build takes requirements to coordinated implementation/testing in chat; PRD and TRD screens are optional and belong to Full Delivery when role approvals are needed.","Individual || Nontechnical || Developer || PM","J02 || J03","SC04","Project contributor within persisted task contract; external mutations follow policy.","EC01 || EC02 || EC03 || EC11 || EC09 || EC10 || EC18","not_verified_in_this_pass","No new application or integration run performed in this documentation pass.","Record implementation revision, environment, actor/role/workspace, inputs, actual execution mode, expected/actual outcome, dated raw result and artifact links; execute listed EC cases. A screenshot or source code alone is insufficient.","From prompt and repo entry reach actual work without PRD/TRD gates; user can opt into Full Delivery with context intact; company policy/permissions still apply. || Run EC01, EC02, EC03, EC11, EC09, EC10, EC18 with the same actor/artifact evidence contract.","A049 || A051 || PLN-004 || PLN-006 || SUP-12","partial","E06 07:02-07:05 overrides mandatory document/form workflow; E04 direct editor route alone is insufficient. E10 latest user/parent progress reports rootpersistent, DirectBuilder, BotPortal, BYOKPanel, MemoryPanel and organisation-intent sign-in implemented, currently under verification; row-level acceptance and run evidence are not yet supplied.","not_individually_audited","Latest requested behavior is not satisfied by legacy layout or a mock flow.","not_applicable","E06 || E04 || E10","mandatory_correction","2026-09-25"
"COR-011","latest_correction","Real delegation and evidence in conversation","bot","Scoped correction","See mapped baseline and journey personas","not_assigned","not_applicable","See mapped baseline","Coordinator delegates scoped specialist work and surfaces real decisions, handoffs, UI/backend test results, failures and revisions in chat/work panel.","Individual || Developer || Admin","J08 || J03","SC13 || SC14 || SC04","Definition editor configures; run actor and every child stay within parent grant; human gates enforced.","EC01 || EC02 || EC03 || EC11 || EC09 || EC10 || EC16","not_verified_in_this_pass","No new application or integration run performed in this documentation pass.","Record implementation revision, environment, actor/role/workspace, inputs, actual execution mode, expected/actual outcome, dated raw result and artifact links; execute listed EC cases. A screenshot or source code alone is insufficient.","Link progress to persisted run/tool events and exact output/test evidence; cancel/retry/recover correctly; visibly labelled Lyzr fixtures never appear as real execution. || Run EC01, EC02, EC03, EC11, EC09, EC10, EC16 with the same actor/artifact evidence contract.","A064 || A065 || AGT-005 || TST-001 || TST-002 || TST-003 || SUP-11","partial","E06 07:05; E04 says orchestration is simulated and editor checks do not run imported code.","not_individually_audited","Latest requested behavior is not satisfied by legacy layout or a mock flow.","not_applicable","E06 || E04","mandatory_correction","2026-09-25"
"COR-012","latest_correction","Bot organizations and individual chat portals","bot","Scoped correction","See mapped baseline and journey personas","not_assigned","not_applicable","See mapped baseline","Organize configurable Bots into scoped teams/organizations with stable individual chat portals and shared project references; groups never create a new authorization boundary by accident.","Individual || Developer || Admin","J08 || J03","SC13 || SC14 || SC04","Definition editor configures; run actor and every child stay within parent grant; human gates enforced.","EC01 || EC02 || EC03 || EC11 || EC09 || EC10 || EC16","not_verified_in_this_pass","No new application or integration run performed in this documentation pass.","Record implementation revision, environment, actor/role/workspace, inputs, actual execution mode, expected/actual outcome, dated raw result and artifact links; execute listed EC cases. A screenshot or source code alone is insufficient.","Create/configure team and Bot, open its private portal, chat using granted tools, return to project; revoked membership and guessed portal URLs fail; generated-app agents remain separate. || Run EC01, EC02, EC03, EC11, EC09, EC10, EC16 with the same actor/artifact evidence contract.","AGT-001 || AGT-004 || CMP-011 || SUP-11 || SUP-14","partial","E06 07:05-07:06 preserves Bot organizations/portals; E04 reports private /bots/<id> pages, not complete organization/chat functionality. E10 latest user/parent progress reports rootpersistent, DirectBuilder, BotPortal, BYOKPanel, MemoryPanel and organisation-intent sign-in implemented, currently under verification; row-level acceptance and run evidence are not yet supplied.","not_individually_audited","Latest requested behavior is not satisfied by legacy layout or a mock flow.","not_applicable","E06 || E04 || E10","mandatory_correction","2026-09-25"
"COR-013","latest_correction","Approved shared Bot memory","knowledge","Scoped correction","See mapped baseline and journey personas","not_assigned","not_applicable","See mapped baseline","Bots share permitted approved decisions/constraints and evidence with provenance, supersession, retention and workspace isolation.","Developer || PM || Admin","J08 || J04","SC14","Approved memory editor manages decisions; consumers read only authorized current versions.","EC01 || EC02 || EC03 || EC11 || EC15 || EC16","not_verified_in_this_pass","No new application or integration run performed in this documentation pass.","Record implementation revision, environment, actor/role/workspace, inputs, actual execution mode, expected/actual outcome, dated raw result and artifact links; execute listed EC cases. A screenshot or source code alone is insufficient.","Use an approved decision in two Bots, supersede it and verify both use the new version; deny cross-workspace/stale context, support correction/removal and never store secrets as memory. || Run EC01, EC02, EC03, EC11, EC15, EC16 with the same actor/artifact evidence contract.","A078 || PLN-007 || CMP-012 || SUP-03","partial","E06 07:05 and SUP-03; no complete shared-memory run evidence. E10 latest user/parent progress reports rootpersistent, DirectBuilder, BotPortal, BYOKPanel, MemoryPanel and organisation-intent sign-in implemented, currently under verification; row-level acceptance and run evidence are not yet supplied.","not_individually_audited","Latest requested behavior is not satisfied by legacy layout or a mock flow.","not_applicable","E06 || E10","mandatory_correction","2026-09-25"
"COR-014","latest_correction","Reference-grounded coherent UX","design","Scoped correction","See mapped baseline and journey personas","not_assigned","not_applicable","See mapped baseline","Use saved reference flows/screenshots plus latest corrections to design premium, consistent Kova journeys across roles and viewports.","Nontechnical || Developer || PM || QA || Client","J12 || J02","SC07 || SC04","Project contributor edits; designated design/PM approver approves; Client only assigned reviews.","EC01 || EC02 || EC03 || EC11 || EC04 || EC14","not_verified_in_this_pass","No new application or integration run performed in this documentation pass.","Record implementation revision, environment, actor/role/workspace, inputs, actual execution mode, expected/actual outcome, dated raw result and artifact links; execute listed EC cases. A screenshot or source code alone is insufficient.","Review target screenshots against reference composition and accepted changes, then exercise entire signup/prompt/import/provider/approval/release journeys; no clipped text, lost state or false status. || Run EC01, EC02, EC03, EC11, EC04, EC14 with the same actor/artifact evidence contract.","DES-003 || DES-005 || SUP-16 || BSC-019","partial","E06 07:05-07:06; E07/E08 visually inspected in this planning pass only.","not_individually_audited","Latest requested behavior is not satisfied by legacy layout or a mock flow.","not_applicable","E06","mandatory_correction","2026-09-25"
